source,target,weight,meaning
video::06mFNPU0aB8,author::UC2ngpd8UBQu4gcUYy0goAtg,1,comentarios del autor en el video
video::06mFNPU0aB8,author::UCAxvOOHQk7dYPOajzFEVtbA,2,comentarios del autor en el video
video::06mFNPU0aB8,author::UCIXLDYqR_syskKRJy_x9W9Q,1,comentarios del autor en el video
video::06mFNPU0aB8,author::UCLXYp1Cvc5DLtq5UQL5D9vw,1,comentarios del autor en el video
video::06mFNPU0aB8,author::UCO0zwwLWGyDgQmWPJ5Qrr1w,1,comentarios del autor en el video
video::06mFNPU0aB8,author::UCXN2s7DwTJm33xO-pNkAdaA,1,comentarios del autor en el video
video::06mFNPU0aB8,author::UC_3xuTXvMIWU5MYP9HkJ3vQ,1,comentarios del autor en el video
video::06mFNPU0aB8,author::UCfXykdbSU97rj987LDUGfvg,1,comentarios del autor en el video
video::06mFNPU0aB8,author::UCfjhejO7LZy4doXURa7LZCQ,1,comentarios del autor en el video
video::06mFNPU0aB8,author::UCjZgFEowMBrsjodqfovzdKw,1,comentarios del autor en el video
video::06mFNPU0aB8,author::UCq3mDTTRZnUybct5M9OSXbg,1,comentarios del autor en el video
video::06mFNPU0aB8,author::UCvl1tzQeBeGy6efPTRJXSCw,1,comentarios del autor en el video
video::06mFNPU0aB8,author::UCwCfs-2zbD5k0lG-UVg_JBw,1,comentarios del autor en el video
video::3Nfp9h5avBI,author::UCJxJC56BSAX-ArD0NAb9qnQ,1,comentarios del autor en el video
video::3Nfp9h5avBI,author::UCyor0Mmm0ivLX2jIdyGp84Q,1,comentarios del autor en el video
video::6W4u8sGEnGM,author::UC-HeUTT6_g-VoiWds2a4H-w,1,comentarios del autor en el video
video::6W4u8sGEnGM,author::UC-Iul5tDYH_oiAMXQH-KaaQ,1,comentarios del autor en el video
video::6W4u8sGEnGM,author::UC0HvfEWozTHbwl_iEmJNvVA,1,comentarios del autor en el video
video::6W4u8sGEnGM,author::UC14qlobYKqD-DO0j6b75lcA,1,comentarios del autor en el video
video::6W4u8sGEnGM,author::UC1NiEdJ7gk6FlDexIalWnGg,1,comentarios del autor en el video
video::6W4u8sGEnGM,author::UC3YpzAr7pcdKC7BVFEpYzog,1,comentarios del autor en el video
video::6W4u8sGEnGM,author::UC63tFvbQ_hJhGDi2nbjssjw,1,comentarios del autor en el video
video::6W4u8sGEnGM,author::UCEHXl4VvvVpq-_4xC5tsbhg,1,comentarios del autor en el video
video::6W4u8sGEnGM,author::UCFybmWapGvBKcQod7cPPH9w,1,comentarios del autor en el video
video::6W4u8sGEnGM,author::UCRfkkatKrNtAARnXMMYBGlA,1,comentarios del autor en el video
video::6W4u8sGEnGM,author::UCV3fr-YOixFKCZBbJP1-X4w,5,comentarios del autor en el video
video::6W4u8sGEnGM,author::UCWaRixDdpgllTBf4V0jPnKQ,2,comentarios del autor en el video
video::6W4u8sGEnGM,author::UCWvntqPQx99k_Z_skWKqNSA,1,comentarios del autor en el video
video::6W4u8sGEnGM,author::UCZFQwqh90apuL8eFhvRBkUg,1,comentarios del autor en el video
video::6W4u8sGEnGM,author::UCa36MjQLoPAmgJo-R3G8WQA,1,comentarios del autor en el video
video::6W4u8sGEnGM,author::UCaT4saRcyqCLE657Rq2hhZQ,1,comentarios del autor en el video
video::6W4u8sGEnGM,author::UCeQk-WfEA-cJRq4EKeE7TOw,1,comentarios del autor en el video
video::6W4u8sGEnGM,author::UCfo_yUPzy1f1POwwZxhZ06Q,1,comentarios del autor en el video
video::6W4u8sGEnGM,author::UCgGqw4aqMdMVSGkKiMgrJRQ,1,comentarios del autor en el video
video::6W4u8sGEnGM,author::UCheEJ5GZuIvV0fj-nXyVwXw,1,comentarios del autor en el video
video::6W4u8sGEnGM,author::UChyps3dqY-VY1_wLeq-2lhw,1,comentarios del autor en el video
video::6W4u8sGEnGM,author::UCiOZX__1gahg1ypIj0_XG_w,1,comentarios del autor en el video
video::6W4u8sGEnGM,author::UCjZgFEowMBrsjodqfovzdKw,1,comentarios del autor en el video
video::6W4u8sGEnGM,author::UCoGdCoJg2Lh0OX_jv6cG16g,2,comentarios del autor en el video
video::6W4u8sGEnGM,author::UCp29O_C7cchZV8IxV7Crdag,2,comentarios del autor en el video
video::6W4u8sGEnGM,author::UCql1n3Ey6ULMSOACjMe-fxQ,1,comentarios del autor en el video
video::6W4u8sGEnGM,author::UCtCtts20bW6F9CSohau51Iw,2,comentarios del autor en el video
video::6W4u8sGEnGM,author::UCtsxPYw8VUsH_FfnKg-0lmw,1,comentarios del autor en el video
video::6W4u8sGEnGM,author::UCvDwJBBY1mHK70aTEYl6rsA,1,comentarios del autor en el video
video::6W4u8sGEnGM,author::UCwxoKK59nGCeBqB2sXfDBIw,1,comentarios del autor en el video
video::6W4u8sGEnGM,author::UCyJhqmMbsvjpoarBBStA2kg,6,comentarios del autor en el video
video::6W4u8sGEnGM,author::UCzZ6dDCEsLMXbc5pCFXIprw,1,comentarios del autor en el video
video::JkpVO1hx2f8,author::UCHGd14aYuZZShLD73dkk6mg,1,comentarios del autor en el video
video::JkpVO1hx2f8,author::UCQIdKuZ-OzuFqy0KjGrgesg,1,comentarios del autor en el video
video::JkpVO1hx2f8,author::UCWWkebAekppaL5b5CNlppuw,1,comentarios del autor en el video
video::OkXlHx0hx-8,author::UC-QOpE7GOxlXcHZ8b7HbQKA,2,comentarios del autor en el video
video::OkXlHx0hx-8,author::UC1WlJfQmaIskYhP4gmWoamw,1,comentarios del autor en el video
video::OkXlHx0hx-8,author::UCBlm80VQ4YoV3bUJR_XhkaQ,2,comentarios del autor en el video
video::OkXlHx0hx-8,author::UCGZMgmM92E3njyXNe9-kjAQ,1,comentarios del autor en el video
video::OkXlHx0hx-8,author::UCIgoiXdIKJyUGmUoH2Lxdzg,1,comentarios del autor en el video
video::OkXlHx0hx-8,author::UCOLHH4ZpMxPYF-Q6e6wvn5A,1,comentarios del autor en el video
video::OkXlHx0hx-8,author::UCPNXmbOBVeC4HS-xemvcPtQ,1,comentarios del autor en el video
video::OkXlHx0hx-8,author::UCQMMuADgqWUOcJpLwHOzC-g,1,comentarios del autor en el video
video::OkXlHx0hx-8,author::UCVdjCrh4tQoX3haNAZv-n5A,1,comentarios del autor en el video
video::OkXlHx0hx-8,author::UCZjm6U576nX8WOiLhmMR3bw,1,comentarios del autor en el video
video::OkXlHx0hx-8,author::UCat2qkYvqmtDNEmo2PVuhXw,1,comentarios del autor en el video
video::OkXlHx0hx-8,author::UCbNanjFI51cwGqMAb2rOrBw,1,comentarios del autor en el video
video::OkXlHx0hx-8,author::UCi2KiZq63sRq8Mfbcp-MelQ,6,comentarios del autor en el video
video::OkXlHx0hx-8,author::UCozFYHN0e_-vlQbX3wQGOug,1,comentarios del autor en el video
video::OkXlHx0hx-8,author::UCp_dAUfv8i3LW3zWc24dLaQ,1,comentarios del autor en el video
video::OkXlHx0hx-8,author::UCrqXyRsg-_hTosURZ-uvoKg,1,comentarios del autor en el video
video::OkXlHx0hx-8,author::UCtiHFjFu7d5v2XxHnKFUYig,1,comentarios del autor en el video
video::OkXlHx0hx-8,author::UCxhtlxPV8AYWaNNyU6S9H8Q,1,comentarios del autor en el video
video::PjmxCj-a9Hg,author::UC1Y7x3h0c95Z8kUhi-Tzaeg,1,comentarios del autor en el video
video::PjmxCj-a9Hg,author::UC7IMsCxfZyWN7YQo8-JYa6Q,2,comentarios del autor en el video
video::PjmxCj-a9Hg,author::UC8xlJWNHz1V_W6q3fbuQH8g,1,comentarios del autor en el video
video::PjmxCj-a9Hg,author::UCAV7QIjYhbDJaycQycM_0eQ,1,comentarios del autor en el video
video::PjmxCj-a9Hg,author::UCGX_UbAQOXGZknv5iqklwTA,1,comentarios del autor en el video
video::PjmxCj-a9Hg,author::UCHTGCgY2l-DQJIvlA_cpa_Q,1,comentarios del autor en el video
video::PjmxCj-a9Hg,author::UCN2N_wYOw6fMwCeSzdXLPIw,1,comentarios del autor en el video
video::PjmxCj-a9Hg,author::UCNIeXbV_mEwpa412h1aqUWw,3,comentarios del autor en el video
video::PjmxCj-a9Hg,author::UCPZueDLrCS4BmTBRMA4q0fA,1,comentarios del autor en el video
video::PjmxCj-a9Hg,author::UCVQf0tzL7xRzFJsABVVULpg,1,comentarios del autor en el video
video::PjmxCj-a9Hg,author::UCbYoNG5J3Au5BqtbXogfEFw,1,comentarios del autor en el video
video::PjmxCj-a9Hg,author::UCf5lnNZF7Qrtli9v4N_23WQ,1,comentarios del autor en el video
video::PjmxCj-a9Hg,author::UCg3eIfd7BrsLEqS0BLkftHA,3,comentarios del autor en el video
video::PjmxCj-a9Hg,author::UCgQJgI9vu1FI2dnC9mrFthw,1,comentarios del autor en el video
video::PjmxCj-a9Hg,author::UClsrFGJKWPxxw7MiaEdKLXw,1,comentarios del autor en el video
video::PjmxCj-a9Hg,author::UCtNyHmRZtvGF2hSvI2dUBWw,2,comentarios del autor en el video
video::PjmxCj-a9Hg,author::UCuP4UK33HKtJE_S39ksmaTw,1,comentarios del autor en el video
video::PjmxCj-a9Hg,author::UCusjriFsDHEc2AOjqk-p5ig,1,comentarios del autor en el video
video::PjmxCj-a9Hg,author::UCzZ6dDCEsLMXbc5pCFXIprw,1,comentarios del autor en el video
video::TT4qJ5FXHYE,author::UCKVzDUqbtdSMBcexaEtMmzQ,1,comentarios del autor en el video
video::TT4qJ5FXHYE,author::UCNiMNUJvaRJb0_QLClqwVnA,1,comentarios del autor en el video
video::TT4qJ5FXHYE,author::UCld2stqxaVSk0QdGncM224A,1,comentarios del autor en el video
video::TT4qJ5FXHYE,author::UCtowGNY2lnlg6O2CkwDgkLg,1,comentarios del autor en el video
video::UhL9y3KUl8E,author::UC_NRVt2UP88ZNTwzrZ66JSg,1,comentarios del autor en el video
video::WIUZtitfLRw,author::UCGj2v6Gl5bN8NSrzJMXS-CA,1,comentarios del autor en el video
video::WIUZtitfLRw,author::UCOARn3hnfkB7-_Rwa8Hoqcw,1,comentarios del autor en el video
video::WIUZtitfLRw,author::UCVhif9eV0f8plICen2DnpKA,1,comentarios del autor en el video
video::WIUZtitfLRw,author::UCZIQnb1fkwe39Iw2TAu-bGA,1,comentarios del autor en el video
video::WIUZtitfLRw,author::UCvcu1kR8xMYy_I1Ty-2mV2Q,1,comentarios del autor en el video
video::WIUZtitfLRw,author::UCyW68EGZey4ao_Vf2cR5Ztg,1,comentarios del autor en el video
video::X_FAIef8qlE,author::UCPLW0HE3siElqCgXfgWxMqg,1,comentarios del autor en el video
video::b_Hkrkl3adA,author::UC094EFEmMSdwVa8NQjjYBXg,1,comentarios del autor en el video
video::b_Hkrkl3adA,author::UC3iIU62XKUOWuqL8BqBzj9A,1,comentarios del autor en el video
video::b_Hkrkl3adA,author::UC5PrBbmUlQolwqmiru7yZhw,1,comentarios del autor en el video
video::b_Hkrkl3adA,author::UC9Wp6vL5oCU37qC3Aj94WZA,1,comentarios del autor en el video
video::b_Hkrkl3adA,author::UCGm3gRBEHGRJYmtCryZLtDw,1,comentarios del autor en el video
video::b_Hkrkl3adA,author::UCHu8x4MVkayU6VgwVKd--MQ,1,comentarios del autor en el video
video::b_Hkrkl3adA,author::UCsUCN0Yq_UyTvKjOJLmNrnQ,1,comentarios del autor en el video
video::is3Mk5oC19g,author::UC4kg7zuTfqQKLd2bkZrSYBA,1,comentarios del autor en el video
video::is3Mk5oC19g,author::UCBtB5dIyx-C16UN8ClUD2UA,1,comentarios del autor en el video
video::is3Mk5oC19g,author::UCFFrEmn6lPYiWyElpfzTy5Q,1,comentarios del autor en el video
video::is3Mk5oC19g,author::UCLh1Kde4_vI1sTZBkTNP7RQ,1,comentarios del autor en el video
video::is3Mk5oC19g,author::UCdFlugHJJa4l3YqWuNRmvXw,1,comentarios del autor en el video
video::is3Mk5oC19g,author::UCfRqgt2O-vjzUDMZY_tnxQw,1,comentarios del autor en el video
video::is3Mk5oC19g,author::UCk4O-J1BhoqPmig1KLGJePA,1,comentarios del autor en el video
video::j43HgwYFKfk,author::UC-fiZBS5Gp1eCJd9ucgWnCg,1,comentarios del autor en el video
video::j43HgwYFKfk,author::UC1DpqK6vaPEkBOMNvypsKYg,1,comentarios del autor en el video
video::j43HgwYFKfk,author::UC32oozucwCF3q8d4m8fyOUg,1,comentarios del autor en el video
video::j43HgwYFKfk,author::UC3UVO7pTbeYvZ3ILEyRDskQ,1,comentarios del autor en el video
video::j43HgwYFKfk,author::UC4Avya4kmR4Q0FrfFdBozSQ,1,comentarios del autor en el video
video::j43HgwYFKfk,author::UC5hvEnRUzI4Kfvwnyi4QxqQ,1,comentarios del autor en el video
video::j43HgwYFKfk,author::UC6Uj1FT5JjDSF8vudvDxPAA,1,comentarios del autor en el video
video::j43HgwYFKfk,author::UC7dadZG7kkGYnsNu6td0FbA,1,comentarios del autor en el video
video::j43HgwYFKfk,author::UC816IGbFCZinfYS1LRDaaHg,1,comentarios del autor en el video
video::j43HgwYFKfk,author::UC95PSMouTx2N5CbSq0hIyrQ,1,comentarios del autor en el video
video::j43HgwYFKfk,author::UCAKuKvcbfnBD3kF5njNu-IA,1,comentarios del autor en el video
video::j43HgwYFKfk,author::UCCBYcToQ2dwkd6TJh0FSyDg,1,comentarios del autor en el video
video::j43HgwYFKfk,author::UCDrmf9y9nLgFY5wnA2hTuGA,1,comentarios del autor en el video
video::j43HgwYFKfk,author::UCGGHbtfbbe0o68etrOf0qxw,1,comentarios del autor en el video
video::j43HgwYFKfk,author::UCHbwIx9pmQuf7i-4_xO2EpA,1,comentarios del autor en el video
video::j43HgwYFKfk,author::UCNpt5CQlTzNjlAKY6CJtClQ,1,comentarios del autor en el video
video::j43HgwYFKfk,author::UCOcUI5XkTYNMSFhZNMIPpGg,1,comentarios del autor en el video
video::j43HgwYFKfk,author::UCQqlPPUGqAfWjd-FSh_qn7Q,1,comentarios del autor en el video
video::j43HgwYFKfk,author::UCQyOePccUP-fIJYzchAgZYw,1,comentarios del autor en el video
video::j43HgwYFKfk,author::UCRAquv8el-tQ30bN7MlmySQ,1,comentarios del autor en el video
video::j43HgwYFKfk,author::UCRvPToDkkumha7WJAfCDk1A,1,comentarios del autor en el video
video::j43HgwYFKfk,author::UCUoYsrx1oZnCZ0usbBJn4fA,1,comentarios del autor en el video
video::j43HgwYFKfk,author::UCV0lM03g5fg5pbPj97-sAtA,1,comentarios del autor en el video
video::j43HgwYFKfk,author::UCW-JC6lebVmf2P1dmY_L94g,1,comentarios del autor en el video
video::j43HgwYFKfk,author::UCW80DaMjQlEUibC98Cot-Dg,1,comentarios del autor en el video
video::j43HgwYFKfk,author::UCWoAVGVqCn4xtINCMOTM4jg,1,comentarios del autor en el video
video::j43HgwYFKfk,author::UCZeIIQrGAedW8tCbKWmGY-A,1,comentarios del autor en el video
video::j43HgwYFKfk,author::UC_LYoGs5C3mbZKZuKuqYCvw,1,comentarios del autor en el video
video::j43HgwYFKfk,author::UCaKAjTW9MVub_clgr4DRYjQ,1,comentarios del autor en el video
video::j43HgwYFKfk,author::UCdFlugHJJa4l3YqWuNRmvXw,1,comentarios del autor en el video
video::j43HgwYFKfk,author::UCe8JZoYkX5oKUZyivHYdXhw,1,comentarios del autor en el video
video::j43HgwYFKfk,author::UCeDNEtI8_a42bZ47wJiJMwQ,1,comentarios del autor en el video
video::j43HgwYFKfk,author::UCgJNFj5dnxXpcMvmuhZDPxA,1,comentarios del autor en el video
video::j43HgwYFKfk,author::UCgQw_Sbq3ugruDUKsq1e0-A,1,comentarios del autor en el video
video::j43HgwYFKfk,author::UCiC-Jn7wdgyQV4_Urk0DkWQ,1,comentarios del autor en el video
video::j43HgwYFKfk,author::UCkVtmkK07b2zaVVNssX4lOg,1,comentarios del autor en el video
video::j43HgwYFKfk,author::UCkbsS_3D-pvg1iHOld9uvIg,1,comentarios del autor en el video
video::j43HgwYFKfk,author::UClhMWQ7XKWywYvbRnuf8QsA,1,comentarios del autor en el video
video::j43HgwYFKfk,author::UClqA491Xa5fQcXcJJa-vTWw,1,comentarios del autor en el video
video::j43HgwYFKfk,author::UColMq7LmaoY3MT6aIDGrGvA,1,comentarios del autor en el video
video::j43HgwYFKfk,author::UCpe5jW3MIqkgTJ-PgkzvM6Q,1,comentarios del autor en el video
video::j43HgwYFKfk,author::UCpsKOkt5iWTbenzeuq7dsmQ,1,comentarios del autor en el video
video::j43HgwYFKfk,author::UCqCrvuoJpC-aVb0f4logQRQ,1,comentarios del autor en el video
video::j43HgwYFKfk,author::UCsGoJEvb-cFPZ2rWoJcXzEQ,1,comentarios del autor en el video
video::j43HgwYFKfk,author::UCu8_3-Wg-YzNyvHYQDEscfw,1,comentarios del autor en el video
video::j43HgwYFKfk,author::UCuXmOjxC-htcprLgeVXz6Tg,1,comentarios del autor en el video
video::j43HgwYFKfk,author::UCwgCc9Jd_gG-uLE_SY-FfPg,1,comentarios del autor en el video
video::j43HgwYFKfk,author::UCwjUvRseNtJoItylIyIez7Q,1,comentarios del autor en el video
video::j43HgwYFKfk,author::UCylqlpsh8ENNM1LqgQ1KbxA,2,comentarios del autor en el video
video::lj983NWyAQY,author::UC0RpuMwkDKJYqgKHtsJRuWQ,1,comentarios del autor en el video
video::lj983NWyAQY,author::UC0aEyakBPqcBkVJiErfSupQ,1,comentarios del autor en el video
video::lj983NWyAQY,author::UC5PyGvSfFM--OVKmQ3COu6g,1,comentarios del autor en el video
video::lj983NWyAQY,author::UC5fvhAfm89JH8eDFdvc0xYw,1,comentarios del autor en el video
video::lj983NWyAQY,author::UCFOxCyF926Y9eHhMeVoWLzw,1,comentarios del autor en el video
video::lj983NWyAQY,author::UCGqKxQS-z3NZzZF-2w338AA,1,comentarios del autor en el video
video::lj983NWyAQY,author::UCHMQ_lDhibZ-XZ_3fo6oxwg,1,comentarios del autor en el video
video::lj983NWyAQY,author::UCIUhbSCy3-SGRe5UtqM4fzQ,1,comentarios del autor en el video
video::lj983NWyAQY,author::UCIp19h9igblA2YKfSLPDAug,1,comentarios del autor en el video
video::lj983NWyAQY,author::UCRcSR3Lvn9DZAmJpVPANfZQ,1,comentarios del autor en el video
video::lj983NWyAQY,author::UCRznz9-N3Qc1w-qNdLSIY2Q,1,comentarios del autor en el video
video::lj983NWyAQY,author::UCSTAUWVc1_82DHYeqOsqEFA,1,comentarios del autor en el video
video::lj983NWyAQY,author::UCXmrpc6Li0spcKxtS0Q_ptg,1,comentarios del autor en el video
video::lj983NWyAQY,author::UCY7Hq7F9Lnucf-Yr6JkHZNw,1,comentarios del autor en el video
video::lj983NWyAQY,author::UC_ljZ1hZXR9pzexFz87P5ZA,1,comentarios del autor en el video
video::lj983NWyAQY,author::UCaT6M2zp7X6r6Whd8Vv3kHQ,1,comentarios del autor en el video
video::lj983NWyAQY,author::UCgLrWFdYitoP-b7-PxtUr-w,1,comentarios del autor en el video
video::lj983NWyAQY,author::UCgLurCo-e019HGODcjXHWCw,1,comentarios del autor en el video
video::lj983NWyAQY,author::UCi-vPdnpQreC7BkFs40mJGA,1,comentarios del autor en el video
video::lj983NWyAQY,author::UCqilIa8r7iek5sGYg_q6ofA,1,comentarios del autor en el video
video::lj983NWyAQY,author::UCs_5qeqdku9tGAq22y3OcuQ,1,comentarios del autor en el video
video::lj983NWyAQY,author::UCtMBF_1O2jY2INlb_luuB_A,1,comentarios del autor en el video
video::lj983NWyAQY,author::UCwUAv3_LpWVtTIi7lkmTL7A,1,comentarios del autor en el video
video::lj983NWyAQY,author::UCxKR3RA8T-kxMgq_2WWhRcQ,1,comentarios del autor en el video
video::lj983NWyAQY,author::UCyzf29IYjNw67gGIfsjgtxA,1,comentarios del autor en el video
video::n8iP75gIpmw,author::UC-hfX8J5JPJ-dfuakzegMLA,1,comentarios del autor en el video
video::n8iP75gIpmw,author::UC-jS_kA9w-OmpupXDx156Rg,1,comentarios del autor en el video
video::n8iP75gIpmw,author::UC-pNP6RMFuLg_-x7Ah_0kEA,1,comentarios del autor en el video
video::n8iP75gIpmw,author::UC1vr9aaMI2crB0NvwFHUeoQ,1,comentarios del autor en el video
video::n8iP75gIpmw,author::UC2Y_EHWQKevubk4vOEBBFxw,1,comentarios del autor en el video
video::n8iP75gIpmw,author::UC2weSE8rpqkGMOp6StYtVfg,1,comentarios del autor en el video
video::n8iP75gIpmw,author::UC3E9mAgP7VoAE5mZoAexl5g,1,comentarios del autor en el video
video::n8iP75gIpmw,author::UC3MYTqpQqlWBuCB7Th0e0PA,1,comentarios del autor en el video
video::n8iP75gIpmw,author::UC3NMzdMYryaw82kPTnsaljg,1,comentarios del autor en el video
video::n8iP75gIpmw,author::UC3XTwHxygNCgjndsg-UiCQA,3,comentarios del autor en el video
video::n8iP75gIpmw,author::UC3qn1yJA5PeW9rkGPatQxiw,1,comentarios del autor en el video
video::n8iP75gIpmw,author::UC4cXueR2bKGFJV0Fk76gwmA,1,comentarios del autor en el video
video::n8iP75gIpmw,author::UC4wq3DcbfaG6dtCqn8Oyu3w,1,comentarios del autor en el video
video::n8iP75gIpmw,author::UC5H8ASmMC9WrURmzeB4ySog,5,comentarios del autor en el video
video::n8iP75gIpmw,author::UC5bG9nc_JV3FsNP2KseQiYw,1,comentarios del autor en el video
video::n8iP75gIpmw,author::UC650pRT-OYzny3GwOH8Cgfw,1,comentarios del autor en el video
video::n8iP75gIpmw,author::UC6PvO1_k5lHKGdAPo5_C6TA,1,comentarios del autor en el video
video::n8iP75gIpmw,author::UC6YSZqL0vEcI-niPKIMUGfw,1,comentarios del autor en el video
video::n8iP75gIpmw,author::UC72gBAtyb_VXQlYDcFrh6oQ,3,comentarios del autor en el video
video::n8iP75gIpmw,author::UC7VUuJr9cGh845CmTvf7TlQ,1,comentarios del autor en el video
video::n8iP75gIpmw,author::UC8F2V63KZ4ZEay6opX2hAQw,1,comentarios del autor en el video
video::n8iP75gIpmw,author::UC8G5cJONY8L9voMyBW8Eoug,1,comentarios del autor en el video
video::n8iP75gIpmw,author::UC8r11yOugM2NuRfitQOxLLg,1,comentarios del autor en el video
video::n8iP75gIpmw,author::UC9vMq1YF-e7C-VO0SHkbUTA,4,comentarios del autor en el video
video::n8iP75gIpmw,author::UC9xr9QvIcDvoZNUX5f-jaZw,1,comentarios del autor en el video
video::n8iP75gIpmw,author::UCA93ym2TXs_Ibyxb4Vcn-6Q,1,comentarios del autor en el video
video::n8iP75gIpmw,author::UCAlzM_N6xBlMYmM8EBzX86Q,1,comentarios del autor en el video
video::n8iP75gIpmw,author::UCAmtbUiIrUIhikru0ZoTFig,1,comentarios del autor en el video
video::n8iP75gIpmw,author::UCB5p8a5gklc80jJItP6xTHg,1,comentarios del autor en el video
video::n8iP75gIpmw,author::UCCaYwkkbQGcvFoUmothVdQQ,1,comentarios del autor en el video
video::n8iP75gIpmw,author::UCDIMztpVm7G27qBuiWuT6oQ,1,comentarios del autor en el video
video::n8iP75gIpmw,author::UCDPWkUX3sNNaCx-m1dV4glA,1,comentarios del autor en el video
video::n8iP75gIpmw,author::UCDQaQv0hr2SS_PO-CMEwVHg,1,comentarios del autor en el video
video::n8iP75gIpmw,author::UCDUffaruH6dyUnUGwsTKpgg,1,comentarios del autor en el video
video::n8iP75gIpmw,author::UCDftMWXQoJ6nONfY7GVOVjg,1,comentarios del autor en el video
video::n8iP75gIpmw,author::UCDlr1VadSucIZgZ171pRBjQ,1,comentarios del autor en el video
video::n8iP75gIpmw,author::UCEgEQmRbtL5fwr9_DqAC--g,1,comentarios del autor en el video
video::n8iP75gIpmw,author::UCErZPJpHmLCsXs8ZWkAUupQ,1,comentarios del autor en el video
video::n8iP75gIpmw,author::UCFUuDARXdmmIrLppEqf-rFg,1,comentarios del autor en el video
video::n8iP75gIpmw,author::UCFhxtoeARHPnXXPcDrOU3Xg,1,comentarios del autor en el video
video::n8iP75gIpmw,author::UCFjudnPLoaSL1BaRuLahyHg,3,comentarios del autor en el video
video::n8iP75gIpmw,author::UCFoIAE8k82D6AV-8gjjKaNg,1,comentarios del autor en el video
video::n8iP75gIpmw,author::UCFxE8GbokBrBsPEKM1xrOjQ,1,comentarios del autor en el video
video::n8iP75gIpmw,author::UCGzXwyCzMzGmjmCbH3Hg01Q,1,comentarios del autor en el video
video::n8iP75gIpmw,author::UCHTGCgY2l-DQJIvlA_cpa_Q,2,comentarios del autor en el video
video::n8iP75gIpmw,author::UCHhHUjaMAZ8SiXdCUCj9DkQ,2,comentarios del autor en el video
video::n8iP75gIpmw,author::UCKDR0f2fu2UzWL8mBv5-BHw,1,comentarios del autor en el video
video::n8iP75gIpmw,author::UCL13XhnRzbGokEkCkEOb0-g,2,comentarios del autor en el video
video::n8iP75gIpmw,author::UCL1MT278vSaQ83ZDkVWn1gw,1,comentarios del autor en el video
video::n8iP75gIpmw,author::UCLFdHr9BEbXHkoJopbEPLZw,2,comentarios del autor en el video
video::n8iP75gIpmw,author::UCLggDc_a5HriXv7I1h02sOA,2,comentarios del autor en el video
video::n8iP75gIpmw,author::UCN6qbfPSzFtjhqUDZ3Cv3CQ,1,comentarios del autor en el video
video::n8iP75gIpmw,author::UCNBnKqWf4d-rS4HwJRQljmQ,2,comentarios del autor en el video
video::n8iP75gIpmw,author::UCNkcuy42zEwddwEcOd_HpnA,1,comentarios del autor en el video
video::n8iP75gIpmw,author::UCOLGv5Pf6BF2wFcwUzgcvHg,2,comentarios del autor en el video
video::n8iP75gIpmw,author::UCOS8ViEkccrTZx2w2ccxotA,1,comentarios del autor en el video
video::n8iP75gIpmw,author::UCOh6DaZC_x9HASnlRylEMfw,1,comentarios del autor en el video
video::n8iP75gIpmw,author::UCQ_-LPP8JAbfkc-b1Q6NvWw,2,comentarios del autor en el video
video::n8iP75gIpmw,author::UCQgYjVngJRfPHDLGB5X6ZjA,1,comentarios del autor en el video
video::n8iP75gIpmw,author::UCQqetiwzzmRNTM5OWuXarGQ,1,comentarios del autor en el video
video::n8iP75gIpmw,author::UCQtICyzWmhC5woCtbNgaSmg,2,comentarios del autor en el video
video::n8iP75gIpmw,author::UCQtSFINs1h6GHkpg9o5kMvg,1,comentarios del autor en el video
video::n8iP75gIpmw,author::UCRETAiYdh2dL5ZxB0_N1zDA,1,comentarios del autor en el video
video::n8iP75gIpmw,author::UCRelkU8JiZBytTzebJxaa-w,1,comentarios del autor en el video
video::n8iP75gIpmw,author::UCRlCV9zSn7avAWh-9_XFWqQ,1,comentarios del autor en el video
video::n8iP75gIpmw,author::UCSou6a2OuYGSvPjm5psquyA,1,comentarios del autor en el video
video::n8iP75gIpmw,author::UCTD6q1nyIe3Y7HhqjaMj72w,1,comentarios del autor en el video
video::n8iP75gIpmw,author::UCTP3O0rMnc8z8v8jaDQwL0w,1,comentarios del autor en el video
video::n8iP75gIpmw,author::UCThW2XNsAaBKme5PUt7n-Zg,1,comentarios del autor en el video
video::n8iP75gIpmw,author::UCTwSut16JyAg3mX6LVUNGqA,1,comentarios del autor en el video
video::n8iP75gIpmw,author::UCTylKrsqkrBKIqubMu_5N0Q,1,comentarios del autor en el video
video::n8iP75gIpmw,author::UCUIIIPTVDVHAXqhC_5V6lPA,1,comentarios del autor en el video
video::n8iP75gIpmw,author::UCV0iizTBoOfdAFX_thfI9BA,1,comentarios del autor en el video
video::n8iP75gIpmw,author::UCWIZUtKJ636y-4TYrNvok0g,1,comentarios del autor en el video
video::n8iP75gIpmw,author::UCXSkL3ejZ8qWYyF_M7s_QKA,1,comentarios del autor en el video
video::n8iP75gIpmw,author::UCXXh7yg5KUFIWylTiKVEFKQ,2,comentarios del autor en el video
video::n8iP75gIpmw,author::UCXgr7vXlRrsaskPdo097kGA,1,comentarios del autor en el video
video::n8iP75gIpmw,author::UCXr8_5WtGeipe4haOoQDgyQ,1,comentarios del autor en el video
video::n8iP75gIpmw,author::UCYN4wSQ1Sx4_LurxLlW7MPg,1,comentarios del autor en el video
video::n8iP75gIpmw,author::UCYwpX26TrCxq8TvbKGRYLXA,1,comentarios del autor en el video
video::n8iP75gIpmw,author::UCZ51R_9Q9C0c8I3pAWhtmjQ,1,comentarios del autor en el video
video::n8iP75gIpmw,author::UCZLG9qH0tUjNhEGFIUt0CYw,1,comentarios del autor en el video
video::n8iP75gIpmw,author::UCcfdg8crmMJwEuLUsAhV7yg,1,comentarios del autor en el video
video::n8iP75gIpmw,author::UCfM3nrxtTQMY5jFx1v1J4Gg,1,comentarios del autor en el video
video::n8iP75gIpmw,author::UCgvw7xIdGFupzpt1Y_BFkEA,1,comentarios del autor en el video
video::n8iP75gIpmw,author::UCh5ESQvtzyHDhCA7XyekCFA,3,comentarios del autor en el video
video::n8iP75gIpmw,author::UChZknRmJkeGeQk0-mQuhDOg,1,comentarios del autor en el video
video::n8iP75gIpmw,author::UChep9kVb5gQmpodEEl10Xlg,1,comentarios del autor en el video
video::n8iP75gIpmw,author::UChgkn5Jt5tWKYMoEOuCjz3Q,1,comentarios del autor en el video
video::n8iP75gIpmw,author::UChs3tU2BcKOT0CezykvAsGw,3,comentarios del autor en el video
video::n8iP75gIpmw,author::UCi1b_TRQfgO1Z9O2gNGGWNA,2,comentarios del autor en el video
video::n8iP75gIpmw,author::UCiGRBf2RNF0WRKhRVT7zFoA,1,comentarios del autor en el video
video::n8iP75gIpmw,author::UCiMythXHsw7eQEMykCdmMUA,1,comentarios del autor en el video
video::n8iP75gIpmw,author::UCipetjeiWj4CZB6EbyYziZg,1,comentarios del autor en el video
video::n8iP75gIpmw,author::UCj-LL25XJnjxepPKCc3NGog,1,comentarios del autor en el video
video::n8iP75gIpmw,author::UCjSKM9j0Q7HLDr1hD6D-TUw,1,comentarios del autor en el video
video::n8iP75gIpmw,author::UCjmPuazZJzscrwvk0QR9RVw,1,comentarios del autor en el video
video::n8iP75gIpmw,author::UCkd9W714-947dEE6ZOEBATA,2,comentarios del autor en el video
video::n8iP75gIpmw,author::UCl0ekS9Tt0jJGtOEM18S63w,1,comentarios del autor en el video
video::n8iP75gIpmw,author::UCljDbleJul41G1TzOjOZAVA,1,comentarios del autor en el video
video::n8iP75gIpmw,author::UCmjppp6ujz3SAnULvP3sZMw,1,comentarios del autor en el video
video::n8iP75gIpmw,author::UCmvOgzmmXbjUthHy-WJ52hQ,1,comentarios del autor en el video
video::n8iP75gIpmw,author::UCp4iw5_5SmV9VGTFSNVGOmQ,1,comentarios del autor en el video
video::n8iP75gIpmw,author::UCpIdtvoFHVLGASGB5ySqIEA,1,comentarios del autor en el video
video::n8iP75gIpmw,author::UCpl8rF8uv_8uui-QRvuJaRA,1,comentarios del autor en el video
video::n8iP75gIpmw,author::UCplrIQtaPj6au60_f2-mOYw,1,comentarios del autor en el video
video::n8iP75gIpmw,author::UCpsKOkt5iWTbenzeuq7dsmQ,1,comentarios del autor en el video
video::n8iP75gIpmw,author::UCr1emrogPKkKTs_WTtx71xg,1,comentarios del autor en el video
video::n8iP75gIpmw,author::UCrJn_rbo_ENAdeqneS-RmRw,2,comentarios del autor en el video
video::n8iP75gIpmw,author::UCsJJAvrVGupdmhOqgtDp8dg,1,comentarios del autor en el video
video::n8iP75gIpmw,author::UCsSXdJct-nsS8DsABoEsaYA,1,comentarios del autor en el video
video::n8iP75gIpmw,author::UCsUCN0Yq_UyTvKjOJLmNrnQ,1,comentarios del autor en el video
video::n8iP75gIpmw,author::UCsjs5Hp_r86x1xbK6FAeqaA,1,comentarios del autor en el video
video::n8iP75gIpmw,author::UCtNfIBnc5S5DbbQj_yxgJTw,1,comentarios del autor en el video
video::n8iP75gIpmw,author::UCtUR3_CAiE7fCoZHM6cMfyQ,1,comentarios del autor en el video
video::n8iP75gIpmw,author::UCueV9cTyTDwgQSec1x2dYgA,1,comentarios del autor en el video
video::n8iP75gIpmw,author::UCujPF2nBgsTD62nWE3lcpIg,1,comentarios del autor en el video
video::n8iP75gIpmw,author::UCut6b9S98nv84cVX89PmKzA,2,comentarios del autor en el video
video::n8iP75gIpmw,author::UCvApqeCbLod-wejtT4CcVuA,1,comentarios del autor en el video
video::n8iP75gIpmw,author::UCwO2SXr0ggzwg6QWWrr01nQ,1,comentarios del autor en el video
video::n8iP75gIpmw,author::UCwW2OFy95P7ZBkOPxWkpvYg,2,comentarios del autor en el video
video::n8iP75gIpmw,author::UCwha8rxULYMVtNwZWeSkE1A,1,comentarios del autor en el video
video::n8iP75gIpmw,author::UCxff05WuyvwELNITi7bj7UA,1,comentarios del autor en el video
video::n8iP75gIpmw,author::UCySYJU5kUh7X8gVt9la2ISA,1,comentarios del autor en el video
video::n8iP75gIpmw,author::UCylqlpsh8ENNM1LqgQ1KbxA,1,comentarios del autor en el video
video::n8iP75gIpmw,author::UCz3gu01bmjNv0DpRq-K3XYg,2,comentarios del autor en el video
video::n8iP75gIpmw,author::UCzSfZlOVxBSs5ObD25ywxDQ,1,comentarios del autor en el video
video::n8iP75gIpmw,author::UCzoL2l5H5eVlorWGH8AZfAg,1,comentarios del autor en el video
video::ndAZjHqzzT8,author::UC5wuDq3U3vRAhOQI3D7gNdw,1,comentarios del autor en el video
video::ndAZjHqzzT8,author::UCJp3OrVYcBorC94sKwdch_A,1,comentarios del autor en el video
video::ndAZjHqzzT8,author::UCVC2QugcI1G4RvlCiUqd1aQ,2,comentarios del autor en el video
video::ndAZjHqzzT8,author::UCZOmq6MwFDVoCaEl99BRRaw,1,comentarios del autor en el video
video::ndAZjHqzzT8,author::UC_6KbBY1bsYXz9fwFS0eQRg,1,comentarios del autor en el video
video::ndAZjHqzzT8,author::UCbrtvygfRT6QXqWDNrOf-cA,1,comentarios del autor en el video
video::ndAZjHqzzT8,author::UCjJf-AJKRFFWtiN-CSwkDmA,1,comentarios del autor en el video
video::ndAZjHqzzT8,author::UCnU8wO1OurAmGstDw6VGjgQ,1,comentarios del autor en el video
video::ndAZjHqzzT8,author::UCpsKOkt5iWTbenzeuq7dsmQ,1,comentarios del autor en el video
video::ndAZjHqzzT8,author::UCvcu1kR8xMYy_I1Ty-2mV2Q,2,comentarios del autor en el video
video::s0eco-BofOs,author::UC6xI_MOaxajIWpoP8BH6E_Q,1,comentarios del autor en el video
video::yLZS3JiEBg8,author::UCCUmP4PlbwgikVFpYwbtRTg,1,comentarios del autor en el video
video::yLZS3JiEBg8,author::UCOY3XpD9qMCRSA8AA8c4CAw,1,comentarios del autor en el video
video::yLZS3JiEBg8,author::UCTTILH6QCIxbTnEWxwRqs1g,1,comentarios del autor en el video
video::yLZS3JiEBg8,author::UCXO1BBohNWXkK9SBDAG2ySg,1,comentarios del autor en el video
video::yLZS3JiEBg8,author::UCXVLc8CmAO813ubM-fLvCDw,1,comentarios del autor en el video
video::yLZS3JiEBg8,author::UCXl30Y_upRqbti52fmjK4YA,1,comentarios del autor en el video
video::yLZS3JiEBg8,author::UCbrtvygfRT6QXqWDNrOf-cA,1,comentarios del autor en el video
video::yLZS3JiEBg8,author::UCcFIBN-rtC3d3hXeuN5TfWw,1,comentarios del autor en el video
video::yLZS3JiEBg8,author::UCc_F88PzGWtA1OPNUEASulA,1,comentarios del autor en el video
video::yLZS3JiEBg8,author::UCdQAuWwyC99MB7Y02Umj26Q,1,comentarios del autor en el video
video::yLZS3JiEBg8,author::UCefAH1MbvADWUjE9WVcB9EQ,1,comentarios del autor en el video
video::yLZS3JiEBg8,author::UChT7pzGytNd92Nmvi-zuWog,1,comentarios del autor en el video
video::yLZS3JiEBg8,author::UCkxdJ_yGN2gghOMo2ybQtXQ,1,comentarios del autor en el video
video::yLZS3JiEBg8,author::UCvcu1kR8xMYy_I1Ty-2mV2Q,1,comentarios del autor en el video
video::yLZS3JiEBg8,author::UCwEe1RKlEv1UpNWmWYfSh4w,1,comentarios del autor en el video
video::yLZS3JiEBg8,author::UCxcoDvP-g2_KTZDmVZtvb3w,1,comentarios del autor en el video
video::zweosulrwA8,author::UCQM2tCKRRytVDRxNUfCDqQQ,1,comentarios del autor en el video
