node,node_id,label,author_handle,comentarios,videos_comentados,canales_distintos,categorias_distintas,diversidad_canales,entropia_participacion,grado,grado_ponderado,intermediacion,armonica,pagerank,es_recurrente,intermediacion_positiva,es_punto_articulacion,componentes_nuevos_si_se_remueve,tipo_puente,componente,componente_tamano
author::UCHTGCgY2l-DQJIvlA_cpa_Q,UCHTGCgY2l-DQJIvlA_cpa_Q,@virgiliogarcia3039,/@virgiliogarcia3039,3,2,2,2,1.0,0.9182958340544894,145,145.0,0.23901858463791997,0.6158106747230615,0.005243132694827842,True,True,True,1,puente estructural (su remoción fragmenta),1,276
author::UCpsKOkt5iWTbenzeuq7dsmQ,UCpsKOkt5iWTbenzeuq7dsmQ,@inge_vergueta,/@inge_vergueta,3,3,1,1,0.3333333333333333,0.9999999999999998,183,184.0,0.22027831181909732,0.6701913393756295,0.00733003416017253,True,True,True,1,puente estructural (su remoción fragmenta),1,276
author::UCzZ6dDCEsLMXbc5pCFXIprw,UCzZ6dDCEsLMXbc5pCFXIprw,@josegil3813,/@josegil3813,2,2,1,1,0.5,1.0,49,49.0,0.18266044127071318,0.43932527693857,0.0050979354025684495,True,True,True,1,puente estructural (su remoción fragmenta),1,276
author::UCjZgFEowMBrsjodqfovzdKw,UCjZgFEowMBrsjodqfovzdKw,@franciscoflores3120,/@franciscoflores3120,2,2,2,2,1.0,1.0,43,43.0,0.05778632243889041,0.3469284994964753,0.005323075459191375,True,True,True,1,puente estructural (su remoción fragmenta),1,276
author::UCvcu1kR8xMYy_I1Ty-2mV2Q,UCvcu1kR8xMYy_I1Ty-2mV2Q,@hashojea7348,/@hashojea7348,4,3,1,1,0.3333333333333333,0.946394630357186,28,29.0,0.05740181268882175,0.4118328298086606,0.006193584266399186,True,True,True,1,puente estructural (su remoción fragmenta),1,276
author::UCdFlugHJJa4l3YqWuNRmvXw,UCdFlugHJJa4l3YqWuNRmvXw,@MarcosCarillo-b1r,/@MarcosCarillo-b1r,2,2,2,1,1.0,1.0,54,54.0,0.029552320790991488,0.44103726082578043,0.004416353688681809,True,True,True,1,puente estructural (su remoción fragmenta),1,276
author::UCsUCN0Yq_UyTvKjOJLmNrnQ,UCsUCN0Yq_UyTvKjOJLmNrnQ,@moisesvaldez4043,/@moisesvaldez4043,2,2,2,1,1.0,1.0,133,133.0,0.029552320790991488,0.5790533736153072,0.004680699718536436,True,True,True,1,puente estructural (su remoción fragmenta),1,276
author::UCylqlpsh8ENNM1LqgQ1KbxA,UCylqlpsh8ENNM1LqgQ1KbxA,@Jel.Awesh.M,/@Jel.Awesh.M,3,2,1,1,0.5,0.9182958340544894,174,175.0,0.09364643412981781,0.6553877139979859,0.005727961087341258,True,True,False,0,puente redundante (conecta con rutas alternativas),1,276
author::UCbrtvygfRT6QXqWDNrOf-cA,UCbrtvygfRT6QXqWDNrOf-cA,@Alejandro00710,/@Alejandro00710,2,2,1,1,0.5,1.0,23,24.0,0.03268332875583631,0.406797583081571,0.004537389467839012,True,True,False,0,puente redundante (conecta con rutas alternativas),1,276
