red,node,node_id,node_type,label,grado,grado_ponderado,intermediacion,armonica,pagerank,componente,componente_tamano,channel_name,category,comentarios,autores_unicos,autores_compartidos,proporcion_audiencia_compartida,videos_conectados,canales_conectados,categorias_conectadas,view_count
proyeccion_videos,video::n8iP75gIpmw,n8iP75gIpmw,video,Qué rico come tu diputado,4,5.0,0.000541354799227981,0.02625570776255708,0.03420888821626137,1,10,Quorum,News & Politics,161,128,4,0.03125,4,3,2,11775
proyeccion_videos,video::ndAZjHqzzT8,ndAZjHqzzT8,video,Internet: escoger el menos malo,4,5.0,0.0003295203125735536,0.024257990867579907,0.031020770323055495,1,10,Quorum,News & Politics,12,10,3,0.3,4,1,1,717
proyeccion_videos,video::PjmxCj-a9Hg,PjmxCj-a9Hg,video,Conferencia de Prensa del Gobierno de Guatemala. #LaRondaGt,2,2.0,0.0003295203125735536,0.018150684931506848,0.016990029421645163,1,10,Gobierno de la República de Guatemala,Entertainment,25,19,2,0.10526315789473684,2,2,2,3628
proyeccion_videos,video::j43HgwYFKfk,j43HgwYFKfk,video,La cooptación de Walter Mazariegos en la USAC,3,4.0,0.00018829732147060207,0.024608610567514677,0.027066648272183497,1,10,Quorum,News & Politics,50,49,3,0.061224489795918366,3,2,1,10156
proyeccion_videos,video::6W4u8sGEnGM,6W4u8sGEnGM,video,Inician los trabajos de recuperación del Puente Belice II.,2,2.0,0.00018829732147060207,0.015027723418134376,0.019576540197405182,1,10,Gobierno de la República de Guatemala,Entertainment,45,32,2,0.0625,2,2,2,11670
proyeccion_videos,video::yLZS3JiEBg8,yLZS3JiEBg8,video,Arroz con pollo a la MONOPOLIO,2,3.0,0.0,0.020689280278321374,0.01915512492622689,1,10,Quorum,News & Politics,16,16,2,0.125,2,1,1,1954
proyeccion_videos,video::WIUZtitfLRw,WIUZtitfLRw,video,Caminar en una ciudad hecha para carros,2,2.0,0.0,0.01523972602739726,0.013553397469842807,1,10,Quorum,News & Politics,6,6,1,0.16666666666666666,2,1,1,422
proyeccion_videos,video::06mFNPU0aB8,06mFNPU0aB8,video,Capturan a presuntos delincuentes disfrazados de mujer señalados de cometer asalto,1,1.0,0.0,0.011176342683191998,0.011178867846426287,1,10,Noti7,News & Politics,14,13,1,0.07692307692307693,1,1,1,6692
proyeccion_videos,video::b_Hkrkl3adA,b_Hkrkl3adA,video,Bloqueos en Guatemala este 31 de agosto por alza en combustibles afectan rutas principales,1,1.0,0.0,0.015011415525114154,0.008673237454790973,1,10,PrensaLibreOficial,News & Politics,7,7,1,0.14285714285714285,1,1,1,5469
proyeccion_videos,video::is3Mk5oC19g,is3Mk5oC19g,video,Capturan a ladrón que había quedado grabado mientras robaba en una parroquia de Retalhuleu,1,1.0,0.0,0.014410741465535986,0.00860902195325891,1,10,TN23 Guatemala,News & Politics,7,7,1,0.14285714285714285,1,1,1,4616
proyeccion_videos,video::-5puKGEqcUc,-5puKGEqcUc,video,INSIVUMEH pronostica incremento de lluvias para el fin de semana en Guatemala,0,0.0,0.0,0.0,0.0028620758795720952,2,1,T13 Noticias Guatemala,News & Politics,0,0,0,0.0,0,0,0,2357
proyeccion_videos,video::-E7OPOLjMug,-E7OPOLjMug,video,BERNARDO ARÉVALO CALIFICA CAMBIO EN EL MP COMO EL FIN DE UNA ETAPA DE DETERIORO INSTITUCIONAL,0,0.0,0.0,0.0,0.0028620758795720952,3,1,IDocumenta,People & Blogs,0,0,0,0.0,0,0,0,4
proyeccion_videos,video::-KDglrIzRKo,-KDglrIzRKo,video,¡HISTÓRICO! Mexico recupera petróleo robado por Guatemala... 🔔,0,0.0,0.0,0.0,0.0028620758795720952,4,1,México Poder,People & Blogs,0,0,0,0.0,0,0,0,29736
proyeccion_videos,video::-O4Pa7qS9WQ,-O4Pa7qS9WQ,video,"Viaje completo Ciudad de Guatemala al IRTRA de Retalhuleu, menos tráfico, Diesel a Q42.59",0,0.0,0.0,0.0,0.0028620758795720952,5,1,Guate Maya Trip,Nonprofits & Activism,0,0,0,0.0,0,0,0,383
proyeccion_videos,video::0LTLUY7LBlA,0LTLUY7LBlA,video,"Qué debes saber ANTES de viajar a GUATEMALA | Dónde cambiar DINERO, adquirir INTERNET y TRANSPORTE",0,0.0,0.0,0.0,0.0028620758795720952,6,1,De viaje con Migue,Travel & Events,0,0,0,0.0,0,0,0,6099
proyeccion_videos,video::0a4_g1R1-aA,0a4_g1R1-aA,video,Acciones relevantes en el #Resumen24Horas,0,0.0,0.0,0.0,0.0028620758795720952,7,1,PNCdeGuatemala,Science & Technology,0,0,0,0.0,0,0,0,15455
proyeccion_videos,video::0b2vfzXdCqs,0b2vfzXdCqs,video,Cadena Nacional del presidente Bernardo Arévalo,0,0.0,0.0,0.0,0.0028620758795720952,8,1,Gobierno de la República de Guatemala,Entertainment,0,0,0,0.0,0,0,0,2725
proyeccion_videos,video::0eiVPMexNOo,0eiVPMexNOo,video,CONRED se pronuncia tras sismos en el territorio nacional,0,0.0,0.0,0.0,0.0028620758795720952,9,1,TN23 Guatemala,News & Politics,0,0,0,0.0,0,0,0,1875
proyeccion_videos,video::0iQD8zHxZIg,0iQD8zHxZIg,video,SE FILTRO un AUDIO de PANDILLEROS en Guatemala | DISPUTA POLITICA  Guatemala en medio de EMERGENCIA,0,0.0,0.0,0.0,0.0028620758795720952,10,1,Tras la Verdad SV,News & Politics,0,0,0,0.0,0,0,0,36701
proyeccion_videos,video::1-hr8eCOt_I,1-hr8eCOt_I,video,Este es el impacto ante el incremento del tráfico en la capital por el inicio de clases,0,0.0,0.0,0.0,0.0028620758795720952,11,1,AztecaGuate,Entertainment,0,0,0,0.0,0,0,0,289
proyeccion_videos,video::1HQLJycvzaQ,1HQLJycvzaQ,video,Conferencia de Prensa del Gobierno de Guatemala. #LaRondaGt,0,0.0,0.0,0.0,0.0028620758795720952,12,1,Gobierno de la República de Guatemala,Entertainment,0,0,0,0.0,0,0,0,1175
proyeccion_videos,video::1kSG-naIgqk,1kSG-naIgqk,video,PRIMERA SEDE MIGRATORIA REGIONAL EN CHIQUIMULA,0,0.0,0.0,0.0,0.0028620758795720952,13,1,Vicepresidencia Guate,Entertainment,0,0,0,0.0,0,0,0,48
proyeccion_videos,video::1w9faaYjhyU,1w9faaYjhyU,video,Fundación de la República de Guatemala 21 marzo 1847,0,0.0,0.0,0.0,0.0028620758795720952,14,1,El profe de Historia Gt,People & Blogs,0,0,0,0.0,0,0,0,31697
proyeccion_videos,video::1y61Kb9uSbg,1y61Kb9uSbg,video,Departamento de Tránsito de PNC certifica a 43 PMT en Educación Vial,0,0.0,0.0,0.0,0.0028620758795720952,15,1,Ministerio de Gobernación,News & Politics,0,0,0,0.0,0,0,0,471
proyeccion_videos,video::1yHN9Ci7pXs,1yHN9Ci7pXs,video,Municipalidad de Guatemala informa,0,0.0,0.0,0.0,0.0028620758795720952,16,1,Municipalidad de Guatemala,People & Blogs,0,0,0,0.0,0,0,0,1617
proyeccion_videos,video::2iqOSL9YguA,2iqOSL9YguA,video,Gabriel García Luna ya está en el MP para asumir como nuevo fiscal general,0,0.0,0.0,0.0,0.0028620758795720952,17,1,Guatevisión,Entertainment,0,0,0,0.0,0,0,0,5181
proyeccion_videos,video::2n31FhKmELI,2n31FhKmELI,video,TRÁFICO EN GUATEMALA,0,0.0,0.0,0.0,0.0028620758795720952,18,1,Fralis Maxiel Martinez,People & Blogs,0,0,0,0.0,0,0,0,512
proyeccion_videos,video::2p23yPpu6aQ,2p23yPpu6aQ,video,#Conred,0,0.0,0.0,0.0,0.0028620758795720952,19,1,Noticias-FA-Gt,People & Blogs,0,0,0,0.0,0,0,0,164
proyeccion_videos,video::3-jKER3zqcA,3-jKER3zqcA,video,VECINO VRS AGENTES DE LA PMT EN MAZATENANGO,0,0.0,0.0,0.0,0.0028620758795720952,20,1,audioschileros,People & Blogs,0,0,0,0.0,0,0,0,70811
proyeccion_videos,video::3LAwISMokIg,3LAwISMokIg,video,MUNICIPALIDAD DE GUATEMALA 17/12/2025,0,0.0,0.0,0.0,0.0028620758795720952,21,1,Concejales de Oposición - Muni Guate,People & Blogs,0,0,0,0.0,0,0,0,294
proyeccion_videos,video::3Nfp9h5avBI,3Nfp9h5avBI,video,"Noticiero en Directo 1 pm, 28 de Agosto de 2026",0,0.0,0.0,0.0,0.0028620758795720952,22,1,Noticiero Guatevisión 13 Hrs.,News & Politics,2,2,0,0.0,0,0,0,573
proyeccion_videos,video::3P2OUk7aGmc,3P2OUk7aGmc,video,Presidente presenta Segundo Informe Presidencial en Sesión Solemne del Congreso de la República.,0,0.0,0.0,0.0,0.0028620758795720952,23,1,Gobierno de la República de Guatemala,Entertainment,0,0,0,0.0,0,0,0,2838
proyeccion_videos,video::3S3KygWSjAQ,3S3KygWSjAQ,video,Himno de la Policía Nacional Civil de Guatemala,0,0.0,0.0,0.0,0.0028620758795720952,24,1,PNCdeGuatemala,News & Politics,0,0,0,0.0,0,0,0,53021
proyeccion_videos,video::3bU7I_ZpXUk,3bU7I_ZpXUk,video,Congreso inicia proceso para nombrar a nuevo Fiscal General en Guatemala y suceder a Consuelo Porras,0,0.0,0.0,0.0,0.0028620758795720952,25,1,PrensaLibreOficial,News & Politics,0,0,0,0.0,0,0,0,7465
proyeccion_videos,video::3onMfRym3OU,3onMfRym3OU,video,PRIMER PUENTE DONDE ARRIBA VA EL TRÁFICO Y ABAJO UN TREN EN GUATEMALA Y AMÉRICA LATINA.,0,0.0,0.0,0.0,0.0028620758795720952,26,1,Cronos Time GT,Education,0,0,0,0.0,0,0,0,4484
proyeccion_videos,video::45xQLtMlPdo,45xQLtMlPdo,video,"PRESIDENTE DE GUATEMALA, BERNARDO ARÉVALO SE REFIERE AL “DÍA INTERNACIONAL DE LA LIBERTAD DE PRENSA”",0,0.0,0.0,0.0,0.0028620758795720952,27,1,IDocumenta,People & Blogs,0,0,0,0.0,0,0,0,8
proyeccion_videos,video::4DD1nlxWk2s,4DD1nlxWk2s,video,Fuertes LLUVIAS en el JABALI; a si luce una Tarde de Tormenta 😱,0,0.0,0.0,0.0,0.0028620758795720952,28,1,VIVA GUATEMALA,Entertainment,0,0,0,0.0,0,0,0,27111
proyeccion_videos,video::4FUed7cIhPU,4FUed7cIhPU,video,El Sistema CONRED y el Gobierno de Guatemala trabajan unidos para atender emergencias.,0,0.0,0.0,0.0,0.0028620758795720952,29,1,Conred,Education,0,0,0,0.0,0,0,0,47
proyeccion_videos,video::4H6w9FQAcS8,4H6w9FQAcS8,video,"Avances en temas de economía, precios de los combustibles y otros temas de interés nacional.",0,0.0,0.0,0.0,0.0028620758795720952,30,1,Gobierno de la República de Guatemala,Entertainment,0,0,0,0.0,0,0,0,1489
proyeccion_videos,video::5DRG-WGTq1k,5DRG-WGTq1k,video,El Sistema CONRED continúa activo y trabajando de manera coordinada #VolcánDeFuego.,0,0.0,0.0,0.0,0.0028620758795720952,31,1,Conred,Education,0,0,0,0.0,0,0,0,68
proyeccion_videos,video::5MFnG5B7ric,5MFnG5B7ric,video,Municipalidad de Guatemala   09/07/2025,0,0.0,0.0,0.0,0.0028620758795720952,32,1,Concejales de Oposición - Muni Guate,People & Blogs,0,0,0,0.0,0,0,0,107
proyeccion_videos,video::5OhxjDvuYbQ,5OhxjDvuYbQ,video,"Operativos PMT ""Cero Tolerancia"" para fin de año",0,0.0,0.0,0.0,0.0028620758795720952,33,1,Municipalidad de Guatemala,News & Politics,0,0,0,0.0,0,0,0,494
proyeccion_videos,video::5UNxNfcSzG4,5UNxNfcSzG4,video,Distinción del Cambio de la Rosa de la Paz a Pedro Castro López del INACOP,0,0.0,0.0,0.0,0.0028620758795720952,34,1,Gobierno de la República de Guatemala,Entertainment,0,0,0,0.0,0,0,0,741
proyeccion_videos,video::5Y7fntl6Rc8,5Y7fntl6Rc8,video,Cómo llegar a TIKAL desde Ciudad de GUATEMALA en autobús o en Avión | transporte a PETÉN,0,0.0,0.0,0.0,0.0028620758795720952,35,1,De viaje con Migue,Travel & Events,0,0,0,0.0,0,0,0,11061
proyeccion_videos,video::5nw9G1vwnYY,5nw9G1vwnYY,video,Actriz guatemalteca caracteriza a Consuelo Porras frente al MP por salida del cargo,0,0.0,0.0,0.0,0.0028620758795720952,36,1,PrensaLibreOficial,News & Politics,0,0,0,0.0,0,0,0,40327
proyeccion_videos,video::677N9cx_kKE,677N9cx_kKE,video,Carlos Pineda Seguridad I - Guatemala tiene solución | Ep. 2,0,0.0,0.0,0.0,0.0028620758795720952,37,1,Carlos Pineda,People & Blogs,0,0,0,0.0,0,0,0,8568
proyeccion_videos,video::6KlI_geqPOI,6KlI_geqPOI,video,Conferencia de Prensa del Gobierno de Guatemala. #LaRondaGt.,0,0.0,0.0,0.0,0.0028620758795720952,38,1,Gobierno de la República de Guatemala,Entertainment,0,0,0,0.0,0,0,0,2301
proyeccion_videos,video::6Wf0ItQUaDU,6Wf0ItQUaDU,video,“Queremos generar 60 mil empleos”: Victorino Carranza revela el plan y las pérdidas de la Gremipe,0,0.0,0.0,0.0,0.0028620758795720952,39,1,Campus TV,News & Politics,0,0,0,0.0,0,0,0,2
proyeccion_videos,video::6y3KQmmg3Oc,6y3KQmmg3Oc,video,Noticiero El Informativo. Nuestra semana de resultados.,0,0.0,0.0,0.0,0.0028620758795720952,40,1,Gobierno de la República de Guatemala,Entertainment,0,0,0,0.0,0,0,0,303
proyeccion_videos,video::6z2Psav9Onw,6z2Psav9Onw,video,Conferencia de Prensa del Gobierno de Guatemala. #LaRondaGt,0,0.0,0.0,0.0,0.0028620758795720952,41,1,Gobierno de la República de Guatemala,Entertainment,0,0,0,0.0,0,0,0,848
proyeccion_videos,video::74F3Mn_NWoE,74F3Mn_NWoE,video,"Acto de Graduación de los Cursos de Formación, Ascenso y Especialización Policial de la PNC.",0,0.0,0.0,0.0,0.0028620758795720952,42,1,Gobierno de la República de Guatemala,Entertainment,0,0,0,0.0,0,0,0,1197
proyeccion_videos,video::7JerBdHtkWA,7JerBdHtkWA,video,Cambio de horarios en Municipalidad de Guatemala,0,0.0,0.0,0.0,0.0028620758795720952,43,1,Canal 3 Guatemala,News & Politics,0,0,0,0.0,0,0,0,215
proyeccion_videos,video::7hfUg8Z-W2o,7hfUg8Z-W2o,video,Conferencia de Prensa del Gobierno de Guatemala. #LaRondaGt.,0,0.0,0.0,0.0,0.0028620758795720952,44,1,Gobierno de la República de Guatemala,Entertainment,0,0,0,0.0,0,0,0,2449
proyeccion_videos,video::7kuHyjwuE_o,7kuHyjwuE_o,video,Centro Municipal de Emprendimiento - Municipalidad de Guatemala,0,0.0,0.0,0.0,0.0028620758795720952,45,1,Centro Municipal de Emprendimiento MuniGuate,Entertainment,0,0,0,0.0,0,0,0,528
proyeccion_videos,video::7mdtGeIHQnE,7mdtGeIHQnE,video,"#LHEnContexto: Gestión de riesgos en GUATEMALA: Lo que debes saber, explicado por la CONRED",0,0.0,0.0,0.0,0.0028620758795720952,46,1,La Hora,News & Politics,0,0,0,0.0,0,0,0,570
proyeccion_videos,video::8CuQ2_HTaN0,8CuQ2_HTaN0,video,Conferencia de Prensa del Gobierno de Guatemala.,0,0.0,0.0,0.0,0.0028620758795720952,47,1,Gobierno de la República de Guatemala,Entertainment,0,0,0,0.0,0,0,0,735
proyeccion_videos,video::8n6momRcC04,8n6momRcC04,video,Mantenimiento constante,0,0.0,0.0,0.0,0.0028620758795720952,48,1,Municipalidad de Guatemala,News & Politics,0,0,0,0.0,0,0,0,91
proyeccion_videos,video::90oVm0P4_9Q,90oVm0P4_9Q,video,"El MINGOB a través del Viceministerio de Seguridad, combate  el crimen organizado.",0,0.0,0.0,0.0,0.0028620758795720952,49,1,Ministerio de Gobernación,News & Politics,0,0,0,0.0,0,0,0,5
proyeccion_videos,video::9BIrwWQUdb8,9BIrwWQUdb8,video,"Capturan a ""guardián"" de parqueo utilizado por la mara Salvatrucha e incautan 5 vehículos robados.",0,0.0,0.0,0.0,0.0028620758795720952,50,1,PNCdeGuatemala,Science & Technology,0,0,0,0.0,0,0,0,23972
proyeccion_videos,video::9Jacxvi9umU,9Jacxvi9umU,video,Los responsables de bloquear información en Guatecompras,0,0.0,0.0,0.0,0.0028620758795720952,51,1,Somos El Combo,Entertainment,0,0,0,0.0,0,0,0,7340
proyeccion_videos,video::9XFVeHiWDTo,9XFVeHiWDTo,video,En #LaRondaGT conoce las acciones que impulsamos para modernizar los puertos y aeropuertos del país.,0,0.0,0.0,0.0,0.0028620758795720952,52,1,Gobierno de la República de Guatemala,Entertainment,0,0,0,0.0,0,0,0,1516
proyeccion_videos,video::9h7d1iDFaqo,9h7d1iDFaqo,video,Vuelve el tráfico lento en la ciudad capital,0,0.0,0.0,0.0,0.0028620758795720952,53,1,PrensaLibreOficial,News & Politics,0,0,0,0.0,0,0,0,11396
proyeccion_videos,video::9wHujSu-nbQ,9wHujSu-nbQ,video,Quorum,0,0.0,0.0,0.0,0.0028620758795720952,54,1,Quorum,News & Politics,0,0,0,0.0,0,0,0,459
proyeccion_videos,video::AHzfpOL5sgw,AHzfpOL5sgw,video,Sistema de gobierno de Guatemala 🇬🇹,0,0.0,0.0,0.0,0.0028620758795720952,55,1,SUM Estudios Jurídicos.,Education,0,0,0,0.0,0,0,0,2895
proyeccion_videos,video::Aa7hIDCRh3g,Aa7hIDCRh3g,video,Este BUS me LLEVO a UN PARAISO EN GUATEMALA,0,0.0,0.0,0.0,0.0028620758795720952,56,1,De todo Gt,People & Blogs,0,0,0,0.0,0,0,0,504374
proyeccion_videos,video::AakUTlieyH0,AakUTlieyH0,video,Crisis de seguridad en Guatemala,0,0.0,0.0,0.0,0.0028620758795720952,57,1,Canal Antigua,News & Politics,0,0,0,0.0,0,0,0,733
proyeccion_videos,video::Ab0RrbzxyBU,Ab0RrbzxyBU,video,Municipalidad de Guatemala 17/11/2025,0,0.0,0.0,0.0,0.0028620758795720952,58,1,Concejales de Oposición - Muni Guate,People & Blogs,0,0,0,0.0,0,0,0,117
proyeccion_videos,video::AlbPEU3rbZs,AlbPEU3rbZs,video,Conferencia de Prensa del Gobierno de Guatemala. #LaRondaGt,0,0.0,0.0,0.0,0.0028620758795720952,59,1,Gobierno de la República de Guatemala,Entertainment,0,0,0,0.0,0,0,0,870
proyeccion_videos,video::ArljwpsURdY,ArljwpsURdY,video,"Entrevista especial con Claudinne Ogaldes, Secretaria Ejecutiva de la SE-CONRED",0,0.0,0.0,0.0,0.0028620758795720952,60,1,Conred,Education,0,0,0,0.0,0,0,0,416
proyeccion_videos,video::B60bWqpVUIE,B60bWqpVUIE,video,Así es el transporte público en Ciudad de Guatemala,0,0.0,0.0,0.0,0.0028620758795720952,61,1,PaulinoG,Travel & Events,0,0,0,0.0,0,0,0,96794
proyeccion_videos,video::BLc_KXPng9g,BLc_KXPng9g,video,Conferencia de Prensa del Gobierno de Guatemala. #LaRondaGT,0,0.0,0.0,0.0,0.0028620758795720952,62,1,Gobierno de la República de Guatemala,Entertainment,0,0,0,0.0,0,0,0,720
proyeccion_videos,video::BUNeDEi0yVU,BUNeDEi0yVU,video,CIV LICITACIÓN 800 KM 110717,0,0.0,0.0,0.0,0.0028620758795720952,63,1,CIV -Ministerio de Comunicaciones,People & Blogs,0,0,0,0.0,0,0,0,26
proyeccion_videos,video::BW41jT3t3oI,BW41jT3t3oI,video,Provial,0,0.0,0.0,0.0,0.0028620758795720952,64,1,PROVIAL-CIV,People & Blogs,0,0,0,0.0,0,0,0,79
proyeccion_videos,video::BbAeamItalk,BbAeamItalk,video,ZARAGOZA DA UN PASO HACIA EL FORTALECIMIENTO DEL DEPORTE CON NUEVA CIUDAD DEPORTIVA,0,0.0,0.0,0.0,0.0028620758795720952,65,1,IDocumenta,News & Politics,0,0,0,0.0,0,0,0,7
proyeccion_videos,video::Bdn2nxDqQ90,Bdn2nxDqQ90,video,Video Viral de PMT / GUATEMALA,0,0.0,0.0,0.0,0.0028620758795720952,66,1,carlos del cid,Film & Animation,0,0,0,0.0,0,0,0,2482
proyeccion_videos,video::Bi34XvRV6AM,Bi34XvRV6AM,video,Plan de Evacuación CONRED,0,0.0,0.0,0.0,0.0028620758795720952,67,1,MESCOGT,People & Blogs,0,0,0,0.0,0,0,0,58
proyeccion_videos,video::BnZFUzpEDe4,BnZFUzpEDe4,video,Municipalidad de Guatemala se moderniza,0,0.0,0.0,0.0,0.0028620758795720952,68,1,Municipalidad de Guatemala,People & Blogs,0,0,0,0.0,0,0,0,642
proyeccion_videos,video::Boj5GILjbI0,Boj5GILjbI0,video,"Spot Rendición de Cuentas, segundo cuatrimestre 2023 - 2",0,0.0,0.0,0.0,0.0028620758795720952,69,1,CIV -Ministerio de Comunicaciones,People & Blogs,0,0,0,0.0,0,0,0,26
proyeccion_videos,video::Bp4LtQT8Hk0,Bp4LtQT8Hk0,video,"Ciudad de Guatemala, el mejor lugar para vivir",0,0.0,0.0,0.0,0.0028620758795720952,70,1,Municipalidad de Guatemala,Entertainment,0,0,0,0.0,0,0,0,4265
proyeccion_videos,video::C5hJmAhpMMQ,C5hJmAhpMMQ,video,"YOUTUBE PUNTO DE ENFOQUE MARIO MEJÍA, SUBDIRECTOR DE INSIVUMEH",0,0.0,0.0,0.0,0.0028620758795720952,71,1,INSIVUMEH,Science & Technology,0,0,0,0.0,0,0,0,79
proyeccion_videos,video::C8wk4HWwWyM,C8wk4HWwWyM,video,Duro golpe al crimen organizado en Granja Penal de Pavón.,0,0.0,0.0,0.0,0.0028620758795720952,72,1,Gobierno de la República de Guatemala,Entertainment,0,0,0,0.0,0,0,0,2214
proyeccion_videos,video::CDg6kLRfiqQ,CDg6kLRfiqQ,video,Acciones relevantes en el #Resumen24Horas,0,0.0,0.0,0.0,0.0028620758795720952,73,1,PNCdeGuatemala,Science & Technology,0,0,0,0.0,0,0,0,11048
proyeccion_videos,video::CJQ46Hr4HcU,CJQ46Hr4HcU,video,Municipalidad de Guatemala  19/12/2025,0,0.0,0.0,0.0,0.0028620758795720952,74,1,Concejales de Oposición - Muni Guate,People & Blogs,0,0,0,0.0,0,0,0,222
proyeccion_videos,video::D3fRGjqHeHI,D3fRGjqHeHI,video,"Spot Rendición de Cuentas, segundo cuatrimestre 2023 - 1",0,0.0,0.0,0.0,0.0028620758795720952,75,1,CIV -Ministerio de Comunicaciones,People & Blogs,0,0,0,0.0,0,0,0,23
proyeccion_videos,video::D4CEpAfkkPI,D4CEpAfkkPI,video,Policías arremeten contra agente de PMT en zona 10,0,0.0,0.0,0.0,0.0028620758795720952,76,1,PrensaLibreOficial,News & Politics,0,0,0,0.0,0,0,0,79044
proyeccion_videos,video::DBvMeKT4gzo,DBvMeKT4gzo,video,La Familia MÁS RICA de GUATEMALA… Ni la Guerra les Quitó el Trono y Hoy son DUEÑOS de tu CERVEZA,0,0.0,0.0,0.0,0.0028620758795720952,77,1,Fortuna Latina,People & Blogs,0,0,0,0.0,0,0,0,58881
proyeccion_videos,video::DC1_qrLUvHI,DC1_qrLUvHI,video,Municipalidad de Guatemala 26/08/2026,0,0.0,0.0,0.0,0.0028620758795720952,78,1,Concejales de Oposición - Muni Guate,People & Blogs,0,0,0,0.0,0,0,0,49
proyeccion_videos,video::DMAKF8n0XJs,DMAKF8n0XJs,video,Guatemala TV • ID (2024-2026),0,0.0,0.0,0.0,0.0028620758795720952,79,1,Mdpls²,Film & Animation,0,0,0,0.0,0,0,0,367
proyeccion_videos,video::DX5eT-hVU8Q,DX5eT-hVU8Q,video,250 años Ciudad de Guatemala,0,0.0,0.0,0.0,0.0028620758795720952,80,1,Municipalidad de Guatemala,News & Politics,0,0,0,0.0,0,0,0,491
proyeccion_videos,video::DkxSkQipYwo,DkxSkQipYwo,video,PRESIDENTE BERNARDO ARÉVALO PARTICIPA EN EL ACTO CONMEMORATIVO DEL DÍA DEL EJÉRCITO,0,0.0,0.0,0.0,0.0028620758795720952,81,1,IDocumenta,News & Politics,0,0,0,0.0,0,0,0,66
proyeccion_videos,video::EGfy1BxGLIk,EGfy1BxGLIk,video,Colabore con las medidas de la PMT,0,0.0,0.0,0.0,0.0028620758795720952,82,1,Municipalidad de Guatemala,Education,0,0,0,0.0,0,0,0,1437
proyeccion_videos,video::ELhvo8YnYnI,ELhvo8YnYnI,video,Insivumeh prevé lluvias fuertes por dos ondas del este,0,0.0,0.0,0.0,0.0028620758795720952,83,1,TN23 Guatemala,News & Politics,0,0,0,0.0,0,0,0,5182
proyeccion_videos,video::EQDcEgFpXCk,EQDcEgFpXCk,video,Guatemala: Gobierno refuerza lucha contra las pandillas en medio de crisis de seguridad,0,0.0,0.0,0.0,0.0028620758795720952,84,1,FRANCE 24 Español,News & Politics,0,0,0,0.0,0,0,0,5459
proyeccion_videos,video::EZfm-05qtWo,EZfm-05qtWo,video,Municipalidad de Guatemala prepara plan de actividades en Semana Santa 2023,0,0.0,0.0,0.0,0.0028620758795720952,85,1,Cucurucho en Guatemala,People & Blogs,0,0,0,0.0,0,0,0,128
proyeccion_videos,video::F72Rdq5crG4,F72Rdq5crG4,video,Cambios en el Ministerio de Comunicaciones: Salen Lizzette Benítez y Adrián Zapata Alamilla,0,0.0,0.0,0.0,0.0028620758795720952,86,1,Canal Antigua,News & Politics,0,0,0,0.0,0,0,0,1441
proyeccion_videos,video::FEc1BCuBiDg,FEc1BCuBiDg,video,¡Estamos con ustedes!,0,0.0,0.0,0.0,0.0028620758795720952,87,1,Municipalidad de Guatemala,News & Politics,0,0,0,0.0,0,0,0,1562
proyeccion_videos,video::FQP4JTo9ShA,FQP4JTo9ShA,video,Rafael Carrera y el nacimiento de Guatemala,0,0.0,0.0,0.0,0.0028620758795720952,88,1,MundoHistoria,Education,0,0,0,0.0,0,0,0,1420
proyeccion_videos,video::FU5zLTb4inc,FU5zLTb4inc,video,#EnVivoDCA | Conferencia de prensa del Gobierno de Guatemala,0,0.0,0.0,0.0,0.0028620758795720952,89,1,Diario de Centro América,News & Politics,0,0,0,0.0,0,0,0,549
proyeccion_videos,video::Fapc1-8m5Zc,Fapc1-8m5Zc,video,Municipalidad de Guatemala 21/11/2025,0,0.0,0.0,0.0,0.0028620758795720952,90,1,Concejales de Oposición - Muni Guate,People & Blogs,0,0,0,0.0,0,0,0,282
proyeccion_videos,video::Fb2Ccfq5S9w,Fb2Ccfq5S9w,video,Reo y su esposa fueron asesinados dentro del Preventivo de zona 18,0,0.0,0.0,0.0,0.0028620758795720952,91,1,TN23 Guatemala,News & Politics,0,0,0,0.0,0,0,0,15431
proyeccion_videos,video::FuTz67jS7m0,FuTz67jS7m0,video,124 nuevos brigadas refuerzan la seguridad vial en Guatemala,0,0.0,0.0,0.0,0.0028620758795720952,92,1,PROVIAL-CIV,Education,0,0,0,0.0,0,0,0,45
proyeccion_videos,video::G2u4Rbq7zU4,G2u4Rbq7zU4,video,Arévalo anuncia nueva cárcel de máxima seguridad en Guatemala,0,0.0,0.0,0.0,0.0028620758795720952,93,1,TN23 Guatemala,News & Politics,0,0,0,0.0,0,0,0,6327
proyeccion_videos,video::GgU7qhmf020,GgU7qhmf020,video,Sueños GT: educación para la niñez de vendedores ambulantes en Antigua | Super - Episodio 1,0,0.0,0.0,0.0,0.0028620758795720952,94,1,Quorum,Nonprofits & Activism,0,0,0,0.0,0,0,0,167
proyeccion_videos,video::GjGMSFSE1gY,GjGMSFSE1gY,video,"“Gracias a dios, no hay reelección” 🤡",0,0.0,0.0,0.0,0.0028620758795720952,95,1,Quorum,News & Politics,0,0,0,0.0,0,0,0,130
proyeccion_videos,video::HMJXf1VdM5E,HMJXf1VdM5E,video,Lluvia inusual de Martes Santo provoca inundaciones en zona 1 de Villa Nueva,0,0.0,0.0,0.0,0.0028620758795720952,96,1,PrensaLibreOficial,News & Politics,0,0,0,0.0,0,0,0,1688
proyeccion_videos,video::H_TGv_cMwww,H_TGv_cMwww,video,PMT: La fuerza laboral reguladora del tránsito más grande,0,0.0,0.0,0.0,0.0028620758795720952,97,1,Municipalidad de Guatemala,News & Politics,0,0,0,0.0,0,0,0,2383
proyeccion_videos,video::I277M6i4jnY,I277M6i4jnY,video,Gestión del Riesgo de Desastres desde las comunidades.,0,0.0,0.0,0.0,0.0028620758795720952,98,1,Gobierno de la República de Guatemala,Entertainment,0,0,0,0.0,0,0,0,242
proyeccion_videos,video::IZLflL4Hgco,IZLflL4Hgco,video,El ciudadano Toriello da un paso al frente,0,0.0,0.0,0.0,0.0028620758795720952,99,1,TanGente Podcast,Entertainment,0,0,0,0.0,0,0,0,28013
proyeccion_videos,video::IcF9rRdAtp8,IcF9rRdAtp8,video,Ministro de Comunicaciones Alejandro Sinibaldi realiza supervisión en la Ruta CA-1 Occidente,0,0.0,0.0,0.0,0.0028620758795720952,100,1,Ministerio de Comunicaciones Infraestructura y Vivienda,People & Blogs,0,0,0,0.0,0,0,0,211
proyeccion_videos,video::J6ctng-yAnI,J6ctng-yAnI,video,CIV PROVIAL GRADUACIÓN XV PROMOCIÓN BRIGADAS 140619,0,0.0,0.0,0.0,0.0028620758795720952,101,1,CIV -Ministerio de Comunicaciones,People & Blogs,0,0,0,0.0,0,0,0,2981
proyeccion_videos,video::JErfmk-TlRg,JErfmk-TlRg,video,Rendición de Cuentas - Primer Cuatrimestre 2023,0,0.0,0.0,0.0,0.0028620758795720952,102,1,CIV -Ministerio de Comunicaciones,People & Blogs,0,0,0,0.0,0,0,0,32
proyeccion_videos,video::J_HBzJUTOus,J_HBzJUTOus,video,Presentan estrategia nacional para prevenir violencia durante recorridos de antorchas,0,0.0,0.0,0.0,0.0028620758795720952,103,1,Ministerio de Gobernación,News & Politics,0,0,0,0.0,0,0,0,17
proyeccion_videos,video::JdxHJkQjM50,JdxHJkQjM50,video,🚡 ¿Cómo va avanzando #AeroMetroGT?,0,0.0,0.0,0.0,0.0028620758795720952,104,1,Municipalidad de Guatemala,News & Politics,0,0,0,0.0,0,0,0,20901
proyeccion_videos,video::JgmCtBQWNL8,JgmCtBQWNL8,video,Conferencia de Prensa del Gobierno de Guatemala. #LaRondaGt,0,0.0,0.0,0.0,0.0028620758795720952,105,1,Gobierno de la República de Guatemala,Entertainment,0,0,0,0.0,0,0,0,1165
proyeccion_videos,video::JkpVO1hx2f8,JkpVO1hx2f8,video,10 Preguntas a un año del Paro Nacional,0,0.0,0.0,0.0,0.0028620758795720952,106,1,Quorum,News & Politics,3,3,0,0.0,0,0,0,673
proyeccion_videos,video::Jr1hJ92H_Nc,Jr1hJ92H_Nc,video,"#SinMáscaras | GUERRA SUCIA PERO SUCIA EN SERIO LLEGA A TV AZTECA CON AMPARO, CAMIN Y CASTAÑEDA",0,0.0,0.0,0.0,0.0028620758795720952,107,1,Manuel Pedrero,News & Politics,0,0,0,0.0,0,0,0,62941
proyeccion_videos,video::K1IA6oTGws8,K1IA6oTGws8,video,#EnVivoDCA | Conferencia de prensa del Gobierno de Guatemala,0,0.0,0.0,0.0,0.0028620758795720952,108,1,Diario de Centro América,News & Politics,0,0,0,0.0,0,0,0,530
proyeccion_videos,video::K2qWcueeMOc,K2qWcueeMOc,video,#EnvivoDCA | Conferencia de prensa de Gobierno de Guatemala,0,0.0,0.0,0.0,0.0028620758795720952,109,1,Diario de Centro América,News & Politics,0,0,0,0.0,0,0,0,802
proyeccion_videos,video::K50uijsHnAM,K50uijsHnAM,video,Informe desde Ciudad de Guatemala: crisis de seguridad tras ataques contra la Policía,0,0.0,0.0,0.0,0.0028620758795720952,110,1,FRANCE 24 Español,News & Politics,0,0,0,0.0,0,0,0,135249
proyeccion_videos,video::KIO6wIJXYY0,KIO6wIJXYY0,video,"Se tiene que cambiar el sistema electoral en Guatemala, asegura exfiscal",0,0.0,0.0,0.0,0.0028620758795720952,111,1,CNN en Español,News & Politics,0,0,0,0.0,0,0,0,16830
proyeccion_videos,video::KWCyMd4dxkY,KWCyMd4dxkY,video,Recorrido de los 21K BAM de la Municipalidad de Guatemala,0,0.0,0.0,0.0,0.0028620758795720952,112,1,Municipalidad de Guatemala,News & Politics,0,0,0,0.0,0,0,0,13077
proyeccion_videos,video::KkNQhX_kg8A,KkNQhX_kg8A,video,🇬🇹HISTORIA de GUATEMALA en 17 minutos🇬🇹 - El Mapa de Sebas,0,0.0,0.0,0.0,0.0028620758795720952,113,1,El Mapa de Sebas,Education,0,0,0,0.0,0,0,0,749356
proyeccion_videos,video::LRzZy8xBrjA,LRzZy8xBrjA,video,Conferencia de prensa ante el incremento de los combustibles.,0,0.0,0.0,0.0,0.0028620758795720952,114,1,Gobierno de la República de Guatemala,Entertainment,0,0,0,0.0,0,0,0,670
proyeccion_videos,video::LeN6wpNIB-4,LeN6wpNIB-4,video,GUATEMALA RECIBE 135 NICARAGUENESES LIBERADOS POR ORTEGA,0,0.0,0.0,0.0,0.0028620758795720952,115,1,IDocumenta,People & Blogs,0,0,0,0.0,0,0,0,28
proyeccion_videos,video::LqY_vAsa4PY,LqY_vAsa4PY,video,“Guatemala: Una historia escrita con corrupción”,0,0.0,0.0,0.0,0.0028620758795720952,116,1,PFNSE MEDIA,News & Politics,0,0,0,0.0,0,0,0,2291
proyeccion_videos,video::MMECHN8SFNw,MMECHN8SFNw,video,"Noticiero en Directo 1 pm, 27 de Agosto de 2026",0,0.0,0.0,0.0,0.0028620758795720952,117,1,Noticiero Guatevisión 13 Hrs.,News & Politics,0,0,0,0.0,0,0,0,4838
proyeccion_videos,video::MRJ9mKnXR9M,MRJ9mKnXR9M,video,Labor de la PMT es honesta aseguran vecinos,0,0.0,0.0,0.0,0.0028620758795720952,118,1,Municipalidad de Guatemala,People & Blogs,0,0,0,0.0,0,0,0,1075
proyeccion_videos,video::MdIa2Dtj77I,MdIa2Dtj77I,video,"Consejos para tu viaje a Guatemala: hospedaje, telefonía, transporte y más!   ✈️ 🇬🇹",0,0.0,0.0,0.0,0.0028620758795720952,119,1,Aventuras de una programadora,People & Blogs,0,0,0,0.0,0,0,0,134775
proyeccion_videos,video::Mh94uXZvCLo,Mh94uXZvCLo,video,DE LOS BOTS AL RECHAZO: CERIMEDO Y LA “GUERRILLA DE LAS REDES” | CAPÍTULO 3 DE 8,0,0.0,0.0,0.0,0.0028620758795720952,120,1,La  Coma,News & Politics,0,0,0,0.0,0,0,0,21
proyeccion_videos,video::Mme4XikKnlc,Mme4XikKnlc,video,Municipalidad anuncia 111 nuevos autobuses y 17 rutas para mejorar el transporte en la capital,0,0.0,0.0,0.0,0.0028620758795720952,121,1,PrensaLibreOficial,News & Politics,0,0,0,0.0,0,0,0,3146
proyeccion_videos,video::N1QkRu38BFE,N1QkRu38BFE,video,¡YA CAYÓ ALITO MORENO! ALERTA LO DESTITUYEN DIPUTADOS VOTAN PARA SACARLO DEL SENADO! CLAUDIA INFORMA,0,0.0,0.0,0.0,0.0028620758795720952,122,1,Alexis Burelo,News & Politics,0,0,0,0.0,0,0,0,15747
proyeccion_videos,video::NCvoO61aIfw,NCvoO61aIfw,video,Ya casi! Así avanza el Aerómetro que cambiará el transporte en Guatemala,0,0.0,0.0,0.0,0.0028620758795720952,123,1,One Life,Entertainment,0,0,0,0.0,0,0,0,26744
proyeccion_videos,video::NcIcixCdQH4,NcIcixCdQH4,video,PNC garantiza seguridad a turistas que visitan el colcán de Agua,0,0.0,0.0,0.0,0.0028620758795720952,124,1,PNCdeGuatemala,Science & Technology,0,0,0,0.0,0,0,0,7681
proyeccion_videos,video::Nc_Iy0MriYw,Nc_Iy0MriYw,video,🛑🛑Actualización PROVIAL🛑🛑,0,0.0,0.0,0.0,0.0028620758795720952,125,1,PROVIAL-CIV,News & Politics,0,0,0,0.0,0,0,0,179
proyeccion_videos,video::NnKpTEfhWjI,NnKpTEfhWjI,video,✅ ASÍ es una EXHIBICION DE BUSES EN GUATEMALA,0,0.0,0.0,0.0,0.0028620758795720952,126,1,De todo Gt,Travel & Events,0,0,0,0.0,0,0,0,424874
proyeccion_videos,video::O6gI0ooBM3E,O6gI0ooBM3E,video,¿Cómo es el tráfico en Guatemala? 56 días perdidos cada año y una emergencia nacional,0,0.0,0.0,0.0,0.0028620758795720952,127,1,República TV,News & Politics,0,0,0,0.0,0,0,0,16786
proyeccion_videos,video::OXf_VvvyIDw,OXf_VvvyIDw,video,Municipalidad de Guatemala 31/08/2026,0,0.0,0.0,0.0,0.0028620758795720952,128,1,Concejales de Oposición - Muni Guate,People & Blogs,0,0,0,0.0,0,0,0,28
proyeccion_videos,video::OgOICSTSa7k,OgOICSTSa7k,video,¡DÉJAME VIVIR! GUATEMALA INTENSIFICA LA LUCHA CONTRA LA CACERÍA ILEGAL DE FAUNA SILVESTRE,0,0.0,0.0,0.0,0.0028620758795720952,129,1,IDocumenta,News & Politics,0,0,0,0.0,0,0,0,6
proyeccion_videos,video::OkXlHx0hx-8,OkXlHx0hx-8,video,EE.UU. envía a mexicanos deportados a Guatemala antes de su regreso a México | Noticias Telemundo,0,0.0,0.0,0.0,0.0028620758795720952,130,1,Noticias Telemundo,News & Politics,25,18,0,0.0,0,0,0,14200
proyeccion_videos,video::On7jqOm1bpg,On7jqOm1bpg,video,🌟Seguimos avanzando🌱,0,0.0,0.0,0.0,0.0028620758795720952,131,1,CIV -Ministerio de Comunicaciones,News & Politics,0,0,0,0.0,0,0,0,10
proyeccion_videos,video::Oy6sKBhduu4,Oy6sKBhduu4,video,"Realizan Reunión Ordinaria de #CODEDE, 25 de febrero 2025.",0,0.0,0.0,0.0,0.0028620758795720952,132,1,Camarita Castro GT,People & Blogs,0,0,0,0.0,0,0,0,84
proyeccion_videos,video::Oztw_Hta52I,Oztw_Hta52I,video,TRAFICO EN GUATEMALA,0,0.0,0.0,0.0,0.0028620758795720952,133,1,CHAPINISIMO,Entertainment,0,0,0,0.0,0,0,0,2326
proyeccion_videos,video::PMaSDoG0H1U,PMaSDoG0H1U,video,¿Adiós al tráfico? Así es la nueva carretera Radial 6 para Guatemala,0,0.0,0.0,0.0,0.0028620758795720952,134,1,La Red 1061,News & Politics,0,0,0,0.0,0,0,0,60
proyeccion_videos,video::Pg1qw0KJI4E,Pg1qw0KJI4E,video,"Surgen detalles de la masacre en Boca del Monte: madre de un bombero e influencer, entre víctimas",0,0.0,0.0,0.0,0.0028620758795720952,135,1,PrensaLibreOficial,News & Politics,0,0,0,0.0,0,0,0,20503
proyeccion_videos,video::Q-MNTYsZgk4,Q-MNTYsZgk4,video,¿Qué ha pasado con la contaminación del aire?,0,0.0,0.0,0.0,0.0028620758795720952,136,1,Quorum,News & Politics,0,0,0,0.0,0,0,0,45
proyeccion_videos,video::Q7j1OUxkn9w,Q7j1OUxkn9w,video,Dañan puerta del área de parqueo del Congreso,0,0.0,0.0,0.0,0.0028620758795720952,137,1,InfoGT Noticias,People & Blogs,0,0,0,0.0,0,0,0,4725
proyeccion_videos,video::Q7nhEeibBK4,Q7nhEeibBK4,video,Desfile navideño 2024  -   @MunicipalidaddeGuatemala-1551,0,0.0,0.0,0.0,0.0028620758795720952,138,1,ALIS MOLINA CREA,Entertainment,0,0,0,0.0,0,0,0,255
proyeccion_videos,video::QUG4etpjgos,QUG4etpjgos,video,Guatemala Habla sobre la seguridad en el país,0,0.0,0.0,0.0,0.0028620758795720952,139,1,Diario de Centro América,News & Politics,0,0,0,0.0,0,0,0,35
proyeccion_videos,video::Qc_oHqe4Cjc,Qc_oHqe4Cjc,video,QUÉ GUARDAS EN LA CINTURA?  🔫🥕🥓🐷🤔@lilyvlogs6899 @ElJuanete1987 @Soychap1n @SimplementeFlori,0,0.0,0.0,0.0,0.0028620758795720952,140,1,CANALES ROBOS Y MENTIRAS 💰🧐,People & Blogs,0,0,0,0.0,0,0,0,2166
proyeccion_videos,video::R-fRv_WoZOE,R-fRv_WoZOE,video,Conferencia de Prensa del Gobierno de Guatemala. #LaRondaGT,0,0.0,0.0,0.0,0.0028620758795720952,141,1,Gobierno de la República de Guatemala,Entertainment,0,0,0,0.0,0,0,0,1284
proyeccion_videos,video::RIpKKQh26cg,RIpKKQh26cg,video,Ejército de Guatemala descubre túnel para fuga masiva en penal de Pavón,0,0.0,0.0,0.0,0.0028620758795720952,142,1,TN23 Guatemala,News & Politics,0,0,0,0.0,0,0,0,29782
proyeccion_videos,video::RjG-y7Y2-k4,RjG-y7Y2-k4,video,#EnVivoDCA | Conferencia de prensa del Gobierno de Guatemala,0,0.0,0.0,0.0,0.0028620758795720952,143,1,Diario de Centro América,News & Politics,0,0,0,0.0,0,0,0,239
proyeccion_videos,video::Rk-3ks9mh3o,Rk-3ks9mh3o,video,CIV ✔️ garantiza transparencia 🔍 y rendición de cuentas📝,0,0.0,0.0,0.0,0.0028620758795720952,144,1,CIV -Ministerio de Comunicaciones,News & Politics,0,0,0,0.0,0,0,0,21
proyeccion_videos,video::ShYWqmOpjFk,ShYWqmOpjFk,video,Ministro de Comunicaciones reitera sobre avances en ruta Palín-Escuintla,0,0.0,0.0,0.0,0.0028620758795720952,145,1,La Hora,News & Politics,0,0,0,0.0,0,0,0,242
proyeccion_videos,video::SryjaiL2B4Q,SryjaiL2B4Q,video,#EnVivoDCA | Conferencia de prensa del Gobierno de Guatemala,0,0.0,0.0,0.0,0.0028620758795720952,146,1,Diario de Centro América,News & Politics,0,0,0,0.0,0,0,0,352
proyeccion_videos,video::THY2YBne3QE,THY2YBne3QE,video,"Los ALUCINANTES autobuses de Guatemala | ""Burras""",0,0.0,0.0,0.0,0.0028620758795720952,147,1,Luisito Comunica,Comedy,0,0,0,0.0,0,0,0,8190449
proyeccion_videos,video::TSID63-IC3Y,TSID63-IC3Y,video,Operativo Relámpago de -PROVIAL - DGT - DIACO -  en 41 Calle Zona 8 de la ciudad Capital.,0,0.0,0.0,0.0,0.0028620758795720952,148,1,PROVIAL-CIV,People & Blogs,0,0,0,0.0,0,0,0,332
proyeccion_videos,video::TT4qJ5FXHYE,TT4qJ5FXHYE,video,"I’x K’at: el primer equipo guatemalteco de pelota maya, conformado únicamente por mujeres.",0,0.0,0.0,0.0,0.0028620758795720952,149,1,Quorum,News & Politics,4,4,0,0.0,0,0,0,1075
proyeccion_videos,video::TTijnAoFnzY,TTijnAoFnzY,video,Conred reprograma simulacro nacional para el 24 de febrero,0,0.0,0.0,0.0,0.0028620758795720952,150,1,T13 Noticias Guatemala,News & Politics,0,0,0,0.0,0,0,0,200
proyeccion_videos,video::TXlMv6bt25w,TXlMv6bt25w,video,"Más de 42 mil afectados por lluvias en Guatemala; Conred reporta 1,046 emergencias",0,0.0,0.0,0.0,0.0028620758795720952,151,1,PrensaLibreOficial,News & Politics,0,0,0,0.0,0,0,0,2294
proyeccion_videos,video::TnZGNY1RsJE,TnZGNY1RsJE,video,Festival navideño 2025 @MunicipalidaddeGuatemala-1551,0,0.0,0.0,0.0,0.0028620758795720952,152,1,HeX4EveR,People & Blogs,0,0,0,0.0,0,0,0,148
proyeccion_videos,video::UDFS8gl80h8,UDFS8gl80h8,video,#AprendeConCONRED qué es el Sistema CONRED y quienes lo conforman.,0,0.0,0.0,0.0,0.0028620758795720952,153,1,Conred,Education,0,0,0,0.0,0,0,0,521
proyeccion_videos,video::UTf26hS1UJ8,UTf26hS1UJ8,video,🚦💙 PROVIAL: Proteger y Servir,0,0.0,0.0,0.0,0.0028620758795720952,154,1,PROVIAL-CIV,Education,0,0,0,0.0,0,0,0,38
proyeccion_videos,video::UcvHq8j-J38,UcvHq8j-J38,video,"Ministerio de Comunicaciones, Infraestructura y Vivienda y los Consejos de Desarrollo",0,0.0,0.0,0.0,0.0028620758795720952,155,1,Ministerio de Finanzas Públicas Guatemala,News & Politics,0,0,0,0.0,0,0,0,222
proyeccion_videos,video::UhL9y3KUl8E,UhL9y3KUl8E,video,SHAI WA: la vecina queer de Casa Presidencial,0,0.0,0.0,0.0,0.0028620758795720952,156,1,Quorum,News & Politics,1,1,0,0.0,0,0,0,1755
proyeccion_videos,video::UzeOcBM9cuU,UzeOcBM9cuU,video,Conred Podcast Episodio 04: Amenaza sísmica y volcánica en Guatemala,0,0.0,0.0,0.0,0.0028620758795720952,157,1,Conred,Education,0,0,0,0.0,0,0,0,127
proyeccion_videos,video::VfBrLONPnFM,VfBrLONPnFM,video,ME quité el MIEDO de viajar en los buses de GUATEMALA 🔥,0,0.0,0.0,0.0,0.0028620758795720952,158,1,De todo Gt,People & Blogs,0,0,0,0.0,0,0,0,329489
proyeccion_videos,video::VgcpKa1h_2Q,VgcpKa1h_2Q,video,CONQUISTA LA CIUDAD / 21K BAM de la Municipalidad de Guatemala,0,0.0,0.0,0.0,0.0028620758795720952,159,1,21KMuniGuate,Sports,0,0,0,0.0,0,0,0,3110
proyeccion_videos,video::VuIl4tjeKGQ,VuIl4tjeKGQ,video,La ciudad sigue modernizándose para ti y tu familia.,0,0.0,0.0,0.0,0.0028620758795720952,160,1,Municipalidad de Guatemala,News & Politics,0,0,0,0.0,0,0,0,39168
proyeccion_videos,video::W415t12o3DA,W415t12o3DA,video,Mujer con crisis nerviosa tras intento de asalto,0,0.0,0.0,0.0,0.0028620758795720952,161,1,TN23 Guatemala,News & Politics,0,0,0,0.0,0,0,0,4737
proyeccion_videos,video::WQcgx8rs0Qo,WQcgx8rs0Qo,video,"PMT SE BURL4 DE UN MOTORISTA D1SC4PACIT4D0, DISCULPESE POR FAVOR VILLA NUEVA, GUATEMALA.",0,0.0,0.0,0.0,0.0028620758795720952,162,1,Cronos Time GT,Education,0,0,0,0.0,0,0,0,1861
proyeccion_videos,video::WXA2Apo79jA,WXA2Apo79jA,video,Resumen de atención a Emergencias CIV,0,0.0,0.0,0.0,0.0028620758795720952,163,1,CIV -Ministerio de Comunicaciones,News & Politics,0,0,0,0.0,0,0,0,29
proyeccion_videos,video::WXgGL9rZUHo,WXgGL9rZUHo,video,#EnvivoDCA | Conferencia de prensa del Gobierno de Guatemala,0,0.0,0.0,0.0,0.0028620758795720952,164,1,Diario de Centro América,News & Politics,0,0,0,0.0,0,0,0,190
proyeccion_videos,video::XLkVzqqL34Q,XLkVzqqL34Q,video,Nueva Mega Autopista Xochi en Guatemala 🇬🇹 ¿Vale la pena? (Te ahorra hasta 3 horas),0,0.0,0.0,0.0,0.0028620758795720952,165,1,One Life,Entertainment,0,0,0,0.0,0,0,0,44510
proyeccion_videos,video::XVZM15KVXjM,XVZM15KVXjM,video,Conoce sobre la actualización de la Norma para la Reducción de Desastres número 2 (NRD2).,0,0.0,0.0,0.0,0.0028620758795720952,166,1,Conred,Education,0,0,0,0.0,0,0,0,267
proyeccion_videos,video::X_FAIef8qlE,X_FAIef8qlE,video,Cruzando la ciudad a puro Transmetro,0,0.0,0.0,0.0,0.0028620758795720952,167,1,Quorum,News & Politics,1,1,0,0.0,0,0,0,1140
proyeccion_videos,video::XktDG8dmcd0,XktDG8dmcd0,video,Torrenciales lluvias dejan decenas de muertos y miles de evacuados,0,0.0,0.0,0.0,0.0028620758795720952,168,1,DW Español,News & Politics,0,0,0,0.0,0,0,0,5171
proyeccion_videos,video::YJohmVLc9QA,YJohmVLc9QA,video,How to Get Around Guatemala: Complete Transportation Guide (2026),0,0.0,0.0,0.0,0.0028620758795720952,169,1,Chris & Grace,Travel & Events,0,0,0,0.0,0,0,0,3897
proyeccion_videos,video::YLFXK2c60Xc,YLFXK2c60Xc,video,Por estas razones el 65% de las denuncias por violación en Guatemala nunca llega a un tribunal,0,0.0,0.0,0.0,0.0028620758795720952,170,1,Quorum,News & Politics,0,0,0,0.0,0,0,0,200
proyeccion_videos,video::YSsECnqTVik,YSsECnqTVik,video,Suscriben convenios para transferencia de fondos a CAIMUS y entidades especializadas,0,0.0,0.0,0.0,0.0028620758795720952,171,1,Ministerio de Gobernación,News & Politics,0,0,0,0.0,0,0,0,15
proyeccion_videos,video::ZHJoIah2Owo,ZHJoIah2Owo,video,Conoce como funciona el Sistema Conred  #laprevenciónestareadetodos,0,0.0,0.0,0.0,0.0028620758795720952,172,1,Conred,Education,0,0,0,0.0,0,0,0,182
proyeccion_videos,video::ZNwStkzWgso,ZNwStkzWgso,video,Elección judicial en Guatemala: Astrid Lemus y Luis Bermejo electos para corte de constitucionalidad,0,0.0,0.0,0.0,0.0028620758795720952,173,1,CNN en Español,News & Politics,0,0,0,0.0,0,0,0,24636
proyeccion_videos,video::ZPBiWdHXg20,ZPBiWdHXg20,video,Piloto de tráiler accidentado en ruta al Atlántico era un menor y murió en el lugar,0,0.0,0.0,0.0,0.0028620758795720952,174,1,PrensaLibreOficial,News & Politics,0,0,0,0.0,0,0,0,233632
proyeccion_videos,video::ZS74P3DnykA,ZS74P3DnykA,video,"Policía Nacional Civil gradúa 3,978 nuevos agentes",0,0.0,0.0,0.0,0.0028620758795720952,175,1,PNCdeGuatemala,News & Politics,0,0,0,0.0,0,0,0,115270
proyeccion_videos,video::Z_pWnOi7oRw,Z_pWnOi7oRw,video,#EnVivoDCA | Conferencia de prensa del Gobierno de Guatemala,0,0.0,0.0,0.0,0.0028620758795720952,176,1,Diario de Centro América,News & Politics,0,0,0,0.0,0,0,0,1329
proyeccion_videos,video::ZhrDgVZkhg4,ZhrDgVZkhg4,video,FORMACION BRIGADA DE PROVIAL,0,0.0,0.0,0.0,0.0028620758795720952,177,1,PROVIAL GUATEMALA,People & Blogs,0,0,0,0.0,0,0,0,4419
proyeccion_videos,video::_1VIxOLyaUQ,_1VIxOLyaUQ,video,Sonido de trafico y ciudad 💤 ruido de calle para dormir bebés y relajarse,0,0.0,0.0,0.0,0.0028620758795720952,178,1,Ambient Sound Explorer,Entertainment,0,0,0,0.0,0,0,0,330057
proyeccion_videos,video::_3kK0or6QI0,_3kK0or6QI0,video,PROVIAL guatemala,0,0.0,0.0,0.0,0.0028620758795720952,179,1,heto009,News & Politics,0,0,0,0.0,0,0,0,2054
proyeccion_videos,video::_Lcbi4NCHRA,_Lcbi4NCHRA,video,Tercer Informe General de la República,0,0.0,0.0,0.0,0.0028620758795720952,180,1,Gobierno de Guatemala,News & Politics,0,0,0,0.0,0,0,0,305269
proyeccion_videos,video::_NSq2q0mzCY,_NSq2q0mzCY,video,42K y 21K MuniGuate 🏃🏻🏃🏻‍♀️,0,0.0,0.0,0.0,0.0028620758795720952,181,1,Municipalidad de Guatemala,News & Politics,0,0,0,0.0,0,0,0,47
proyeccion_videos,video::_cUZT7LMKE0,_cUZT7LMKE0,video,Conferencia de Prensa del Gobierno de Guatemala. #LaRondaGt,0,0.0,0.0,0.0,0.0028620758795720952,182,1,Gobierno de la República de Guatemala,Entertainment,0,0,0,0.0,0,0,0,2708
proyeccion_videos,video::a2zgl-1KZwY,a2zgl-1KZwY,video,#CadenaNacional | Mensaje del Presidente Bernardo Arévalo a la nación,0,0.0,0.0,0.0,0.0028620758795720952,183,1,Gobierno de la República de Guatemala,Entertainment,0,0,0,0.0,0,0,0,2334
proyeccion_videos,video::a3QGSpNx9Mg,a3QGSpNx9Mg,video,Guatemala ya no aguanta el tráfico… ¿Funcionará el Aerómetro?,0,0.0,0.0,0.0,0.0028620758795720952,184,1,Entre Caminos,Travel & Events,0,0,0,0.0,0,0,0,8098
proyeccion_videos,video::a6QFfhpY53g,a6QFfhpY53g,video,Provial Informa,0,0.0,0.0,0.0,0.0028620758795720952,185,1,PROVIAL-CIV,People & Blogs,0,0,0,0.0,0,0,0,49
proyeccion_videos,video::aRKgOSxgsF0,aRKgOSxgsF0,video,@GobiernodeGuatemala,0,0.0,0.0,0.0,0.0028620758795720952,186,1,luis arturo ceberg ulban,People & Blogs,0,0,0,0.0,0,0,0,2
proyeccion_videos,video::aSbvMYJhmCc,aSbvMYJhmCc,video,Policía Nacional Civil,0,0.0,0.0,0.0,0.0028620758795720952,187,1,Ministerio de Gobernación,News & Politics,0,0,0,0.0,0,0,0,4346
proyeccion_videos,video::a_kAe9IhBbo,a_kAe9IhBbo,video,Tráiler impacta pasarela en Aguilar Batres y provoca cierre parcial hacia la capital,0,0.0,0.0,0.0,0.0028620758795720952,188,1,PrensaLibreOficial,News & Politics,0,0,0,0.0,0,0,0,255
proyeccion_videos,video::ahicr7fQREY,ahicr7fQREY,video,Conred Podcast Episodio 9: Servidores Cívicos construyendo una cultura de prevención,0,0.0,0.0,0.0,0.0028620758795720952,189,1,Conred,Education,0,0,0,0.0,0,0,0,65
proyeccion_videos,video::almmnboHkwM,almmnboHkwM,video,Se mueve Guate 🚌,0,0.0,0.0,0.0,0.0028620758795720952,190,1,Municipalidad de Guatemala,News & Politics,0,0,0,0.0,0,0,0,297
proyeccion_videos,video::anFbrgqxdzY,anFbrgqxdzY,video,Horas Antes del Big One | Dentro de Ciudad de Guatemala Exactamente Antes del Terremoto (1976),0,0.0,0.0,0.0,0.0028620758795720952,191,1,Nostalgia Latina,People & Blogs,0,0,0,0.0,0,0,0,222656
proyeccion_videos,video::aoz2j4TTl4E,aoz2j4TTl4E,video,Rutas Alternas a partir del lunes 03 de agosto por avances de #AeroMetroGT,0,0.0,0.0,0.0,0.0028620758795720952,192,1,Municipalidad de Guatemala,News & Politics,0,0,0,0.0,0,0,0,8905
proyeccion_videos,video::bBz8nX4pMxc,bBz8nX4pMxc,video,Conred e Insivumeh informan sobre sismos en Guatemala este 31 de julio,0,0.0,0.0,0.0,0.0028620758795720952,193,1,Guatevisión,Entertainment,0,0,0,0.0,0,0,0,1115
proyeccion_videos,video::bMoENbSBSNs,bMoENbSBSNs,video,¿Por qué Guatemala es una República? El decreto del 21 de marzo de 1847 y Rafael Carrera,0,0.0,0.0,0.0,0.0028620758795720952,194,1,El profe de Historia Gt,Education,0,0,0,0.0,0,0,0,1134
proyeccion_videos,video::bg1KCMaIrRM,bg1KCMaIrRM,video,"¡Atención, vecinos!",0,0.0,0.0,0.0,0.0028620758795720952,195,1,Municipalidad de Guatemala,News & Politics,0,0,0,0.0,0,0,0,1965
proyeccion_videos,video::bzosgvntOXU,bzosgvntOXU,video,Municipalidad de Guatemala 05/09/2025,0,0.0,0.0,0.0,0.0028620758795720952,196,1,Concejales de Oposición - Muni Guate,People & Blogs,0,0,0,0.0,0,0,0,160
proyeccion_videos,video::cl3Rpw9MstQ,cl3Rpw9MstQ,video,Municipalidad de Guatemala sigue trabajando,0,0.0,0.0,0.0,0.0028620758795720952,197,1,Municipalidad de Guatemala,News & Politics,0,0,0,0.0,0,0,0,484
proyeccion_videos,video::cpoiRUtF9uU,cpoiRUtF9uU,video,Congreso termina jornada sin acuerdos para aliviar precio de combustibles #ALAS7AM (02/09/2026),0,0.0,0.0,0.0,0.0028620758795720952,198,1,Canal Antigua,News & Politics,0,0,0,0.0,0,0,0,117
proyeccion_videos,video::csqia7f3OIE,csqia7f3OIE,video,SISTEMA CONRED Y METODOLOGÍA DE LOS 6 PASOS,0,0.0,0.0,0.0,0.0028620758795720952,199,1,Carlitos Gamboa,People & Blogs,0,0,0,0.0,0,0,0,509
proyeccion_videos,video::d-V_Aw1t6nI,d-V_Aw1t6nI,video,Graduacion  de la 57 Promocion  de la Policia Nacional Civil  de Guatemala.,0,0.0,0.0,0.0,0.0028620758795720952,200,1,PNCdeGuatemala,People & Blogs,0,0,0,0.0,0,0,0,1643
proyeccion_videos,video::dJcNu9YYwh4,dJcNu9YYwh4,video,"Lluvias, ceniza y calor extremo: así estará el clima en Guatemala, según Insivumeh",0,0.0,0.0,0.0,0.0028620758795720952,201,1,PrensaLibreOficial,News & Politics,0,0,0,0.0,0,0,0,1061
proyeccion_videos,video::dLctzx8qCgA,dLctzx8qCgA,video,¿Cómo la CIA ALTERÓ el DESTINO de GUATEMALA para siempre?,0,0.0,0.0,0.0,0.0028620758795720952,202,1,Alan Delmonte,Education,0,0,0,0.0,0,0,0,108616
proyeccion_videos,video::dWhSTyhegeQ,dWhSTyhegeQ,video,Personal de Provial explica de empresas que verificarán implementación de limitadores de velocidad,0,0.0,0.0,0.0,0.0028620758795720952,203,1,La Hora,News & Politics,0,0,0,0.0,0,0,0,341
proyeccion_videos,video::dccwBXfxxiI,dccwBXfxxiI,video,¡Espacios iluminados y seguros!,0,0.0,0.0,0.0,0.0028620758795720952,204,1,Municipalidad de Guatemala,News & Politics,0,0,0,0.0,0,0,0,38773
proyeccion_videos,video::dsyLiSCrwcU,dsyLiSCrwcU,video,"3 KIEBRES ES DOLOROSO QUE EN CHIQUIMULA AÚN HAY COMUNIDADES SIN ENERGÍA ELÉCTRICA, GUATEMALA.",0,0.0,0.0,0.0,0.0028620758795720952,205,1,Cronos Time GT,Education,0,0,0,0.0,0,0,0,701
proyeccion_videos,video::dvy9rQpqLWY,dvy9rQpqLWY,video,Conferencia de Prensa del Gobierno de Guatemala. #LaRondaGT,0,0.0,0.0,0.0,0.0028620758795720952,206,1,Gobierno de la República de Guatemala,Entertainment,0,0,0,0.0,0,0,0,959
proyeccion_videos,video::dya9nbxqWXE,dya9nbxqWXE,video,ANDY EL MUÑEQUITO TRABAJADOR 🥴🏍🥴🤣@Soychap1n @lucilaylossinar @lilyvlogs6899,0,0.0,0.0,0.0,0.0028620758795720952,207,1,CANALES ROBOS Y MENTIRAS 💰🧐,People & Blogs,0,0,0,0.0,0,0,0,4939
proyeccion_videos,video::ebbgBtNrRz8,ebbgBtNrRz8,video,Las fuertes lluvias en Guatemala dejan al menos tres fallecidos en zonas rurales | Telemundo,0,0.0,0.0,0.0,0.0028620758795720952,208,1,Noticias Telemundo,News & Politics,0,0,0,0.0,0,0,0,63249
proyeccion_videos,video::ewdf3q1tuCA,ewdf3q1tuCA,video,INTERPOL Guatemala captura a mujer por prostituir a señoritas,0,0.0,0.0,0.0,0.0028620758795720952,209,1,Noti7,News & Politics,0,0,0,0.0,0,0,0,71048
proyeccion_videos,video::fBljA_npiMs,fBljA_npiMs,video,Refuerzan acciones para prevenir y combatir la trata de personas,0,0.0,0.0,0.0,0.0028620758795720952,210,1,Ministerio de Gobernación,News & Politics,0,0,0,0.0,0,0,0,36
proyeccion_videos,video::fenMcON-DjY,fenMcON-DjY,video,Encendido del Fuego Patrio y Mensaje Vicepresidencial,0,0.0,0.0,0.0,0.0028620758795720952,211,1,Gobierno de la República de Guatemala,Entertainment,0,0,0,0.0,0,0,0,424
proyeccion_videos,video::ffguGnMImL0,ffguGnMImL0,video,CIV inicia trabajos de bacheo y limpieza en las diferentes rutas del país,0,0.0,0.0,0.0,0.0028620758795720952,212,1,Gobierno de Guatemala,News & Politics,0,0,0,0.0,0,0,0,848
proyeccion_videos,video::g0aCNpZaAZ8,g0aCNpZaAZ8,video,PMT de Guatemala es ejemplo para otros municipios,0,0.0,0.0,0.0,0.0028620758795720952,213,1,Municipalidad de Guatemala,News & Politics,0,0,0,0.0,0,0,0,4103
proyeccion_videos,video::gF42rhVhP8w,gF42rhVhP8w,video,Tenemos un gran problema con la seguridad de las construcciones en Guatemala,0,0.0,0.0,0.0,0.0028620758795720952,214,1,TanGente Podcast,Entertainment,0,0,0,0.0,0,0,0,9033
proyeccion_videos,video::gbcggAMJczg,gbcggAMJczg,video,Dionel  Art s Vídeo danzando con la muerte,0,0.0,0.0,0.0,0.0028620758795720952,215,1,Dionel.Art_music,People & Blogs,0,0,0,0.0,0,0,0,7
proyeccion_videos,video::go4jAhCJS0w,go4jAhCJS0w,video,Así reaccionaría la guardia presidencial de la Saas en caso de una emergencia,0,0.0,0.0,0.0,0.0028620758795720952,216,1,PrensaLibreOficial,News & Politics,0,0,0,0.0,0,0,0,7381
proyeccion_videos,video::hGOvuWe8P3Q,hGOvuWe8P3Q,video,🔴ENTREGAN A NOROÑA ALITO NEGOCIA CON MONREAL PREPARAN MEGÁFONOS PORROS DEL PRIAN,0,0.0,0.0,0.0,0.0028620758795720952,217,1,Vittor Blogs,News & Politics,0,0,0,0.0,0,0,0,6682
proyeccion_videos,video::hy0mwEHr6V0,hy0mwEHr6V0,video,MI3 será utilizado dentro de las evaluaciones a aspirantes a PNC,0,0.0,0.0,0.0,0.0028620758795720952,218,1,Ministerio de Gobernación,News & Politics,0,0,0,0.0,0,0,0,127595
proyeccion_videos,video::iBX5DMQSf3s,iBX5DMQSf3s,video,Conmemoramos el 153 Aniversario de la Escuela Politécnica y Día del cadete.,0,0.0,0.0,0.0,0.0028620758795720952,219,1,Gobierno de la República de Guatemala,Entertainment,0,0,0,0.0,0,0,0,1264
proyeccion_videos,video::iCbGedZRRE8,iCbGedZRRE8,video,Conferencia de Prensa del Gobierno de Guatemala. #LaRondaGT,0,0.0,0.0,0.0,0.0028620758795720952,220,1,Gobierno de la República de Guatemala,Entertainment,0,0,0,0.0,0,0,0,1058
proyeccion_videos,video::iEmScdnYQdg,iEmScdnYQdg,video,La nueva ruta que evita El Trébol,0,0.0,0.0,0.0,0.0028620758795720952,221,1,Tráfico Sin Censura,People & Blogs,0,0,0,0.0,0,0,0,8502
proyeccion_videos,video::iWYddxEszoM,iWYddxEszoM,video,#EnVivoDCA | Conferencia de prensa del Gobierno de Guatemala,0,0.0,0.0,0.0,0.0028620758795720952,222,1,Diario de Centro América,News & Politics,0,0,0,0.0,0,0,0,264
proyeccion_videos,video::iacCQ4VyWWc,iacCQ4VyWWc,video,"Los conservadores y los liberales, Historia de Guatemala",0,0.0,0.0,0.0,0.0028620758795720952,223,1,Panda 01,People & Blogs,0,0,0,0.0,0,0,0,25431
proyeccion_videos,video::ifJFNGT4azU,ifJFNGT4azU,video,Podcast Guatemala Ahora Yo Se: Medidas De Seguridad Con el Lic. Ariel Yos y el Lic. Gabriel Quiñones,0,0.0,0.0,0.0,0.0028620758795720952,224,1,Ahora Yose,People & Blogs,0,0,0,0.0,0,0,0,3631
proyeccion_videos,video::j4akBH678fw,j4akBH678fw,video,El paso a desnivel Calzada Roosevelt lleva más conexión y mejor movilidad para la población.,0,0.0,0.0,0.0,0.0028620758795720952,225,1,Gobierno de la República de Guatemala,Entertainment,0,0,0,0.0,0,0,0,649
proyeccion_videos,video::jQGvhMPMuAI,jQGvhMPMuAI,video,#DiálogoCentral | El clima de la semana: adiós a la canícula ¿llegan las lluvias? 🌦️,0,0.0,0.0,0.0,0.0028620758795720952,226,1,Canal Antigua,News & Politics,0,0,0,0.0,0,0,0,214
proyeccion_videos,video::jSw-nFh94qQ,jSw-nFh94qQ,video,Gobernación promueve espacios de sana convivencia,0,0.0,0.0,0.0,0.0028620758795720952,227,1,Ministerio de Gobernación,News & Politics,0,0,0,0.0,0,0,0,59
proyeccion_videos,video::kaZgtwqwLrI,kaZgtwqwLrI,video,@rumzacapait @GobiernodeGuatemala,0,0.0,0.0,0.0,0.0028620758795720952,228,1,TRAYECTORIA Y EXITO CON ANABELLA CORDON,People & Blogs,0,0,0,0.0,0,0,0,74
proyeccion_videos,video::kjwvEESqSHA,kjwvEESqSHA,video,¿VALE la PENA VIAJAR de GUATEMALA a  XELA en BUS?  Descúbrelo,0,0.0,0.0,0.0,0.0028620758795720952,229,1,De todo Gt,People & Blogs,0,0,0,0.0,0,0,0,216172
proyeccion_videos,video::l-mH80ygqFY,l-mH80ygqFY,video,Avances en proyectos municipales por el desarrollo y bienestar en la ciudad.,0,0.0,0.0,0.0,0.0028620758795720952,230,1,Municipalidad de Guatemala,News & Politics,0,0,0,0.0,0,0,0,256
proyeccion_videos,video::lAsODhYGcTE,lAsODhYGcTE,video,Gobierno busca a toda costa sacar a Consuelo Porras,0,0.0,0.0,0.0,0.0028620758795720952,231,1,Noticias VR,People & Blogs,0,0,0,0.0,0,0,0,3
proyeccion_videos,video::lNuxq8OKCpc,lNuxq8OKCpc,video,Lluvias convierten calles en ríos en Villa Nueva y San Miguel Petapa,0,0.0,0.0,0.0,0.0028620758795720952,232,1,PrensaLibreOficial,News & Politics,0,0,0,0.0,0,0,0,7663
proyeccion_videos,video::lYyGqHAL5nM,lYyGqHAL5nM,video,Comuna lanzó nueva imagen de la PM y PMT,0,0.0,0.0,0.0,0.0028620758795720952,233,1,Municipalidad de Guatemala,People & Blogs,0,0,0,0.0,0,0,0,286
proyeccion_videos,video::lj983NWyAQY,lj983NWyAQY,video,Plan 2032 Ciudad de Guatemala,0,0.0,0.0,0.0,0.0028620758795720952,234,1,Municipalidad de Guatemala,News & Politics,25,25,0,0.0,0,0,0,304089
proyeccion_videos,video::lkdwGwrJKeM,lkdwGwrJKeM,video,🇬🇹 ¿Es seguro VIAJAR a Guatemala? Consejos prácticos para que todo te salga bien,0,0.0,0.0,0.0,0.0028620758795720952,235,1,Un Angel Viajando,Travel & Events,0,0,0,0.0,0,0,0,5298
proyeccion_videos,video::mCoOL2p0il4,mCoOL2p0il4,video,Municipalidad de Guatemala   08/08/2025,0,0.0,0.0,0.0,0.0028620758795720952,236,1,Concejales de Oposición - Muni Guate,People & Blogs,0,0,0,0.0,0,0,0,118
proyeccion_videos,video::mPtR2HskBTE,mPtR2HskBTE,video,Municipalidad de Guatemala   17/02/2025,0,0.0,0.0,0.0,0.0028620758795720952,237,1,Concejales de Oposición - Muni Guate,People & Blogs,0,0,0,0.0,0,0,0,729
proyeccion_videos,video::mQH6bhmp_LY,mQH6bhmp_LY,video,Quorum: ¿Cómo investigamos la crisis del agua?,0,0.0,0.0,0.0,0.0028620758795720952,238,1,Quorum,News & Politics,0,0,0,0.0,0,0,0,142
proyeccion_videos,video::n31eyGuRKqo,n31eyGuRKqo,video,El tráfico en Guatemala nos está enfermando - TanGente Salud Mental,0,0.0,0.0,0.0,0.0028620758795720952,239,1,TanGente Podcast,People & Blogs,0,0,0,0.0,0,0,0,932
proyeccion_videos,video::n4xHxJPNr78,n4xHxJPNr78,video,🚫LOS FAMOSOS BUSES ESMERALDA los mas RÁPIDOS DE GUATEMALA 😱,0,0.0,0.0,0.0,0.0028620758795720952,240,1,De todo Gt,People & Blogs,0,0,0,0.0,0,0,0,3152619
proyeccion_videos,video::nKJhNH86HGE,nKJhNH86HGE,video,Se realiza taller de UNICEF sobre el plan de acción de la política pública contra la violencia sexua,0,0.0,0.0,0.0,0.0028620758795720952,241,1,Ministerio de Gobernación,News & Politics,0,0,0,0.0,0,0,0,7
proyeccion_videos,video::nPbC8-Ebat4,nPbC8-Ebat4,video,Pareja de sicarios capturada tras ataque armado contra piloto de autobús,0,0.0,0.0,0.0,0.0028620758795720952,242,1,PNCdeGuatemala,Science & Technology,0,0,0,0.0,0,0,0,70537
proyeccion_videos,video::ncOU7iZR5jY,ncOU7iZR5jY,video,Carlos Pineda y Andre Pozuelos | Seguridad II- Guatemala tiene solución | Ep. 3,0,0.0,0.0,0.0,0.0028620758795720952,243,1,Carlos Pineda,People & Blogs,0,0,0,0.0,0,0,0,3279
proyeccion_videos,video::nhhXiHI4rrw,nhhXiHI4rrw,video,Policía Nacional Civil participa en desfile del día del Ejército. #ProtegerYServir,0,0.0,0.0,0.0,0.0028620758795720952,244,1,PNCdeGuatemala,News & Politics,0,0,0,0.0,0,0,0,21534
proyeccion_videos,video::nv6wMdQ997Q,nv6wMdQ997Q,video,PMT en todo,0,0.0,0.0,0.0,0.0028620758795720952,245,1,Municipalidad de Guatemala,News & Politics,0,0,0,0.0,0,0,0,2107
proyeccion_videos,video::pNInRBsPbHE,pNInRBsPbHE,video,Encuentro por el agua,0,0.0,0.0,0.0,0.0028620758795720952,246,1,Quorum,News & Politics,0,0,0,0.0,0,0,0,185
proyeccion_videos,video::qFsSnnRdJBg,qFsSnnRdJBg,video,Avanza construcción de la Estrategia Nacional de Datos Abiertos,0,0.0,0.0,0.0,0.0028620758795720952,247,1,Ministerio de Gobernación,News & Politics,0,0,0,0.0,0,0,0,11
proyeccion_videos,video::qrdEegnTnaY,qrdEegnTnaY,video,XVII Promoción de Brigadas PROVIAL,0,0.0,0.0,0.0,0.0028620758795720952,248,1,PROVIAL-CIV,People & Blogs,0,0,0,0.0,0,0,0,416
proyeccion_videos,video::rNpBtQXUMbE,rNpBtQXUMbE,video,PMT es ejemplo en Guatemala,0,0.0,0.0,0.0,0.0028620758795720952,249,1,Municipalidad de Guatemala,News & Politics,0,0,0,0.0,0,0,0,3212
proyeccion_videos,video::rQEb4el3Lok,rQEb4el3Lok,video,"Policía Nacional Civil en busca de mareros, imitadores y colaboradores de grupos delictivos",0,0.0,0.0,0.0,0.0028620758795720952,250,1,PNCdeGuatemala,News & Politics,0,0,0,0.0,0,0,0,9637
proyeccion_videos,video::rSQKmOX1Tfc,rSQKmOX1Tfc,video,TU VIDA VALE  PROVIAL  TIEMPO AZUL & PAOLA PÉRLOP,0,0.0,0.0,0.0,0.0028620758795720952,251,1,Mosca Visión,Music,0,0,0,0.0,0,0,0,5262
proyeccion_videos,video::rjFut_yJcr8,rjFut_yJcr8,video,Ministro de CIV conversó sobre los retos  actuales de la infraestructura vial en Guatemala,0,0.0,0.0,0.0,0.0028620758795720952,252,1,Canal Antigua,News & Politics,0,0,0,0.0,0,0,0,800
proyeccion_videos,video::s0eco-BofOs,s0eco-BofOs,video,¿Quiénes pagan más en Centroamérica?,0,0.0,0.0,0.0,0.0028620758795720952,253,1,Quorum,News & Politics,1,1,0,0.0,0,0,0,220
proyeccion_videos,video::sAPrXzrdstM,sAPrXzrdstM,video,Funciones del Ministerio de Gobernación,0,0.0,0.0,0.0,0.0028620758795720952,254,1,Ministerio de Gobernación,News & Politics,0,0,0,0.0,0,0,0,8970
proyeccion_videos,video::soZMwC0Cj18,soZMwC0Cj18,video,Lluvias causan inundaciones y deslizamiento en Alta Verapaz,0,0.0,0.0,0.0,0.0028620758795720952,255,1,PrensaLibreOficial,News & Politics,0,0,0,0.0,0,0,0,1405
proyeccion_videos,video::tEfZlrP4L5I,tEfZlrP4L5I,video,#EnVivoDCA | Conferencia de Prensa del Gobierno de Guatemala,0,0.0,0.0,0.0,0.0028620758795720952,256,1,Diario de Centro América,News & Politics,0,0,0,0.0,0,0,0,265
proyeccion_videos,video::tK__qZZ-H5w,tK__qZZ-H5w,video,Conferencia de Prensa del Gobierno de Guatemala. #LaRondaGT,0,0.0,0.0,0.0,0.0028620758795720952,257,1,Gobierno de la República de Guatemala,Entertainment,0,0,0,0.0,0,0,0,866
proyeccion_videos,video::tXLhWHWGaao,tXLhWHWGaao,video,Breve historia política de Guatemala,0,0.0,0.0,0.0,0.0028620758795720952,258,1,Crónica Panamericana,People & Blogs,0,0,0,0.0,0,0,0,144134
proyeccion_videos,video::tb6LaOWGAIo,tb6LaOWGAIo,video,"Guía Definitiva para viajar a Guatemala 2026 🇬🇹 Qué ver, itinerarios, precios y consejos",0,0.0,0.0,0.0,0.0028620758795720952,259,1,Welcome to el Mundo,Travel & Events,0,0,0,0.0,0,0,0,104869
proyeccion_videos,video::tcAQGuuo_Uc,tcAQGuuo_Uc,video,El Ministerio de Gobernación Guatemala  brinda conferencia de prensa.,0,0.0,0.0,0.0,0.0028620758795720952,260,1,Gobierno de la República de Guatemala,Entertainment,0,0,0,0.0,0,0,0,2254
proyeccion_videos,video::tg2QuZFdn4c,tg2QuZFdn4c,video,🔴 En Vivo |  Sesión Solemne de Consejo de Gobierno en Limón,0,0.0,0.0,0.0,0.0028620758795720952,261,1,Presidencia de la República,News & Politics,0,0,0,0.0,0,0,0,15726
proyeccion_videos,video::tmvTbeQNCTI,tmvTbeQNCTI,video,"Hoy SABRÁN Qué Grado ACADÉMICO Tenemos, Todos Son PROFESIONALES",0,0.0,0.0,0.0,0.0028620758795720952,262,1,Gente de Guate,Entertainment,0,0,0,0.0,0,0,0,15482
proyeccion_videos,video::tqcZFVSXARQ,tqcZFVSXARQ,video,¿Listo para decir tengo #MiPrimeraCasa? 🏠✨,0,0.0,0.0,0.0,0.0028620758795720952,263,1,Gobierno de la República de Guatemala,Entertainment,0,0,0,0.0,0,0,0,1373
proyeccion_videos,video::vA6p51f14J4,vA6p51f14J4,video,Horarios especiales por celebraciones de fin de año,0,0.0,0.0,0.0,0.0028620758795720952,264,1,Municipalidad de Guatemala,News & Politics,0,0,0,0.0,0,0,0,606
proyeccion_videos,video::vCtk_0NzB3s,vCtk_0NzB3s,video,Clima en Guatemala esta semana: calor de hasta 39 °C y lluvias con tormentas,0,0.0,0.0,0.0,0.0028620758795720952,265,1,PrensaLibreOficial,News & Politics,0,0,0,0.0,0,0,0,1534
proyeccion_videos,video::vDVXM8ODuzM,vDVXM8ODuzM,video,#EnVivoDCA | Conferencia de Prensa del Gobierno de Guatemala,0,0.0,0.0,0.0,0.0028620758795720952,266,1,Diario de Centro América,News & Politics,0,0,0,0.0,0,0,0,214
proyeccion_videos,video::vNUiF-stTdo,vNUiF-stTdo,video,resumen de noticias,0,0.0,0.0,0.0,0.0028620758795720952,267,1,INFOM TV,News & Politics,0,0,0,0.0,0,0,0,23
proyeccion_videos,video::vp9MPfDG6AE,vp9MPfDG6AE,video,"Comunicado – COVIAL / Ministerio de Comunicaciones, Infraestructura y Vivienda",0,0.0,0.0,0.0,0.0028620758795720952,268,1,Noti7,News & Politics,0,0,0,0.0,0,0,0,260
proyeccion_videos,video::vqcF9RFMOLQ,vqcF9RFMOLQ,video,"Ciudad de Guatemala, el mejor lugar para vivir",0,0.0,0.0,0.0,0.0028620758795720952,269,1,Municipalidad de Guatemala,News & Politics,0,0,0,0.0,0,0,0,215
proyeccion_videos,video::w57G_5jsqtU,w57G_5jsqtU,video,Tráfico intenso por regreso a clases del sector público extiende horas pico en el área metropolitana,0,0.0,0.0,0.0,0.0028620758795720952,270,1,PrensaLibreOficial,News & Politics,0,0,0,0.0,0,0,0,625
proyeccion_videos,video::wS6yC3yOAeA,wS6yC3yOAeA,video,Noticiero El Informativo. Nuestra semana de resultados.,0,0.0,0.0,0.0,0.0028620758795720952,271,1,Gobierno de la República de Guatemala,Entertainment,0,0,0,0.0,0,0,0,1383
proyeccion_videos,video::wVncmfsugww,wVncmfsugww,video,"Spot Rendición de Cuentas, tercer cuatrimestre 2023 - 1",0,0.0,0.0,0.0,0.0028620758795720952,272,1,CIV -Ministerio de Comunicaciones,People & Blogs,0,0,0,0.0,0,0,0,15
proyeccion_videos,video::wYZPaJdVuhE,wYZPaJdVuhE,video,#LaCharla ¿Quién dirigirá el sistema portuario y qué decisiones debe tomar primero?,0,0.0,0.0,0.0,0.0028620758795720952,273,1,Guatevisión,News & Politics,0,0,0,0.0,0,0,0,202
proyeccion_videos,video::wm1f52Mvzag,wm1f52Mvzag,video,Gloria Álvarez: ¿Podría ser la próxima presidenta de Guatemala?,0,0.0,0.0,0.0,0.0028620758795720952,274,1,Jorge Ramos,News & Politics,0,0,0,0.0,0,0,0,31357
proyeccion_videos,video::wpYwX-bGoz0,wpYwX-bGoz0,video,CIV prioriza proyectos con potencial para generar desarrollo en Guatemala,0,0.0,0.0,0.0,0.0028620758795720952,275,1,CIV -Ministerio de Comunicaciones,People & Blogs,0,0,0,0.0,0,0,0,468
proyeccion_videos,video::x9TPnjUeuoo,x9TPnjUeuoo,video,VIDEO INSTITUCIONAL PROVIAL,0,0.0,0.0,0.0,0.0028620758795720952,276,1,CIV -Ministerio de Comunicaciones,People & Blogs,0,0,0,0.0,0,0,0,2250
proyeccion_videos,video::xEcC_aMDhAk,xEcC_aMDhAk,video,MINGOB y COPADEH avanzan en la protección de personas defensoras de DDHH,0,0.0,0.0,0.0,0.0028620758795720952,277,1,Ministerio de Gobernación,News & Politics,0,0,0,0.0,0,0,0,17
proyeccion_videos,video::xQgP0n8hVSI,xQgP0n8hVSI,video,"Primero te usan, y cuando ya no les sirves te desechan.",0,0.0,0.0,0.0,0.0028620758795720952,278,1,Ministerio de Gobernación,News & Politics,0,0,0,0.0,0,0,0,28
proyeccion_videos,video::x_CB0ZRLQTA,x_CB0ZRLQTA,video,Ricardo Quiñónez paga con nuestros impuestos netcenter,0,0.0,0.0,0.0,0.0028620758795720952,279,1,AlcaldexAccidente,People & Blogs,0,0,0,0.0,0,0,0,29419
proyeccion_videos,video::y8XMbMxMF8E,y8XMbMxMF8E,video,"Gracias a la inteligencia, coordinación y firmeza, se dió un duro golpe al crimen organizado",0,0.0,0.0,0.0,0.0028620758795720952,280,1,Ministerio de Gobernación,News & Politics,0,0,0,0.0,0,0,0,84
proyeccion_videos,video::yCmBtmOm6nw,yCmBtmOm6nw,video,“¿DÓNDE ESTÁN?”: GOBIERNO IMPULSA MECANISMO PARA BUSCAR A DESAPARECIDOS DEL CONFLICTO ARMADO,0,0.0,0.0,0.0,0.0028620758795720952,281,1,IDocumenta,News & Politics,0,0,0,0.0,0,0,0,6
proyeccion_videos,video::zfJlUXRSaCU,zfJlUXRSaCU,video,Brief Political History of Guatemala,0,0.0,0.0,0.0,0.0028620758795720952,282,1,Crónica Panamericana,People & Blogs,0,0,0,0.0,0,0,0,53547
proyeccion_videos,video::zweosulrwA8,zweosulrwA8,video,Edén por Salud: empleo inclusivo para personas con discapacidad en Antigua | Super - Episodio 2,0,0.0,0.0,0.0,0.0028620758795720952,283,1,Quorum,Nonprofits & Activism,1,1,0,0.0,0,0,0,52
proyeccion_videos,video::zyA0BpEYcQU,zyA0BpEYcQU,video,Discusión entre conductor y jefe de la PMT,0,0.0,0.0,0.0,0.0028620758795720952,284,1,Nuestro Mundo,People & Blogs,0,0,0,0.0,0,0,0,55349
