red,node,node_id,node_type,label,grado,grado_ponderado,intermediacion,armonica,pagerank,componente,componente_tamano,comentarios,videos_comentados,canales_distintos,categorias_distintas,consultas_distintas,comentarios_por_video,diversidad_canales,entropia_participacion,es_recurrente
proyeccion_autores,author::UCHTGCgY2l-DQJIvlA_cpa_Q,UCHTGCgY2l-DQJIvlA_cpa_Q,author,@virgiliogarcia3039,145,145.0,0.23901858463791997,0.6158106747230615,0.005243132694827842,1,276,3,2,2,2,2,1.5,1.0,0.9182958340544894,True
proyeccion_autores,author::UCpsKOkt5iWTbenzeuq7dsmQ,UCpsKOkt5iWTbenzeuq7dsmQ,author,@inge_vergueta,183,184.0,0.22027831181909732,0.6701913393756295,0.00733003416017253,1,276,3,3,1,1,3,1.0,0.3333333333333333,0.9999999999999998,True
proyeccion_autores,author::UCzZ6dDCEsLMXbc5pCFXIprw,UCzZ6dDCEsLMXbc5pCFXIprw,author,@josegil3813,49,49.0,0.18266044127071318,0.43932527693857,0.0050979354025684495,1,276,2,2,1,1,2,1.0,0.5,1.0,True
proyeccion_autores,author::UCylqlpsh8ENNM1LqgQ1KbxA,UCylqlpsh8ENNM1LqgQ1KbxA,author,@Jel.Awesh.M,174,175.0,0.09364643412981781,0.6553877139979859,0.005727961087341258,1,276,3,2,1,1,2,1.5,0.5,0.9182958340544894,True
proyeccion_autores,author::UCjZgFEowMBrsjodqfovzdKw,UCjZgFEowMBrsjodqfovzdKw,author,@franciscoflores3120,43,43.0,0.05778632243889041,0.3469284994964753,0.005323075459191375,1,276,2,2,2,2,2,1.0,1.0,1.0,True
proyeccion_autores,author::UCvcu1kR8xMYy_I1Ty-2mV2Q,UCvcu1kR8xMYy_I1Ty-2mV2Q,author,@hashojea7348,28,29.0,0.05740181268882175,0.4118328298086606,0.006193584266399186,1,276,4,3,1,1,1,1.3333333333333333,0.3333333333333333,0.946394630357186,True
proyeccion_autores,author::UCbrtvygfRT6QXqWDNrOf-cA,UCbrtvygfRT6QXqWDNrOf-cA,author,@Alejandro00710,23,24.0,0.03268332875583631,0.406797583081571,0.004537389467839012,1,276,2,2,1,1,1,1.0,0.5,1.0,True
proyeccion_autores,author::UCsUCN0Yq_UyTvKjOJLmNrnQ,UCsUCN0Yq_UyTvKjOJLmNrnQ,author,@moisesvaldez4043,133,133.0,0.029552320790991488,0.5790533736153072,0.004680699718536436,1,276,2,2,2,1,2,1.0,1.0,1.0,True
proyeccion_autores,author::UCdFlugHJJa4l3YqWuNRmvXw,UCdFlugHJJa4l3YqWuNRmvXw,author,@MarcosCarillo-b1r,54,54.0,0.029552320790991488,0.44103726082578043,0.00441635368868181,1,276,2,2,2,1,2,1.0,1.0,1.0,True
proyeccion_autores,author::UC-hfX8J5JPJ-dfuakzegMLA,UC-hfX8J5JPJ-dfuakzegMLA,author,@normaleticiaorozcojuarez2418,127,127.0,0.0,0.5699899295065458,0.003268711512314818,1,276,1,1,1,1,1,1.0,1.0,0.0,False
proyeccion_autores,author::UC-jS_kA9w-OmpupXDx156Rg,UC-jS_kA9w-OmpupXDx156Rg,author,@simoncreyesc7579,127,127.0,0.0,0.5699899295065458,0.003268711512314818,1,276,1,1,1,1,1,1.0,1.0,0.0,False
proyeccion_autores,author::UC-pNP6RMFuLg_-x7Ah_0kEA,UC-pNP6RMFuLg_-x7Ah_0kEA,author,@almacatalan2717,127,127.0,0.0,0.5699899295065458,0.003268711512314818,1,276,1,1,1,1,1,1.0,1.0,0.0,False
proyeccion_autores,author::UC1vr9aaMI2crB0NvwFHUeoQ,UC1vr9aaMI2crB0NvwFHUeoQ,author,@JoseSimilox-p6e,127,127.0,0.0,0.5699899295065458,0.003268711512314818,1,276,1,1,1,1,1,1.0,1.0,0.0,False
proyeccion_autores,author::UC2Y_EHWQKevubk4vOEBBFxw,UC2Y_EHWQKevubk4vOEBBFxw,author,@alfonsomorales2653,127,127.0,0.0,0.5699899295065458,0.003268711512314818,1,276,1,1,1,1,1,1.0,1.0,0.0,False
proyeccion_autores,author::UC2weSE8rpqkGMOp6StYtVfg,UC2weSE8rpqkGMOp6StYtVfg,author,@katerynsantiago2907,127,127.0,0.0,0.5699899295065458,0.003268711512314818,1,276,1,1,1,1,1,1.0,1.0,0.0,False
proyeccion_autores,author::UC3E9mAgP7VoAE5mZoAexl5g,UC3E9mAgP7VoAE5mZoAexl5g,author,@EnnioAroche,127,127.0,0.0,0.5699899295065458,0.003268711512314818,1,276,1,1,1,1,1,1.0,1.0,0.0,False
proyeccion_autores,author::UC3MYTqpQqlWBuCB7Th0e0PA,UC3MYTqpQqlWBuCB7Th0e0PA,author,@isaaclopez7220,127,127.0,0.0,0.5699899295065458,0.003268711512314818,1,276,1,1,1,1,1,1.0,1.0,0.0,False
proyeccion_autores,author::UC3NMzdMYryaw82kPTnsaljg,UC3NMzdMYryaw82kPTnsaljg,author,@marisosa7832,127,127.0,0.0,0.5699899295065458,0.003268711512314818,1,276,1,1,1,1,1,1.0,1.0,0.0,False
proyeccion_autores,author::UC3XTwHxygNCgjndsg-UiCQA,UC3XTwHxygNCgjndsg-UiCQA,author,@marioajset4283,127,127.0,0.0,0.5699899295065458,0.003268711512314818,1,276,3,1,1,1,1,3.0,1.0,0.0,False
proyeccion_autores,author::UC3qn1yJA5PeW9rkGPatQxiw,UC3qn1yJA5PeW9rkGPatQxiw,author,@VICTOREST19,127,127.0,0.0,0.5699899295065458,0.003268711512314818,1,276,1,1,1,1,1,1.0,1.0,0.0,False
proyeccion_autores,author::UC4cXueR2bKGFJV0Fk76gwmA,UC4cXueR2bKGFJV0Fk76gwmA,author,@aluxdel4792,127,127.0,0.0,0.5699899295065458,0.003268711512314818,1,276,1,1,1,1,1,1.0,1.0,0.0,False
proyeccion_autores,author::UC4wq3DcbfaG6dtCqn8Oyu3w,UC4wq3DcbfaG6dtCqn8Oyu3w,author,@hugoasencio7764,127,127.0,0.0,0.5699899295065458,0.003268711512314818,1,276,1,1,1,1,1,1.0,1.0,0.0,False
proyeccion_autores,author::UC5H8ASmMC9WrURmzeB4ySog,UC5H8ASmMC9WrURmzeB4ySog,author,@ManuelEdran,127,127.0,0.0,0.5699899295065458,0.003268711512314818,1,276,5,1,1,1,1,5.0,1.0,0.0,False
proyeccion_autores,author::UC5bG9nc_JV3FsNP2KseQiYw,UC5bG9nc_JV3FsNP2KseQiYw,author,@giovannirodas4836,127,127.0,0.0,0.5699899295065458,0.003268711512314818,1,276,1,1,1,1,1,1.0,1.0,0.0,False
proyeccion_autores,author::UC650pRT-OYzny3GwOH8Cgfw,UC650pRT-OYzny3GwOH8Cgfw,author,@edvinparedesherrera7632,127,127.0,0.0,0.5699899295065458,0.003268711512314818,1,276,1,1,1,1,1,1.0,1.0,0.0,False
proyeccion_autores,author::UC6PvO1_k5lHKGdAPo5_C6TA,UC6PvO1_k5lHKGdAPo5_C6TA,author,@johnmejia992,127,127.0,0.0,0.5699899295065458,0.003268711512314818,1,276,1,1,1,1,1,1.0,1.0,0.0,False
proyeccion_autores,author::UC6YSZqL0vEcI-niPKIMUGfw,UC6YSZqL0vEcI-niPKIMUGfw,author,@maxwellsales885,127,127.0,0.0,0.5699899295065458,0.003268711512314818,1,276,1,1,1,1,1,1.0,1.0,0.0,False
proyeccion_autores,author::UC72gBAtyb_VXQlYDcFrh6oQ,UC72gBAtyb_VXQlYDcFrh6oQ,author,@osmanmorales3012,127,127.0,0.0,0.5699899295065458,0.003268711512314818,1,276,3,1,1,1,1,3.0,1.0,0.0,False
proyeccion_autores,author::UC7VUuJr9cGh845CmTvf7TlQ,UC7VUuJr9cGh845CmTvf7TlQ,author,@LuisCastillo-oz4df,127,127.0,0.0,0.5699899295065458,0.003268711512314818,1,276,1,1,1,1,1,1.0,1.0,0.0,False
proyeccion_autores,author::UC8F2V63KZ4ZEay6opX2hAQw,UC8F2V63KZ4ZEay6opX2hAQw,author,@carmenr6311,127,127.0,0.0,0.5699899295065458,0.003268711512314818,1,276,1,1,1,1,1,1.0,1.0,0.0,False
proyeccion_autores,author::UC8G5cJONY8L9voMyBW8Eoug,UC8G5cJONY8L9voMyBW8Eoug,author,@luisparedes-pw6qt,127,127.0,0.0,0.5699899295065458,0.003268711512314818,1,276,1,1,1,1,1,1.0,1.0,0.0,False
proyeccion_autores,author::UC8r11yOugM2NuRfitQOxLLg,UC8r11yOugM2NuRfitQOxLLg,author,@cesaraugustomoralesmonroy6907,127,127.0,0.0,0.5699899295065458,0.003268711512314818,1,276,1,1,1,1,1,1.0,1.0,0.0,False
proyeccion_autores,author::UC9vMq1YF-e7C-VO0SHkbUTA,UC9vMq1YF-e7C-VO0SHkbUTA,author,@ErvinLeonardoCarreraLatín,127,127.0,0.0,0.5699899295065458,0.003268711512314818,1,276,4,1,1,1,1,4.0,1.0,0.0,False
proyeccion_autores,author::UC9xr9QvIcDvoZNUX5f-jaZw,UC9xr9QvIcDvoZNUX5f-jaZw,author,@MariaaliciaColonmorales,127,127.0,0.0,0.5699899295065458,0.003268711512314818,1,276,1,1,1,1,1,1.0,1.0,0.0,False
proyeccion_autores,author::UCA93ym2TXs_Ibyxb4Vcn-6Q,UCA93ym2TXs_Ibyxb4Vcn-6Q,author,@oswaldosolis8728,127,127.0,0.0,0.5699899295065458,0.003268711512314818,1,276,1,1,1,1,1,1.0,1.0,0.0,False
proyeccion_autores,author::UCAlzM_N6xBlMYmM8EBzX86Q,UCAlzM_N6xBlMYmM8EBzX86Q,author,@carlossoto3252,127,127.0,0.0,0.5699899295065458,0.003268711512314818,1,276,1,1,1,1,1,1.0,1.0,0.0,False
proyeccion_autores,author::UCAmtbUiIrUIhikru0ZoTFig,UCAmtbUiIrUIhikru0ZoTFig,author,@Aura-vf6dm,127,127.0,0.0,0.5699899295065458,0.003268711512314818,1,276,1,1,1,1,1,1.0,1.0,0.0,False
proyeccion_autores,author::UCB5p8a5gklc80jJItP6xTHg,UCB5p8a5gklc80jJItP6xTHg,author,@ernestogamboa8737,127,127.0,0.0,0.5699899295065458,0.003268711512314818,1,276,1,1,1,1,1,1.0,1.0,0.0,False
proyeccion_autores,author::UCCaYwkkbQGcvFoUmothVdQQ,UCCaYwkkbQGcvFoUmothVdQQ,author,@OsvaldoAguirre-l3i,127,127.0,0.0,0.5699899295065458,0.003268711512314818,1,276,1,1,1,1,1,1.0,1.0,0.0,False
proyeccion_autores,author::UCDIMztpVm7G27qBuiWuT6oQ,UCDIMztpVm7G27qBuiWuT6oQ,author,@lizardomorataya8274,127,127.0,0.0,0.5699899295065458,0.003268711512314818,1,276,1,1,1,1,1,1.0,1.0,0.0,False
proyeccion_autores,author::UCDPWkUX3sNNaCx-m1dV4glA,UCDPWkUX3sNNaCx-m1dV4glA,author,@hectoroliva949,127,127.0,0.0,0.5699899295065458,0.003268711512314818,1,276,1,1,1,1,1,1.0,1.0,0.0,False
proyeccion_autores,author::UCDQaQv0hr2SS_PO-CMEwVHg,UCDQaQv0hr2SS_PO-CMEwVHg,author,@federicosaquimux1933,127,127.0,0.0,0.5699899295065458,0.003268711512314818,1,276,1,1,1,1,1,1.0,1.0,0.0,False
proyeccion_autores,author::UCDUffaruH6dyUnUGwsTKpgg,UCDUffaruH6dyUnUGwsTKpgg,author,@luisletona2842,127,127.0,0.0,0.5699899295065458,0.003268711512314818,1,276,1,1,1,1,1,1.0,1.0,0.0,False
proyeccion_autores,author::UCDftMWXQoJ6nONfY7GVOVjg,UCDftMWXQoJ6nONfY7GVOVjg,author,@luisgpacheco5858,127,127.0,0.0,0.5699899295065458,0.003268711512314818,1,276,1,1,1,1,1,1.0,1.0,0.0,False
proyeccion_autores,author::UCDlr1VadSucIZgZ171pRBjQ,UCDlr1VadSucIZgZ171pRBjQ,author,@cuabatzjj5924,127,127.0,0.0,0.5699899295065458,0.003268711512314818,1,276,1,1,1,1,1,1.0,1.0,0.0,False
proyeccion_autores,author::UCEgEQmRbtL5fwr9_DqAC--g,UCEgEQmRbtL5fwr9_DqAC--g,author,@ArielRodas-g5y,127,127.0,0.0,0.5699899295065458,0.003268711512314818,1,276,1,1,1,1,1,1.0,1.0,0.0,False
proyeccion_autores,author::UCErZPJpHmLCsXs8ZWkAUupQ,UCErZPJpHmLCsXs8ZWkAUupQ,author,@dorisl.garciaroche7763,127,127.0,0.0,0.5699899295065458,0.003268711512314818,1,276,1,1,1,1,1,1.0,1.0,0.0,False
proyeccion_autores,author::UCFUuDARXdmmIrLppEqf-rFg,UCFUuDARXdmmIrLppEqf-rFg,author,@allanmunoz7410,127,127.0,0.0,0.5699899295065458,0.003268711512314818,1,276,1,1,1,1,1,1.0,1.0,0.0,False
proyeccion_autores,author::UCFhxtoeARHPnXXPcDrOU3Xg,UCFhxtoeARHPnXXPcDrOU3Xg,author,@diegoalejandrolopezmendez205,127,127.0,0.0,0.5699899295065458,0.003268711512314818,1,276,1,1,1,1,1,1.0,1.0,0.0,False
proyeccion_autores,author::UCFjudnPLoaSL1BaRuLahyHg,UCFjudnPLoaSL1BaRuLahyHg,author,@HaroldoCastillo-rh9iw,127,127.0,0.0,0.5699899295065458,0.003268711512314818,1,276,3,1,1,1,1,3.0,1.0,0.0,False
proyeccion_autores,author::UCFoIAE8k82D6AV-8gjjKaNg,UCFoIAE8k82D6AV-8gjjKaNg,author,@eddymunoz9789,127,127.0,0.0,0.5699899295065458,0.003268711512314818,1,276,1,1,1,1,1,1.0,1.0,0.0,False
proyeccion_autores,author::UCFxE8GbokBrBsPEKM1xrOjQ,UCFxE8GbokBrBsPEKM1xrOjQ,author,@JuanDavila-qd7qj,127,127.0,0.0,0.5699899295065458,0.003268711512314818,1,276,1,1,1,1,1,1.0,1.0,0.0,False
proyeccion_autores,author::UCGzXwyCzMzGmjmCbH3Hg01Q,UCGzXwyCzMzGmjmCbH3Hg01Q,author,@FidelZacarias-ph7dy,127,127.0,0.0,0.5699899295065458,0.003268711512314818,1,276,1,1,1,1,1,1.0,1.0,0.0,False
proyeccion_autores,author::UCHhHUjaMAZ8SiXdCUCj9DkQ,UCHhHUjaMAZ8SiXdCUCj9DkQ,author,@fredymendez1786,127,127.0,0.0,0.5699899295065458,0.003268711512314818,1,276,2,1,1,1,1,2.0,1.0,0.0,False
proyeccion_autores,author::UCKDR0f2fu2UzWL8mBv5-BHw,UCKDR0f2fu2UzWL8mBv5-BHw,author,@mireyamorales6595,127,127.0,0.0,0.5699899295065458,0.003268711512314818,1,276,1,1,1,1,1,1.0,1.0,0.0,False
proyeccion_autores,author::UCL13XhnRzbGokEkCkEOb0-g,UCL13XhnRzbGokEkCkEOb0-g,author,@raquelprado3643,127,127.0,0.0,0.5699899295065458,0.003268711512314818,1,276,2,1,1,1,1,2.0,1.0,0.0,False
proyeccion_autores,author::UCL1MT278vSaQ83ZDkVWn1gw,UCL1MT278vSaQ83ZDkVWn1gw,author,@elmorodriguez6978,127,127.0,0.0,0.5699899295065458,0.003268711512314818,1,276,1,1,1,1,1,1.0,1.0,0.0,False
proyeccion_autores,author::UCLFdHr9BEbXHkoJopbEPLZw,UCLFdHr9BEbXHkoJopbEPLZw,author,@kanterra4584,127,127.0,0.0,0.5699899295065458,0.003268711512314818,1,276,2,1,1,1,1,2.0,1.0,0.0,False
proyeccion_autores,author::UCLggDc_a5HriXv7I1h02sOA,UCLggDc_a5HriXv7I1h02sOA,author,@guillermogonzalez5153,127,127.0,0.0,0.5699899295065458,0.003268711512314818,1,276,2,1,1,1,1,2.0,1.0,0.0,False
proyeccion_autores,author::UCN6qbfPSzFtjhqUDZ3Cv3CQ,UCN6qbfPSzFtjhqUDZ3Cv3CQ,author,@carlosmedranovelasquez6380,127,127.0,0.0,0.5699899295065458,0.003268711512314818,1,276,1,1,1,1,1,1.0,1.0,0.0,False
proyeccion_autores,author::UCNBnKqWf4d-rS4HwJRQljmQ,UCNBnKqWf4d-rS4HwJRQljmQ,author,@LE_A22,127,127.0,0.0,0.5699899295065458,0.003268711512314818,1,276,2,1,1,1,1,2.0,1.0,0.0,False
proyeccion_autores,author::UCNkcuy42zEwddwEcOd_HpnA,UCNkcuy42zEwddwEcOd_HpnA,author,@vanigomez492,127,127.0,0.0,0.5699899295065458,0.003268711512314818,1,276,1,1,1,1,1,1.0,1.0,0.0,False
proyeccion_autores,author::UCOLGv5Pf6BF2wFcwUzgcvHg,UCOLGv5Pf6BF2wFcwUzgcvHg,author,@welfrealdana5559,127,127.0,0.0,0.5699899295065458,0.003268711512314818,1,276,2,1,1,1,1,2.0,1.0,0.0,False
proyeccion_autores,author::UCOS8ViEkccrTZx2w2ccxotA,UCOS8ViEkccrTZx2w2ccxotA,author,@OscarHernandez-q8y,127,127.0,0.0,0.5699899295065458,0.003268711512314818,1,276,1,1,1,1,1,1.0,1.0,0.0,False
proyeccion_autores,author::UCOh6DaZC_x9HASnlRylEMfw,UCOh6DaZC_x9HASnlRylEMfw,author,@AndresMedina-v1s,127,127.0,0.0,0.5699899295065458,0.003268711512314818,1,276,1,1,1,1,1,1.0,1.0,0.0,False
proyeccion_autores,author::UCQ_-LPP8JAbfkc-b1Q6NvWw,UCQ_-LPP8JAbfkc-b1Q6NvWw,author,@MegaKristenstewart,127,127.0,0.0,0.5699899295065458,0.003268711512314818,1,276,2,1,1,1,1,2.0,1.0,0.0,False
proyeccion_autores,author::UCQgYjVngJRfPHDLGB5X6ZjA,UCQgYjVngJRfPHDLGB5X6ZjA,author,@oscarnavas9996,127,127.0,0.0,0.5699899295065458,0.003268711512314818,1,276,1,1,1,1,1,1.0,1.0,0.0,False
proyeccion_autores,author::UCQqetiwzzmRNTM5OWuXarGQ,UCQqetiwzzmRNTM5OWuXarGQ,author,@isaiaslopezvelasquez1539,127,127.0,0.0,0.5699899295065458,0.003268711512314818,1,276,1,1,1,1,1,1.0,1.0,0.0,False
proyeccion_autores,author::UCQtICyzWmhC5woCtbNgaSmg,UCQtICyzWmhC5woCtbNgaSmg,author,@nestormendez6216,127,127.0,0.0,0.5699899295065458,0.003268711512314818,1,276,2,1,1,1,1,2.0,1.0,0.0,False
proyeccion_autores,author::UCQtSFINs1h6GHkpg9o5kMvg,UCQtSFINs1h6GHkpg9o5kMvg,author,@MacarioMartinezruiz,127,127.0,0.0,0.5699899295065458,0.003268711512314818,1,276,1,1,1,1,1,1.0,1.0,0.0,False
proyeccion_autores,author::UCRETAiYdh2dL5ZxB0_N1zDA,UCRETAiYdh2dL5ZxB0_N1zDA,author,@Joseroland21,127,127.0,0.0,0.5699899295065458,0.003268711512314818,1,276,1,1,1,1,1,1.0,1.0,0.0,False
proyeccion_autores,author::UCRelkU8JiZBytTzebJxaa-w,UCRelkU8JiZBytTzebJxaa-w,author,@danyraymundo2942,127,127.0,0.0,0.5699899295065458,0.003268711512314818,1,276,1,1,1,1,1,1.0,1.0,0.0,False
proyeccion_autores,author::UCRlCV9zSn7avAWh-9_XFWqQ,UCRlCV9zSn7avAWh-9_XFWqQ,author,@ronyarana8849,127,127.0,0.0,0.5699899295065458,0.003268711512314818,1,276,1,1,1,1,1,1.0,1.0,0.0,False
proyeccion_autores,author::UCSou6a2OuYGSvPjm5psquyA,UCSou6a2OuYGSvPjm5psquyA,author,@FranciscoRivera-sf7ne,127,127.0,0.0,0.5699899295065458,0.003268711512314818,1,276,1,1,1,1,1,1.0,1.0,0.0,False
proyeccion_autores,author::UCTD6q1nyIe3Y7HhqjaMj72w,UCTD6q1nyIe3Y7HhqjaMj72w,author,@JuanChang-r6k,127,127.0,0.0,0.5699899295065458,0.003268711512314818,1,276,1,1,1,1,1,1.0,1.0,0.0,False
proyeccion_autores,author::UCTP3O0rMnc8z8v8jaDQwL0w,UCTP3O0rMnc8z8v8jaDQwL0w,author,@RobertoZelaya-x1v,127,127.0,0.0,0.5699899295065458,0.003268711512314818,1,276,1,1,1,1,1,1.0,1.0,0.0,False
proyeccion_autores,author::UCThW2XNsAaBKme5PUt7n-Zg,UCThW2XNsAaBKme5PUt7n-Zg,author,@thelmamoran8565,127,127.0,0.0,0.5699899295065458,0.003268711512314818,1,276,1,1,1,1,1,1.0,1.0,0.0,False
proyeccion_autores,author::UCTwSut16JyAg3mX6LVUNGqA,UCTwSut16JyAg3mX6LVUNGqA,author,@SuperVictor2005,127,127.0,0.0,0.5699899295065458,0.003268711512314818,1,276,1,1,1,1,1,1.0,1.0,0.0,False
proyeccion_autores,author::UCTylKrsqkrBKIqubMu_5N0Q,UCTylKrsqkrBKIqubMu_5N0Q,author,@edwingeovanymarroquinmarro6684,127,127.0,0.0,0.5699899295065458,0.003268711512314818,1,276,1,1,1,1,1,1.0,1.0,0.0,False
proyeccion_autores,author::UCUIIIPTVDVHAXqhC_5V6lPA,UCUIIIPTVDVHAXqhC_5V6lPA,author,@gorrarota,127,127.0,0.0,0.5699899295065458,0.003268711512314818,1,276,1,1,1,1,1,1.0,1.0,0.0,False
proyeccion_autores,author::UCV0iizTBoOfdAFX_thfI9BA,UCV0iizTBoOfdAFX_thfI9BA,author,@BenjaminLarios-jd8nk,127,127.0,0.0,0.5699899295065458,0.003268711512314818,1,276,1,1,1,1,1,1.0,1.0,0.0,False
proyeccion_autores,author::UCWIZUtKJ636y-4TYrNvok0g,UCWIZUtKJ636y-4TYrNvok0g,author,@cesarandreas7824,127,127.0,0.0,0.5699899295065458,0.003268711512314818,1,276,1,1,1,1,1,1.0,1.0,0.0,False
proyeccion_autores,author::UCXSkL3ejZ8qWYyF_M7s_QKA,UCXSkL3ejZ8qWYyF_M7s_QKA,author,@JacintaTzoy,127,127.0,0.0,0.5699899295065458,0.003268711512314818,1,276,1,1,1,1,1,1.0,1.0,0.0,False
proyeccion_autores,author::UCXXh7yg5KUFIWylTiKVEFKQ,UCXXh7yg5KUFIWylTiKVEFKQ,author,@MrDuenderojo,127,127.0,0.0,0.5699899295065458,0.003268711512314818,1,276,2,1,1,1,1,2.0,1.0,0.0,False
proyeccion_autores,author::UCXgr7vXlRrsaskPdo097kGA,UCXgr7vXlRrsaskPdo097kGA,author,@Rogergh-nw4oj,127,127.0,0.0,0.5699899295065458,0.003268711512314818,1,276,1,1,1,1,1,1.0,1.0,0.0,False
proyeccion_autores,author::UCXr8_5WtGeipe4haOoQDgyQ,UCXr8_5WtGeipe4haOoQDgyQ,author,@amyherrera7352,127,127.0,0.0,0.5699899295065458,0.003268711512314818,1,276,1,1,1,1,1,1.0,1.0,0.0,False
proyeccion_autores,author::UCYN4wSQ1Sx4_LurxLlW7MPg,UCYN4wSQ1Sx4_LurxLlW7MPg,author,@belarminavillatoro6474,127,127.0,0.0,0.5699899295065458,0.003268711512314818,1,276,1,1,1,1,1,1.0,1.0,0.0,False
proyeccion_autores,author::UCYwpX26TrCxq8TvbKGRYLXA,UCYwpX26TrCxq8TvbKGRYLXA,author,@beneficioelcaminovillacana8540,127,127.0,0.0,0.5699899295065458,0.003268711512314818,1,276,1,1,1,1,1,1.0,1.0,0.0,False
proyeccion_autores,author::UCZ51R_9Q9C0c8I3pAWhtmjQ,UCZ51R_9Q9C0c8I3pAWhtmjQ,author,@belvettzapeta1251,127,127.0,0.0,0.5699899295065458,0.003268711512314818,1,276,1,1,1,1,1,1.0,1.0,0.0,False
proyeccion_autores,author::UCZLG9qH0tUjNhEGFIUt0CYw,UCZLG9qH0tUjNhEGFIUt0CYw,author,@SoniaMarroquin-y6e,127,127.0,0.0,0.5699899295065458,0.003268711512314818,1,276,1,1,1,1,1,1.0,1.0,0.0,False
proyeccion_autores,author::UCcfdg8crmMJwEuLUsAhV7yg,UCcfdg8crmMJwEuLUsAhV7yg,author,@RolandoRaguay,127,127.0,0.0,0.5699899295065458,0.003268711512314818,1,276,1,1,1,1,1,1.0,1.0,0.0,False
proyeccion_autores,author::UCfM3nrxtTQMY5jFx1v1J4Gg,UCfM3nrxtTQMY5jFx1v1J4Gg,author,@edgarroldan5539,127,127.0,0.0,0.5699899295065458,0.003268711512314818,1,276,1,1,1,1,1,1.0,1.0,0.0,False
proyeccion_autores,author::UCgvw7xIdGFupzpt1Y_BFkEA,UCgvw7xIdGFupzpt1Y_BFkEA,author,@fredygarcia9151,127,127.0,0.0,0.5699899295065458,0.003268711512314818,1,276,1,1,1,1,1,1.0,1.0,0.0,False
proyeccion_autores,author::UCh5ESQvtzyHDhCA7XyekCFA,UCh5ESQvtzyHDhCA7XyekCFA,author,@andyB5280,127,127.0,0.0,0.5699899295065458,0.003268711512314818,1,276,3,1,1,1,1,3.0,1.0,0.0,False
proyeccion_autores,author::UChZknRmJkeGeQk0-mQuhDOg,UChZknRmJkeGeQk0-mQuhDOg,author,@OdilioRodríguez-c5w,127,127.0,0.0,0.5699899295065458,0.003268711512314818,1,276,1,1,1,1,1,1.0,1.0,0.0,False
proyeccion_autores,author::UChep9kVb5gQmpodEEl10Xlg,UChep9kVb5gQmpodEEl10Xlg,author,@carlosaguilar-kz7ml,127,127.0,0.0,0.5699899295065458,0.003268711512314818,1,276,1,1,1,1,1,1.0,1.0,0.0,False
proyeccion_autores,author::UChgkn5Jt5tWKYMoEOuCjz3Q,UChgkn5Jt5tWKYMoEOuCjz3Q,author,@pablochitay46,127,127.0,0.0,0.5699899295065458,0.003268711512314818,1,276,1,1,1,1,1,1.0,1.0,0.0,False
proyeccion_autores,author::UChs3tU2BcKOT0CezykvAsGw,UChs3tU2BcKOT0CezykvAsGw,author,@byronpontaza,127,127.0,0.0,0.5699899295065458,0.003268711512314818,1,276,3,1,1,1,1,3.0,1.0,0.0,False
proyeccion_autores,author::UCi1b_TRQfgO1Z9O2gNGGWNA,UCi1b_TRQfgO1Z9O2gNGGWNA,author,@davidisraelesquitsaquil,127,127.0,0.0,0.5699899295065458,0.003268711512314818,1,276,2,1,1,1,1,2.0,1.0,0.0,False
proyeccion_autores,author::UCiGRBf2RNF0WRKhRVT7zFoA,UCiGRBf2RNF0WRKhRVT7zFoA,author,@edwinavila4876,127,127.0,0.0,0.5699899295065458,0.003268711512314818,1,276,1,1,1,1,1,1.0,1.0,0.0,False
proyeccion_autores,author::UCiMythXHsw7eQEMykCdmMUA,UCiMythXHsw7eQEMykCdmMUA,author,@JavierBecerra-h6x,127,127.0,0.0,0.5699899295065458,0.003268711512314818,1,276,1,1,1,1,1,1.0,1.0,0.0,False
proyeccion_autores,author::UCipetjeiWj4CZB6EbyYziZg,UCipetjeiWj4CZB6EbyYziZg,author,@OseasSamayoa-ol5rz,127,127.0,0.0,0.5699899295065458,0.003268711512314818,1,276,1,1,1,1,1,1.0,1.0,0.0,False
proyeccion_autores,author::UCj-LL25XJnjxepPKCc3NGog,UCj-LL25XJnjxepPKCc3NGog,author,@anaaguirre8985,127,127.0,0.0,0.5699899295065458,0.003268711512314818,1,276,1,1,1,1,1,1.0,1.0,0.0,False
proyeccion_autores,author::UCjSKM9j0Q7HLDr1hD6D-TUw,UCjSKM9j0Q7HLDr1hD6D-TUw,author,@josehidalgo4875,127,127.0,0.0,0.5699899295065458,0.003268711512314818,1,276,1,1,1,1,1,1.0,1.0,0.0,False
proyeccion_autores,author::UCjmPuazZJzscrwvk0QR9RVw,UCjmPuazZJzscrwvk0QR9RVw,author,@mynorrodas8591,127,127.0,0.0,0.5699899295065458,0.003268711512314818,1,276,1,1,1,1,1,1.0,1.0,0.0,False
proyeccion_autores,author::UCkd9W714-947dEE6ZOEBATA,UCkd9W714-947dEE6ZOEBATA,author,@ARGELIATELON,127,127.0,0.0,0.5699899295065458,0.003268711512314818,1,276,2,1,1,1,1,2.0,1.0,0.0,False
proyeccion_autores,author::UCl0ekS9Tt0jJGtOEM18S63w,UCl0ekS9Tt0jJGtOEM18S63w,author,@monkchapin,127,127.0,0.0,0.5699899295065458,0.003268711512314818,1,276,1,1,1,1,1,1.0,1.0,0.0,False
proyeccion_autores,author::UCljDbleJul41G1TzOjOZAVA,UCljDbleJul41G1TzOjOZAVA,author,@hectorcarranza3777,127,127.0,0.0,0.5699899295065458,0.003268711512314818,1,276,1,1,1,1,1,1.0,1.0,0.0,False
proyeccion_autores,author::UCmjppp6ujz3SAnULvP3sZMw,UCmjppp6ujz3SAnULvP3sZMw,author,@marcomendez7509,127,127.0,0.0,0.5699899295065458,0.003268711512314818,1,276,1,1,1,1,1,1.0,1.0,0.0,False
proyeccion_autores,author::UCmvOgzmmXbjUthHy-WJ52hQ,UCmvOgzmmXbjUthHy-WJ52hQ,author,@mariorodas593,127,127.0,0.0,0.5699899295065458,0.003268711512314818,1,276,1,1,1,1,1,1.0,1.0,0.0,False
proyeccion_autores,author::UCp4iw5_5SmV9VGTFSNVGOmQ,UCp4iw5_5SmV9VGTFSNVGOmQ,author,@CARLOSSTREMS51,127,127.0,0.0,0.5699899295065458,0.003268711512314818,1,276,1,1,1,1,1,1.0,1.0,0.0,False
proyeccion_autores,author::UCpIdtvoFHVLGASGB5ySqIEA,UCpIdtvoFHVLGASGB5ySqIEA,author,@VidalVillatoro-p4w,127,127.0,0.0,0.5699899295065458,0.003268711512314818,1,276,1,1,1,1,1,1.0,1.0,0.0,False
proyeccion_autores,author::UCpl8rF8uv_8uui-QRvuJaRA,UCpl8rF8uv_8uui-QRvuJaRA,author,@SergioGarcia-z9c,127,127.0,0.0,0.5699899295065458,0.003268711512314818,1,276,1,1,1,1,1,1.0,1.0,0.0,False
proyeccion_autores,author::UCplrIQtaPj6au60_f2-mOYw,UCplrIQtaPj6au60_f2-mOYw,author,@romeolopezherrarte799,127,127.0,0.0,0.5699899295065458,0.003268711512314818,1,276,1,1,1,1,1,1.0,1.0,0.0,False
proyeccion_autores,author::UCr1emrogPKkKTs_WTtx71xg,UCr1emrogPKkKTs_WTtx71xg,author,@domingopeneleu6457,127,127.0,0.0,0.5699899295065458,0.003268711512314818,1,276,1,1,1,1,1,1.0,1.0,0.0,False
proyeccion_autores,author::UCrJn_rbo_ENAdeqneS-RmRw,UCrJn_rbo_ENAdeqneS-RmRw,author,@josecarrera9623,127,127.0,0.0,0.5699899295065458,0.003268711512314818,1,276,2,1,1,1,1,2.0,1.0,0.0,False
proyeccion_autores,author::UCsJJAvrVGupdmhOqgtDp8dg,UCsJJAvrVGupdmhOqgtDp8dg,author,@nestorlorenzana1168,127,127.0,0.0,0.5699899295065458,0.003268711512314818,1,276,1,1,1,1,1,1.0,1.0,0.0,False
proyeccion_autores,author::UCsSXdJct-nsS8DsABoEsaYA,UCsSXdJct-nsS8DsABoEsaYA,author,@IvánPérez-j4j,127,127.0,0.0,0.5699899295065458,0.003268711512314818,1,276,1,1,1,1,1,1.0,1.0,0.0,False
proyeccion_autores,author::UCsjs5Hp_r86x1xbK6FAeqaA,UCsjs5Hp_r86x1xbK6FAeqaA,author,@alvaroesquivel563,127,127.0,0.0,0.5699899295065458,0.003268711512314818,1,276,1,1,1,1,1,1.0,1.0,0.0,False
proyeccion_autores,author::UCtNfIBnc5S5DbbQj_yxgJTw,UCtNfIBnc5S5DbbQj_yxgJTw,author,@JosueRamirez-ey3ih,127,127.0,0.0,0.5699899295065458,0.003268711512314818,1,276,1,1,1,1,1,1.0,1.0,0.0,False
proyeccion_autores,author::UCtUR3_CAiE7fCoZHM6cMfyQ,UCtUR3_CAiE7fCoZHM6cMfyQ,author,@mdelcid01,127,127.0,0.0,0.5699899295065458,0.003268711512314818,1,276,1,1,1,1,1,1.0,1.0,0.0,False
proyeccion_autores,author::UCueV9cTyTDwgQSec1x2dYgA,UCueV9cTyTDwgQSec1x2dYgA,author,@fredydomingo7062,127,127.0,0.0,0.5699899295065458,0.003268711512314818,1,276,1,1,1,1,1,1.0,1.0,0.0,False
proyeccion_autores,author::UCujPF2nBgsTD62nWE3lcpIg,UCujPF2nBgsTD62nWE3lcpIg,author,@victorarturoruanobautista7588,127,127.0,0.0,0.5699899295065458,0.003268711512314818,1,276,1,1,1,1,1,1.0,1.0,0.0,False
proyeccion_autores,author::UCut6b9S98nv84cVX89PmKzA,UCut6b9S98nv84cVX89PmKzA,author,@yeniferaguirre4498,127,127.0,0.0,0.5699899295065458,0.003268711512314818,1,276,2,1,1,1,1,2.0,1.0,0.0,False
proyeccion_autores,author::UCvApqeCbLod-wejtT4CcVuA,UCvApqeCbLod-wejtT4CcVuA,author,@davidgaher9550,127,127.0,0.0,0.5699899295065458,0.003268711512314818,1,276,1,1,1,1,1,1.0,1.0,0.0,False
proyeccion_autores,author::UCwO2SXr0ggzwg6QWWrr01nQ,UCwO2SXr0ggzwg6QWWrr01nQ,author,@ricardofigueroa5720,127,127.0,0.0,0.5699899295065458,0.003268711512314818,1,276,1,1,1,1,1,1.0,1.0,0.0,False
proyeccion_autores,author::UCwW2OFy95P7ZBkOPxWkpvYg,UCwW2OFy95P7ZBkOPxWkpvYg,author,@TeresaLucero-b5o,127,127.0,0.0,0.5699899295065458,0.003268711512314818,1,276,2,1,1,1,1,2.0,1.0,0.0,False
proyeccion_autores,author::UCwha8rxULYMVtNwZWeSkE1A,UCwha8rxULYMVtNwZWeSkE1A,author,@mariasamo8637,127,127.0,0.0,0.5699899295065458,0.003268711512314818,1,276,1,1,1,1,1,1.0,1.0,0.0,False
proyeccion_autores,author::UCxff05WuyvwELNITi7bj7UA,UCxff05WuyvwELNITi7bj7UA,author,@markoherrera,127,127.0,0.0,0.5699899295065458,0.003268711512314818,1,276,1,1,1,1,1,1.0,1.0,0.0,False
proyeccion_autores,author::UCySYJU5kUh7X8gVt9la2ISA,UCySYJU5kUh7X8gVt9la2ISA,author,@dantesarti4351,127,127.0,0.0,0.5699899295065458,0.003268711512314818,1,276,1,1,1,1,1,1.0,1.0,0.0,False
proyeccion_autores,author::UCz3gu01bmjNv0DpRq-K3XYg,UCz3gu01bmjNv0DpRq-K3XYg,author,@eusebiovasquez4385,127,127.0,0.0,0.5699899295065458,0.003268711512314818,1,276,2,1,1,1,1,2.0,1.0,0.0,False
proyeccion_autores,author::UCzSfZlOVxBSs5ObD25ywxDQ,UCzSfZlOVxBSs5ObD25ywxDQ,author,@GilmarMaldonado-q9m,127,127.0,0.0,0.5699899295065458,0.003268711512314818,1,276,1,1,1,1,1,1.0,1.0,0.0,False
proyeccion_autores,author::UCzoL2l5H5eVlorWGH8AZfAg,UCzoL2l5H5eVlorWGH8AZfAg,author,@jor77cas,127,127.0,0.0,0.5699899295065458,0.003268711512314818,1,276,1,1,1,1,1,1.0,1.0,0.0,False
proyeccion_autores,author::UC-fiZBS5Gp1eCJd9ucgWnCg,UC-fiZBS5Gp1eCJd9ucgWnCg,author,@Tommii.10,48,48.0,0.0,0.4319738167170191,0.002898162641229915,1,276,1,1,1,1,1,1.0,1.0,0.0,False
proyeccion_autores,author::UC1DpqK6vaPEkBOMNvypsKYg,UC1DpqK6vaPEkBOMNvypsKYg,author,@HectorCarranza-u4j4o,48,48.0,0.0,0.4319738167170191,0.002898162641229915,1,276,1,1,1,1,1,1.0,1.0,0.0,False
proyeccion_autores,author::UC32oozucwCF3q8d4m8fyOUg,UC32oozucwCF3q8d4m8fyOUg,author,@RauldejesusOlivagonzalez,48,48.0,0.0,0.4319738167170191,0.002898162641229915,1,276,1,1,1,1,1,1.0,1.0,0.0,False
proyeccion_autores,author::UC3UVO7pTbeYvZ3ILEyRDskQ,UC3UVO7pTbeYvZ3ILEyRDskQ,author,@rosaelenaargueta79,48,48.0,0.0,0.4319738167170191,0.002898162641229915,1,276,1,1,1,1,1,1.0,1.0,0.0,False
proyeccion_autores,author::UC4Avya4kmR4Q0FrfFdBozSQ,UC4Avya4kmR4Q0FrfFdBozSQ,author,@davidlima1348,48,48.0,0.0,0.4319738167170191,0.002898162641229915,1,276,1,1,1,1,1,1.0,1.0,0.0,False
proyeccion_autores,author::UC5hvEnRUzI4Kfvwnyi4QxqQ,UC5hvEnRUzI4Kfvwnyi4QxqQ,author,@leonelsantizo5281,48,48.0,0.0,0.4319738167170191,0.002898162641229915,1,276,1,1,1,1,1,1.0,1.0,0.0,False
proyeccion_autores,author::UC6Uj1FT5JjDSF8vudvDxPAA,UC6Uj1FT5JjDSF8vudvDxPAA,author,@alfredoortega9264,48,48.0,0.0,0.4319738167170191,0.002898162641229915,1,276,1,1,1,1,1,1.0,1.0,0.0,False
proyeccion_autores,author::UC7dadZG7kkGYnsNu6td0FbA,UC7dadZG7kkGYnsNu6td0FbA,author,@lesolorzano,48,48.0,0.0,0.4319738167170191,0.002898162641229915,1,276,1,1,1,1,1,1.0,1.0,0.0,False
proyeccion_autores,author::UC816IGbFCZinfYS1LRDaaHg,UC816IGbFCZinfYS1LRDaaHg,author,@ingenieroar,48,48.0,0.0,0.4319738167170191,0.002898162641229915,1,276,1,1,1,1,1,1.0,1.0,0.0,False
proyeccion_autores,author::UC95PSMouTx2N5CbSq0hIyrQ,UC95PSMouTx2N5CbSq0hIyrQ,author,@lisss1908,48,48.0,0.0,0.4319738167170191,0.002898162641229915,1,276,1,1,1,1,1,1.0,1.0,0.0,False
proyeccion_autores,author::UCAKuKvcbfnBD3kF5njNu-IA,UCAKuKvcbfnBD3kF5njNu-IA,author,@melvinlopez7096,48,48.0,0.0,0.4319738167170191,0.002898162641229915,1,276,1,1,1,1,1,1.0,1.0,0.0,False
proyeccion_autores,author::UCCBYcToQ2dwkd6TJh0FSyDg,UCCBYcToQ2dwkd6TJh0FSyDg,author,@lidiarodriguez3493,48,48.0,0.0,0.4319738167170191,0.002898162641229915,1,276,1,1,1,1,1,1.0,1.0,0.0,False
proyeccion_autores,author::UCDrmf9y9nLgFY5wnA2hTuGA,UCDrmf9y9nLgFY5wnA2hTuGA,author,@laboratorio5528,48,48.0,0.0,0.4319738167170191,0.002898162641229915,1,276,1,1,1,1,1,1.0,1.0,0.0,False
proyeccion_autores,author::UCGGHbtfbbe0o68etrOf0qxw,UCGGHbtfbbe0o68etrOf0qxw,author,@karensussetteleonvargas9794,48,48.0,0.0,0.4319738167170191,0.002898162641229915,1,276,1,1,1,1,1,1.0,1.0,0.0,False
proyeccion_autores,author::UCHbwIx9pmQuf7i-4_xO2EpA,UCHbwIx9pmQuf7i-4_xO2EpA,author,@caminoseternos752,48,48.0,0.0,0.4319738167170191,0.002898162641229915,1,276,1,1,1,1,1,1.0,1.0,0.0,False
proyeccion_autores,author::UCNpt5CQlTzNjlAKY6CJtClQ,UCNpt5CQlTzNjlAKY6CJtClQ,author,@eustaquiogomez9975,48,48.0,0.0,0.4319738167170191,0.002898162641229915,1,276,1,1,1,1,1,1.0,1.0,0.0,False
proyeccion_autores,author::UCOcUI5XkTYNMSFhZNMIPpGg,UCOcUI5XkTYNMSFhZNMIPpGg,author,@hendersonlopez3864,48,48.0,0.0,0.4319738167170191,0.002898162641229915,1,276,1,1,1,1,1,1.0,1.0,0.0,False
proyeccion_autores,author::UCQqlPPUGqAfWjd-FSh_qn7Q,UCQqlPPUGqAfWjd-FSh_qn7Q,author,@estuardoargueta137,48,48.0,0.0,0.4319738167170191,0.002898162641229915,1,276,1,1,1,1,1,1.0,1.0,0.0,False
proyeccion_autores,author::UCQyOePccUP-fIJYzchAgZYw,UCQyOePccUP-fIJYzchAgZYw,author,@aguilar4254,48,48.0,0.0,0.4319738167170191,0.002898162641229915,1,276,1,1,1,1,1,1.0,1.0,0.0,False
proyeccion_autores,author::UCRAquv8el-tQ30bN7MlmySQ,UCRAquv8el-tQ30bN7MlmySQ,author,@iamjimalesssa,48,48.0,0.0,0.4319738167170191,0.002898162641229915,1,276,1,1,1,1,1,1.0,1.0,0.0,False
proyeccion_autores,author::UCRvPToDkkumha7WJAfCDk1A,UCRvPToDkkumha7WJAfCDk1A,author,@ligiaguerra3057,48,48.0,0.0,0.4319738167170191,0.002898162641229915,1,276,1,1,1,1,1,1.0,1.0,0.0,False
proyeccion_autores,author::UCUoYsrx1oZnCZ0usbBJn4fA,UCUoYsrx1oZnCZ0usbBJn4fA,author,@AnaDiaz-re9sq,48,48.0,0.0,0.4319738167170191,0.002898162641229915,1,276,1,1,1,1,1,1.0,1.0,0.0,False
proyeccion_autores,author::UCV0lM03g5fg5pbPj97-sAtA,UCV0lM03g5fg5pbPj97-sAtA,author,@genarodelgado3929,48,48.0,0.0,0.4319738167170191,0.002898162641229915,1,276,1,1,1,1,1,1.0,1.0,0.0,False
proyeccion_autores,author::UCW-JC6lebVmf2P1dmY_L94g,UCW-JC6lebVmf2P1dmY_L94g,author,@dinoraoroxon5771,48,48.0,0.0,0.4319738167170191,0.002898162641229915,1,276,1,1,1,1,1,1.0,1.0,0.0,False
proyeccion_autores,author::UCW80DaMjQlEUibC98Cot-Dg,UCW80DaMjQlEUibC98Cot-Dg,author,@rogeraldana4289,48,48.0,0.0,0.4319738167170191,0.002898162641229915,1,276,1,1,1,1,1,1.0,1.0,0.0,False
proyeccion_autores,author::UCWoAVGVqCn4xtINCMOTM4jg,UCWoAVGVqCn4xtINCMOTM4jg,author,@OmarMartinez-vv8re,48,48.0,0.0,0.4319738167170191,0.002898162641229915,1,276,1,1,1,1,1,1.0,1.0,0.0,False
proyeccion_autores,author::UCZeIIQrGAedW8tCbKWmGY-A,UCZeIIQrGAedW8tCbKWmGY-A,author,@mariocordon8873,48,48.0,0.0,0.4319738167170191,0.002898162641229915,1,276,1,1,1,1,1,1.0,1.0,0.0,False
proyeccion_autores,author::UC_LYoGs5C3mbZKZuKuqYCvw,UC_LYoGs5C3mbZKZuKuqYCvw,author,@javiercifuentesarchila6041,48,48.0,0.0,0.4319738167170191,0.002898162641229915,1,276,1,1,1,1,1,1.0,1.0,0.0,False
proyeccion_autores,author::UCaKAjTW9MVub_clgr4DRYjQ,UCaKAjTW9MVub_clgr4DRYjQ,author,@josecastillo4390,48,48.0,0.0,0.4319738167170191,0.002898162641229915,1,276,1,1,1,1,1,1.0,1.0,0.0,False
proyeccion_autores,author::UCe8JZoYkX5oKUZyivHYdXhw,UCe8JZoYkX5oKUZyivHYdXhw,author,@FernandoGarcia-jg1fj,48,48.0,0.0,0.4319738167170191,0.002898162641229915,1,276,1,1,1,1,1,1.0,1.0,0.0,False
proyeccion_autores,author::UCeDNEtI8_a42bZ47wJiJMwQ,UCeDNEtI8_a42bZ47wJiJMwQ,author,@EdgarcalderonCalderong,48,48.0,0.0,0.4319738167170191,0.002898162641229915,1,276,1,1,1,1,1,1.0,1.0,0.0,False
proyeccion_autores,author::UCgJNFj5dnxXpcMvmuhZDPxA,UCgJNFj5dnxXpcMvmuhZDPxA,author,@NataliaRodriguez-rx5mr,48,48.0,0.0,0.4319738167170191,0.002898162641229915,1,276,1,1,1,1,1,1.0,1.0,0.0,False
proyeccion_autores,author::UCgQw_Sbq3ugruDUKsq1e0-A,UCgQw_Sbq3ugruDUKsq1e0-A,author,@marlenareano-h4t,48,48.0,0.0,0.4319738167170191,0.002898162641229915,1,276,1,1,1,1,1,1.0,1.0,0.0,False
proyeccion_autores,author::UCiC-Jn7wdgyQV4_Urk0DkWQ,UCiC-Jn7wdgyQV4_Urk0DkWQ,author,@pedroros6358,48,48.0,0.0,0.4319738167170191,0.002898162641229915,1,276,1,1,1,1,1,1.0,1.0,0.0,False
proyeccion_autores,author::UCkVtmkK07b2zaVVNssX4lOg,UCkVtmkK07b2zaVVNssX4lOg,author,@HectorElias-u2l,48,48.0,0.0,0.4319738167170191,0.002898162641229915,1,276,1,1,1,1,1,1.0,1.0,0.0,False
proyeccion_autores,author::UCkbsS_3D-pvg1iHOld9uvIg,UCkbsS_3D-pvg1iHOld9uvIg,author,@gonzalo6075,48,48.0,0.0,0.4319738167170191,0.002898162641229915,1,276,1,1,1,1,1,1.0,1.0,0.0,False
proyeccion_autores,author::UClhMWQ7XKWywYvbRnuf8QsA,UClhMWQ7XKWywYvbRnuf8QsA,author,@EcPerez-zz9oh,48,48.0,0.0,0.4319738167170191,0.002898162641229915,1,276,1,1,1,1,1,1.0,1.0,0.0,False
proyeccion_autores,author::UClqA491Xa5fQcXcJJa-vTWw,UClqA491Xa5fQcXcJJa-vTWw,author,@AndresLemus-k2d,48,48.0,0.0,0.4319738167170191,0.002898162641229915,1,276,1,1,1,1,1,1.0,1.0,0.0,False
proyeccion_autores,author::UColMq7LmaoY3MT6aIDGrGvA,UColMq7LmaoY3MT6aIDGrGvA,author,@quijotachapina1,48,48.0,0.0,0.4319738167170191,0.002898162641229915,1,276,1,1,1,1,1,1.0,1.0,0.0,False
proyeccion_autores,author::UCpe5jW3MIqkgTJ-PgkzvM6Q,UCpe5jW3MIqkgTJ-PgkzvM6Q,author,@carloslam5333,48,48.0,0.0,0.4319738167170191,0.002898162641229915,1,276,1,1,1,1,1,1.0,1.0,0.0,False
proyeccion_autores,author::UCqCrvuoJpC-aVb0f4logQRQ,UCqCrvuoJpC-aVb0f4logQRQ,author,@Lyrics_GT,48,48.0,0.0,0.4319738167170191,0.002898162641229915,1,276,1,1,1,1,1,1.0,1.0,0.0,False
proyeccion_autores,author::UCsGoJEvb-cFPZ2rWoJcXzEQ,UCsGoJEvb-cFPZ2rWoJcXzEQ,author,@sergiohinestroza9709,48,48.0,0.0,0.4319738167170191,0.002898162641229915,1,276,1,1,1,1,1,1.0,1.0,0.0,False
proyeccion_autores,author::UCu8_3-Wg-YzNyvHYQDEscfw,UCu8_3-Wg-YzNyvHYQDEscfw,author,@RolandoCastroPérez-d7y,48,48.0,0.0,0.4319738167170191,0.002898162641229915,1,276,1,1,1,1,1,1.0,1.0,0.0,False
proyeccion_autores,author::UCuXmOjxC-htcprLgeVXz6Tg,UCuXmOjxC-htcprLgeVXz6Tg,author,@jorgeaguilar-bq3uj,48,48.0,0.0,0.4319738167170191,0.002898162641229915,1,276,1,1,1,1,1,1.0,1.0,0.0,False
proyeccion_autores,author::UCwgCc9Jd_gG-uLE_SY-FfPg,UCwgCc9Jd_gG-uLE_SY-FfPg,author,@armindapenados2841,48,48.0,0.0,0.4319738167170191,0.002898162641229915,1,276,1,1,1,1,1,1.0,1.0,0.0,False
proyeccion_autores,author::UCwjUvRseNtJoItylIyIez7Q,UCwjUvRseNtJoItylIyIez7Q,author,@Silviazea,48,48.0,0.0,0.4319738167170191,0.002898162641229915,1,276,1,1,1,1,1,1.0,1.0,0.0,False
proyeccion_autores,author::UC-HeUTT6_g-VoiWds2a4H-w,UC-HeUTT6_g-VoiWds2a4H-w,author,@JorgeMunoz-gd9et,31,31.0,0.0,0.32880161127895263,0.0031737991501789077,1,276,1,1,1,1,1,1.0,1.0,0.0,False
proyeccion_autores,author::UC-Iul5tDYH_oiAMXQH-KaaQ,UC-Iul5tDYH_oiAMXQH-KaaQ,author,@AlbertoMancilla-p9h,31,31.0,0.0,0.32880161127895263,0.0031737991501789077,1,276,1,1,1,1,1,1.0,1.0,0.0,False
proyeccion_autores,author::UC0HvfEWozTHbwl_iEmJNvVA,UC0HvfEWozTHbwl_iEmJNvVA,author,@OttoPalencia-b7r,31,31.0,0.0,0.32880161127895263,0.0031737991501789077,1,276,1,1,1,1,1,1.0,1.0,0.0,False
proyeccion_autores,author::UC14qlobYKqD-DO0j6b75lcA,UC14qlobYKqD-DO0j6b75lcA,author,@megavision4488,31,31.0,0.0,0.32880161127895263,0.0031737991501789077,1,276,1,1,1,1,1,1.0,1.0,0.0,False
proyeccion_autores,author::UC1NiEdJ7gk6FlDexIalWnGg,UC1NiEdJ7gk6FlDexIalWnGg,author,@BorisTebalán,31,31.0,0.0,0.32880161127895263,0.0031737991501789077,1,276,1,1,1,1,1,1.0,1.0,0.0,False
proyeccion_autores,author::UC3YpzAr7pcdKC7BVFEpYzog,UC3YpzAr7pcdKC7BVFEpYzog,author,@carmenfigueroa1232,31,31.0,0.0,0.32880161127895263,0.0031737991501789077,1,276,1,1,1,1,1,1.0,1.0,0.0,False
proyeccion_autores,author::UC63tFvbQ_hJhGDi2nbjssjw,UC63tFvbQ_hJhGDi2nbjssjw,author,@AbigailRodas-w2r,31,31.0,0.0,0.32880161127895263,0.0031737991501789077,1,276,1,1,1,1,1,1.0,1.0,0.0,False
proyeccion_autores,author::UCEHXl4VvvVpq-_4xC5tsbhg,UCEHXl4VvvVpq-_4xC5tsbhg,author,@anibalg47,31,31.0,0.0,0.32880161127895263,0.0031737991501789077,1,276,1,1,1,1,1,1.0,1.0,0.0,False
proyeccion_autores,author::UCFybmWapGvBKcQod7cPPH9w,UCFybmWapGvBKcQod7cPPH9w,author,@vitalianochavez8382,31,31.0,0.0,0.32880161127895263,0.0031737991501789077,1,276,1,1,1,1,1,1.0,1.0,0.0,False
proyeccion_autores,author::UCRfkkatKrNtAARnXMMYBGlA,UCRfkkatKrNtAARnXMMYBGlA,author,@BernerSoza-mg3vx,31,31.0,0.0,0.32880161127895263,0.0031737991501789077,1,276,1,1,1,1,1,1.0,1.0,0.0,False
proyeccion_autores,author::UCV3fr-YOixFKCZBbJP1-X4w,UCV3fr-YOixFKCZBbJP1-X4w,author,@albertoshernandez5251,31,31.0,0.0,0.32880161127895263,0.0031737991501789077,1,276,5,1,1,1,1,5.0,1.0,0.0,False
proyeccion_autores,author::UCWaRixDdpgllTBf4V0jPnKQ,UCWaRixDdpgllTBf4V0jPnKQ,author,@hectormaaz5523,31,31.0,0.0,0.32880161127895263,0.0031737991501789077,1,276,2,1,1,1,1,2.0,1.0,0.0,False
proyeccion_autores,author::UCWvntqPQx99k_Z_skWKqNSA,UCWvntqPQx99k_Z_skWKqNSA,author,@AntonioChiyal-x5s,31,31.0,0.0,0.32880161127895263,0.0031737991501789077,1,276,1,1,1,1,1,1.0,1.0,0.0,False
proyeccion_autores,author::UCZFQwqh90apuL8eFhvRBkUg,UCZFQwqh90apuL8eFhvRBkUg,author,@luisricardo9671,31,31.0,0.0,0.32880161127895263,0.0031737991501789077,1,276,1,1,1,1,1,1.0,1.0,0.0,False
proyeccion_autores,author::UCa36MjQLoPAmgJo-R3G8WQA,UCa36MjQLoPAmgJo-R3G8WQA,author,@elsasalguero6914,31,31.0,0.0,0.32880161127895263,0.0031737991501789077,1,276,1,1,1,1,1,1.0,1.0,0.0,False
proyeccion_autores,author::UCaT4saRcyqCLE657Rq2hhZQ,UCaT4saRcyqCLE657Rq2hhZQ,author,@elmilenial4064,31,31.0,0.0,0.32880161127895263,0.0031737991501789077,1,276,1,1,1,1,1,1.0,1.0,0.0,False
proyeccion_autores,author::UCeQk-WfEA-cJRq4EKeE7TOw,UCeQk-WfEA-cJRq4EKeE7TOw,author,@franciscojuarez9223,31,31.0,0.0,0.32880161127895263,0.0031737991501789077,1,276,1,1,1,1,1,1.0,1.0,0.0,False
proyeccion_autores,author::UCfo_yUPzy1f1POwwZxhZ06Q,UCfo_yUPzy1f1POwwZxhZ06Q,author,@lara11roberto,31,31.0,0.0,0.32880161127895263,0.0031737991501789077,1,276,1,1,1,1,1,1.0,1.0,0.0,False
proyeccion_autores,author::UCgGqw4aqMdMVSGkKiMgrJRQ,UCgGqw4aqMdMVSGkKiMgrJRQ,author,@pattyfigueroa5609,31,31.0,0.0,0.32880161127895263,0.0031737991501789077,1,276,1,1,1,1,1,1.0,1.0,0.0,False
proyeccion_autores,author::UCheEJ5GZuIvV0fj-nXyVwXw,UCheEJ5GZuIvV0fj-nXyVwXw,author,@rosaoliva9389,31,31.0,0.0,0.32880161127895263,0.0031737991501789077,1,276,1,1,1,1,1,1.0,1.0,0.0,False
proyeccion_autores,author::UChyps3dqY-VY1_wLeq-2lhw,UChyps3dqY-VY1_wLeq-2lhw,author,@maydamorales4395,31,31.0,0.0,0.32880161127895263,0.0031737991501789077,1,276,1,1,1,1,1,1.0,1.0,0.0,False
proyeccion_autores,author::UCiOZX__1gahg1ypIj0_XG_w,UCiOZX__1gahg1ypIj0_XG_w,author,@mariogonzalezorellana8956,31,31.0,0.0,0.32880161127895263,0.0031737991501789077,1,276,1,1,1,1,1,1.0,1.0,0.0,False
proyeccion_autores,author::UCoGdCoJg2Lh0OX_jv6cG16g,UCoGdCoJg2Lh0OX_jv6cG16g,author,@Israel-u5i7i,31,31.0,0.0,0.32880161127895263,0.0031737991501789077,1,276,2,1,1,1,1,2.0,1.0,0.0,False
proyeccion_autores,author::UCp29O_C7cchZV8IxV7Crdag,UCp29O_C7cchZV8IxV7Crdag,author,@robertoescobar5507,31,31.0,0.0,0.32880161127895263,0.0031737991501789077,1,276,2,1,1,1,1,2.0,1.0,0.0,False
proyeccion_autores,author::UCql1n3Ey6ULMSOACjMe-fxQ,UCql1n3Ey6ULMSOACjMe-fxQ,author,@RolandoGonzalez-o7g,31,31.0,0.0,0.32880161127895263,0.0031737991501789077,1,276,1,1,1,1,1,1.0,1.0,0.0,False
proyeccion_autores,author::UCtCtts20bW6F9CSohau51Iw,UCtCtts20bW6F9CSohau51Iw,author,@carlosgranados9875,31,31.0,0.0,0.32880161127895263,0.0031737991501789077,1,276,2,1,1,1,1,2.0,1.0,0.0,False
proyeccion_autores,author::UCtsxPYw8VUsH_FfnKg-0lmw,UCtsxPYw8VUsH_FfnKg-0lmw,author,@AlejandroPérez-b6r,31,31.0,0.0,0.32880161127895263,0.0031737991501789077,1,276,1,1,1,1,1,1.0,1.0,0.0,False
proyeccion_autores,author::UCvDwJBBY1mHK70aTEYl6rsA,UCvDwJBBY1mHK70aTEYl6rsA,author,@cristianescobedo8296,31,31.0,0.0,0.32880161127895263,0.0031737991501789077,1,276,1,1,1,1,1,1.0,1.0,0.0,False
proyeccion_autores,author::UCwxoKK59nGCeBqB2sXfDBIw,UCwxoKK59nGCeBqB2sXfDBIw,author,@vic-bonivideos,31,31.0,0.0,0.32880161127895263,0.0031737991501789077,1,276,1,1,1,1,1,1.0,1.0,0.0,False
proyeccion_autores,author::UCyJhqmMbsvjpoarBBStA2kg,UCyJhqmMbsvjpoarBBStA2kg,author,@Murmullodelbarrio,31,31.0,0.0,0.32880161127895263,0.0031737991501789077,1,276,6,1,1,1,1,6.0,1.0,0.0,False
proyeccion_autores,author::UC0RpuMwkDKJYqgKHtsJRuWQ,UC0RpuMwkDKJYqgKHtsJRuWQ,author,@sabinamarinaguerra3248,24,24.0,0.0,0.07250755287009064,0.00304321363359708,2,25,1,1,1,1,1,1.0,1.0,0.0,False
proyeccion_autores,author::UC0aEyakBPqcBkVJiErfSupQ,UC0aEyakBPqcBkVJiErfSupQ,author,@jhonymanuel9891,24,24.0,0.0,0.07250755287009064,0.00304321363359708,2,25,1,1,1,1,1,1.0,1.0,0.0,False
proyeccion_autores,author::UC5PyGvSfFM--OVKmQ3COu6g,UC5PyGvSfFM--OVKmQ3COu6g,author,@FreddyGmez,24,24.0,0.0,0.07250755287009064,0.00304321363359708,2,25,1,1,1,1,1,1.0,1.0,0.0,False
proyeccion_autores,author::UC5fvhAfm89JH8eDFdvc0xYw,UC5fvhAfm89JH8eDFdvc0xYw,author,@isaidiaz2388,24,24.0,0.0,0.07250755287009064,0.00304321363359708,2,25,1,1,1,1,1,1.0,1.0,0.0,False
proyeccion_autores,author::UCFOxCyF926Y9eHhMeVoWLzw,UCFOxCyF926Y9eHhMeVoWLzw,author,@arielsarc09,24,24.0,0.0,0.07250755287009064,0.00304321363359708,2,25,1,1,1,1,1,1.0,1.0,0.0,False
proyeccion_autores,author::UCGqKxQS-z3NZzZF-2w338AA,UCGqKxQS-z3NZzZF-2w338AA,author,@samuelaguilar529,24,24.0,0.0,0.07250755287009064,0.00304321363359708,2,25,1,1,1,1,1,1.0,1.0,0.0,False
proyeccion_autores,author::UCHMQ_lDhibZ-XZ_3fo6oxwg,UCHMQ_lDhibZ-XZ_3fo6oxwg,author,@crislexrubi4387,24,24.0,0.0,0.07250755287009064,0.00304321363359708,2,25,1,1,1,1,1,1.0,1.0,0.0,False
proyeccion_autores,author::UCIUhbSCy3-SGRe5UtqM4fzQ,UCIUhbSCy3-SGRe5UtqM4fzQ,author,@jeanmorales1677,24,24.0,0.0,0.07250755287009064,0.00304321363359708,2,25,1,1,1,1,1,1.0,1.0,0.0,False
proyeccion_autores,author::UCIp19h9igblA2YKfSLPDAug,UCIp19h9igblA2YKfSLPDAug,author,@JoseReyes-rn6sh,24,24.0,0.0,0.07250755287009064,0.00304321363359708,2,25,1,1,1,1,1,1.0,1.0,0.0,False
proyeccion_autores,author::UCRcSR3Lvn9DZAmJpVPANfZQ,UCRcSR3Lvn9DZAmJpVPANfZQ,author,@WalksandSuch,24,24.0,0.0,0.07250755287009064,0.00304321363359708,2,25,1,1,1,1,1,1.0,1.0,0.0,False
proyeccion_autores,author::UCRznz9-N3Qc1w-qNdLSIY2Q,UCRznz9-N3Qc1w-qNdLSIY2Q,author,@jimmygomez724,24,24.0,0.0,0.07250755287009064,0.00304321363359708,2,25,1,1,1,1,1,1.0,1.0,0.0,False
proyeccion_autores,author::UCSTAUWVc1_82DHYeqOsqEFA,UCSTAUWVc1_82DHYeqOsqEFA,author,@TheAlexX_C,24,24.0,0.0,0.07250755287009064,0.00304321363359708,2,25,1,1,1,1,1,1.0,1.0,0.0,False
proyeccion_autores,author::UCXmrpc6Li0spcKxtS0Q_ptg,UCXmrpc6Li0spcKxtS0Q_ptg,author,@melvinperez6710,24,24.0,0.0,0.07250755287009064,0.00304321363359708,2,25,1,1,1,1,1,1.0,1.0,0.0,False
proyeccion_autores,author::UCY7Hq7F9Lnucf-Yr6JkHZNw,UCY7Hq7F9Lnucf-Yr6JkHZNw,author,@maynorcalel1442,24,24.0,0.0,0.07250755287009064,0.00304321363359708,2,25,1,1,1,1,1,1.0,1.0,0.0,False
proyeccion_autores,author::UC_ljZ1hZXR9pzexFz87P5ZA,UC_ljZ1hZXR9pzexFz87P5ZA,author,@ChRiStOpHeR7969,24,24.0,0.0,0.07250755287009064,0.00304321363359708,2,25,1,1,1,1,1,1.0,1.0,0.0,False
proyeccion_autores,author::UCaT6M2zp7X6r6Whd8Vv3kHQ,UCaT6M2zp7X6r6Whd8Vv3kHQ,author,@alexarcos8349,24,24.0,0.0,0.07250755287009064,0.00304321363359708,2,25,1,1,1,1,1,1.0,1.0,0.0,False
proyeccion_autores,author::UCgLrWFdYitoP-b7-PxtUr-w,UCgLrWFdYitoP-b7-PxtUr-w,author,@zetag,24,24.0,0.0,0.07250755287009064,0.00304321363359708,2,25,1,1,1,1,1,1.0,1.0,0.0,False
proyeccion_autores,author::UCgLurCo-e019HGODcjXHWCw,UCgLurCo-e019HGODcjXHWCw,author,@perritojuega1,24,24.0,0.0,0.07250755287009064,0.00304321363359708,2,25,1,1,1,1,1,1.0,1.0,0.0,False
proyeccion_autores,author::UCi-vPdnpQreC7BkFs40mJGA,UCi-vPdnpQreC7BkFs40mJGA,author,@bryansicasales4280,24,24.0,0.0,0.07250755287009064,0.00304321363359708,2,25,1,1,1,1,1,1.0,1.0,0.0,False
proyeccion_autores,author::UCqilIa8r7iek5sGYg_q6ofA,UCqilIa8r7iek5sGYg_q6ofA,author,@rolandojuchuna484,24,24.0,0.0,0.07250755287009064,0.00304321363359708,2,25,1,1,1,1,1,1.0,1.0,0.0,False
proyeccion_autores,author::UCs_5qeqdku9tGAq22y3OcuQ,UCs_5qeqdku9tGAq22y3OcuQ,author,@alexandrevasquez4135,24,24.0,0.0,0.07250755287009064,0.00304321363359708,2,25,1,1,1,1,1,1.0,1.0,0.0,False
proyeccion_autores,author::UCtMBF_1O2jY2INlb_luuB_A,UCtMBF_1O2jY2INlb_luuB_A,author,@mynorgudiel8646,24,24.0,0.0,0.07250755287009064,0.00304321363359708,2,25,1,1,1,1,1,1.0,1.0,0.0,False
proyeccion_autores,author::UCwUAv3_LpWVtTIi7lkmTL7A,UCwUAv3_LpWVtTIi7lkmTL7A,author,@kingr4706,24,24.0,0.0,0.07250755287009064,0.00304321363359708,2,25,1,1,1,1,1,1.0,1.0,0.0,False
proyeccion_autores,author::UCxKR3RA8T-kxMgq_2WWhRcQ,UCxKR3RA8T-kxMgq_2WWhRcQ,author,@elenaluarca9377,24,24.0,0.0,0.07250755287009064,0.00304321363359708,2,25,1,1,1,1,1,1.0,1.0,0.0,False
proyeccion_autores,author::UCyzf29IYjNw67gGIfsjgtxA,UCyzf29IYjNw67gGIfsjgtxA,author,@carlosoliva9249,24,24.0,0.0,0.07250755287009064,0.00304321363359708,2,25,1,1,1,1,1,1.0,1.0,0.0,False
proyeccion_autores,author::UC1Y7x3h0c95Z8kUhi-Tzaeg,UC1Y7x3h0c95Z8kUhi-Tzaeg,author,@rosadiaz9235,18,18.0,0.0,0.3864551863041289,0.002359046320435588,1,276,1,1,1,1,1,1.0,1.0,0.0,False
proyeccion_autores,author::UC7IMsCxfZyWN7YQo8-JYa6Q,UC7IMsCxfZyWN7YQo8-JYa6Q,author,@Burgos68,18,18.0,0.0,0.3864551863041289,0.002359046320435588,1,276,2,1,1,1,1,2.0,1.0,0.0,False
proyeccion_autores,author::UC8xlJWNHz1V_W6q3fbuQH8g,UC8xlJWNHz1V_W6q3fbuQH8g,author,@NormaLópez-v7e,18,18.0,0.0,0.3864551863041289,0.002359046320435588,1,276,1,1,1,1,1,1.0,1.0,0.0,False
proyeccion_autores,author::UCAV7QIjYhbDJaycQycM_0eQ,UCAV7QIjYhbDJaycQycM_0eQ,author,@mariavail8998,18,18.0,0.0,0.3864551863041289,0.002359046320435588,1,276,1,1,1,1,1,1.0,1.0,0.0,False
proyeccion_autores,author::UCGX_UbAQOXGZknv5iqklwTA,UCGX_UbAQOXGZknv5iqklwTA,author,@ronaldgarcia8522,18,18.0,0.0,0.3864551863041289,0.002359046320435588,1,276,1,1,1,1,1,1.0,1.0,0.0,False
proyeccion_autores,author::UCN2N_wYOw6fMwCeSzdXLPIw,UCN2N_wYOw6fMwCeSzdXLPIw,author,@danielantoniogonzalezflore4901,18,18.0,0.0,0.3864551863041289,0.002359046320435588,1,276,1,1,1,1,1,1.0,1.0,0.0,False
proyeccion_autores,author::UCNIeXbV_mEwpa412h1aqUWw,UCNIeXbV_mEwpa412h1aqUWw,author,@juandeleon9060,18,18.0,0.0,0.3864551863041289,0.002359046320435588,1,276,3,1,1,1,1,3.0,1.0,0.0,False
proyeccion_autores,author::UCPZueDLrCS4BmTBRMA4q0fA,UCPZueDLrCS4BmTBRMA4q0fA,author,@kevinochoa3695,18,18.0,0.0,0.3864551863041289,0.002359046320435588,1,276,1,1,1,1,1,1.0,1.0,0.0,False
proyeccion_autores,author::UCVQf0tzL7xRzFJsABVVULpg,UCVQf0tzL7xRzFJsABVVULpg,author,@DennisseLopetegi,18,18.0,0.0,0.3864551863041289,0.002359046320435588,1,276,1,1,1,1,1,1.0,1.0,0.0,False
proyeccion_autores,author::UCbYoNG5J3Au5BqtbXogfEFw,UCbYoNG5J3Au5BqtbXogfEFw,author,@Luis-gn3fj,18,18.0,0.0,0.3864551863041289,0.002359046320435588,1,276,1,1,1,1,1,1.0,1.0,0.0,False
proyeccion_autores,author::UCf5lnNZF7Qrtli9v4N_23WQ,UCf5lnNZF7Qrtli9v4N_23WQ,author,@CarlosCortez-v5r,18,18.0,0.0,0.3864551863041289,0.002359046320435588,1,276,1,1,1,1,1,1.0,1.0,0.0,False
proyeccion_autores,author::UCg3eIfd7BrsLEqS0BLkftHA,UCg3eIfd7BrsLEqS0BLkftHA,author,@ErmePérez-q4s,18,18.0,0.0,0.3864551863041289,0.002359046320435588,1,276,3,1,1,1,1,3.0,1.0,0.0,False
proyeccion_autores,author::UCgQJgI9vu1FI2dnC9mrFthw,UCgQJgI9vu1FI2dnC9mrFthw,author,@srms70,18,18.0,0.0,0.3864551863041289,0.002359046320435588,1,276,1,1,1,1,1,1.0,1.0,0.0,False
proyeccion_autores,author::UClsrFGJKWPxxw7MiaEdKLXw,UClsrFGJKWPxxw7MiaEdKLXw,author,@ericapaz5406,18,18.0,0.0,0.3864551863041289,0.002359046320435588,1,276,1,1,1,1,1,1.0,1.0,0.0,False
proyeccion_autores,author::UCtNyHmRZtvGF2hSvI2dUBWw,UCtNyHmRZtvGF2hSvI2dUBWw,author,@aureliomaldonado4793,18,18.0,0.0,0.3864551863041289,0.002359046320435588,1,276,2,1,1,1,1,2.0,1.0,0.0,False
proyeccion_autores,author::UCuP4UK33HKtJE_S39ksmaTw,UCuP4UK33HKtJE_S39ksmaTw,author,@herbertaguilar1387,18,18.0,0.0,0.3864551863041289,0.002359046320435588,1,276,1,1,1,1,1,1.0,1.0,0.0,False
proyeccion_autores,author::UCusjriFsDHEc2AOjqk-p5ig,UCusjriFsDHEc2AOjqk-p5ig,author,@pablobarrios7931,18,18.0,0.0,0.3864551863041289,0.002359046320435588,1,276,1,1,1,1,1,1.0,1.0,0.0,False
proyeccion_autores,author::UC-QOpE7GOxlXcHZ8b7HbQKA,UC-QOpE7GOxlXcHZ8b7HbQKA,author,@mariaalexander427,17,17.0,0.0,0.0513595166163142,0.00304321363359708,3,18,2,1,1,1,1,2.0,1.0,0.0,False
proyeccion_autores,author::UC1WlJfQmaIskYhP4gmWoamw,UC1WlJfQmaIskYhP4gmWoamw,author,@marthareiss5434,17,17.0,0.0,0.0513595166163142,0.00304321363359708,3,18,1,1,1,1,1,1.0,1.0,0.0,False
proyeccion_autores,author::UCBlm80VQ4YoV3bUJR_XhkaQ,UCBlm80VQ4YoV3bUJR_XhkaQ,author,@rosadiaz6945,17,17.0,0.0,0.0513595166163142,0.00304321363359708,3,18,2,1,1,1,1,2.0,1.0,0.0,False
proyeccion_autores,author::UCGZMgmM92E3njyXNe9-kjAQ,UCGZMgmM92E3njyXNe9-kjAQ,author,@pasionpornada,17,17.0,0.0,0.0513595166163142,0.00304321363359708,3,18,1,1,1,1,1,1.0,1.0,0.0,False
proyeccion_autores,author::UCIgoiXdIKJyUGmUoH2Lxdzg,UCIgoiXdIKJyUGmUoH2Lxdzg,author,@susievidal4134,17,17.0,0.0,0.0513595166163142,0.00304321363359708,3,18,1,1,1,1,1,1.0,1.0,0.0,False
proyeccion_autores,author::UCOLHH4ZpMxPYF-Q6e6wvn5A,UCOLHH4ZpMxPYF-Q6e6wvn5A,author,@luisroldan7374,17,17.0,0.0,0.0513595166163142,0.00304321363359708,3,18,1,1,1,1,1,1.0,1.0,0.0,False
proyeccion_autores,author::UCPNXmbOBVeC4HS-xemvcPtQ,UCPNXmbOBVeC4HS-xemvcPtQ,author,@BelkisRodriguezRamirez,17,17.0,0.0,0.0513595166163142,0.00304321363359708,3,18,1,1,1,1,1,1.0,1.0,0.0,False
proyeccion_autores,author::UCQMMuADgqWUOcJpLwHOzC-g,UCQMMuADgqWUOcJpLwHOzC-g,author,@Ripped-Yoda,17,17.0,0.0,0.0513595166163142,0.00304321363359708,3,18,1,1,1,1,1,1.0,1.0,0.0,False
proyeccion_autores,author::UCVdjCrh4tQoX3haNAZv-n5A,UCVdjCrh4tQoX3haNAZv-n5A,author,@aurahernandez5646,17,17.0,0.0,0.0513595166163142,0.00304321363359708,3,18,1,1,1,1,1,1.0,1.0,0.0,False
proyeccion_autores,author::UCZjm6U576nX8WOiLhmMR3bw,UCZjm6U576nX8WOiLhmMR3bw,author,@MariaNavarroYT,17,17.0,0.0,0.0513595166163142,0.00304321363359708,3,18,1,1,1,1,1,1.0,1.0,0.0,False
proyeccion_autores,author::UCat2qkYvqmtDNEmo2PVuhXw,UCat2qkYvqmtDNEmo2PVuhXw,author,@DoraSalas-j5o,17,17.0,0.0,0.0513595166163142,0.00304321363359708,3,18,1,1,1,1,1,1.0,1.0,0.0,False
proyeccion_autores,author::UCbNanjFI51cwGqMAb2rOrBw,UCbNanjFI51cwGqMAb2rOrBw,author,@RosaMontesdeOca777,17,17.0,0.0,0.0513595166163142,0.00304321363359708,3,18,1,1,1,1,1,1.0,1.0,0.0,False
proyeccion_autores,author::UCi2KiZq63sRq8Mfbcp-MelQ,UCi2KiZq63sRq8Mfbcp-MelQ,author,@eugeneramirez4405,17,17.0,0.0,0.0513595166163142,0.00304321363359708,3,18,6,1,1,1,1,6.0,1.0,0.0,False
proyeccion_autores,author::UCozFYHN0e_-vlQbX3wQGOug,UCozFYHN0e_-vlQbX3wQGOug,author,@jesusguzman2321,17,17.0,0.0,0.0513595166163142,0.00304321363359708,3,18,1,1,1,1,1,1.0,1.0,0.0,False
proyeccion_autores,author::UCp_dAUfv8i3LW3zWc24dLaQ,UCp_dAUfv8i3LW3zWc24dLaQ,author,@MarioCortez-o6v,17,17.0,0.0,0.0513595166163142,0.00304321363359708,3,18,1,1,1,1,1,1.0,1.0,0.0,False
proyeccion_autores,author::UCrqXyRsg-_hTosURZ-uvoKg,UCrqXyRsg-_hTosURZ-uvoKg,author,@flornolberto2425,17,17.0,0.0,0.0513595166163142,0.00304321363359708,3,18,1,1,1,1,1,1.0,1.0,0.0,False
proyeccion_autores,author::UCtiHFjFu7d5v2XxHnKFUYig,UCtiHFjFu7d5v2XxHnKFUYig,author,@Paul-gf7ec,17,17.0,0.0,0.0513595166163142,0.00304321363359708,3,18,1,1,1,1,1,1.0,1.0,0.0,False
proyeccion_autores,author::UCxhtlxPV8AYWaNNyU6S9H8Q,UCxhtlxPV8AYWaNNyU6S9H8Q,author,@WilR-s8r,17,17.0,0.0,0.0513595166163142,0.00304321363359708,3,18,1,1,1,1,1,1.0,1.0,0.0,False
proyeccion_autores,author::UCCUmP4PlbwgikVFpYwbtRTg,UCCUmP4PlbwgikVFpYwbtRTg,author,@alhvi,15,15.0,0.0,0.2878147029204431,0.003038650949471555,1,276,1,1,1,1,1,1.0,1.0,0.0,False
proyeccion_autores,author::UCOY3XpD9qMCRSA8AA8c4CAw,UCOY3XpD9qMCRSA8AA8c4CAw,author,@franciscorodas9686,15,15.0,0.0,0.2878147029204431,0.003038650949471555,1,276,1,1,1,1,1,1.0,1.0,0.0,False
proyeccion_autores,author::UCTTILH6QCIxbTnEWxwRqs1g,UCTTILH6QCIxbTnEWxwRqs1g,author,@3762Jorge,15,15.0,0.0,0.2878147029204431,0.003038650949471555,1,276,1,1,1,1,1,1.0,1.0,0.0,False
proyeccion_autores,author::UCXO1BBohNWXkK9SBDAG2ySg,UCXO1BBohNWXkK9SBDAG2ySg,author,@JBFlute92,15,15.0,0.0,0.2878147029204431,0.003038650949471555,1,276,1,1,1,1,1,1.0,1.0,0.0,False
proyeccion_autores,author::UCXVLc8CmAO813ubM-fLvCDw,UCXVLc8CmAO813ubM-fLvCDw,author,@herminiasaquimux7565,15,15.0,0.0,0.2878147029204431,0.003038650949471555,1,276,1,1,1,1,1,1.0,1.0,0.0,False
proyeccion_autores,author::UCXl30Y_upRqbti52fmjK4YA,UCXl30Y_upRqbti52fmjK4YA,author,@capitanfrans,15,15.0,0.0,0.2878147029204431,0.003038650949471555,1,276,1,1,1,1,1,1.0,1.0,0.0,False
proyeccion_autores,author::UCcFIBN-rtC3d3hXeuN5TfWw,UCcFIBN-rtC3d3hXeuN5TfWw,author,@DenisRMC,15,15.0,0.0,0.2878147029204431,0.003038650949471555,1,276,1,1,1,1,1,1.0,1.0,0.0,False
proyeccion_autores,author::UCc_F88PzGWtA1OPNUEASulA,UCc_F88PzGWtA1OPNUEASulA,author,@rockyscarlet,15,15.0,0.0,0.2878147029204431,0.003038650949471555,1,276,1,1,1,1,1,1.0,1.0,0.0,False
proyeccion_autores,author::UCdQAuWwyC99MB7Y02Umj26Q,UCdQAuWwyC99MB7Y02Umj26Q,author,@miguelbran1268,15,15.0,0.0,0.2878147029204431,0.003038650949471555,1,276,1,1,1,1,1,1.0,1.0,0.0,False
proyeccion_autores,author::UCefAH1MbvADWUjE9WVcB9EQ,UCefAH1MbvADWUjE9WVcB9EQ,author,@jabriz8152,15,15.0,0.0,0.2878147029204431,0.003038650949471555,1,276,1,1,1,1,1,1.0,1.0,0.0,False
proyeccion_autores,author::UChT7pzGytNd92Nmvi-zuWog,UChT7pzGytNd92Nmvi-zuWog,author,@sparkvalkov,15,15.0,0.0,0.2878147029204431,0.003038650949471555,1,276,1,1,1,1,1,1.0,1.0,0.0,False
proyeccion_autores,author::UCkxdJ_yGN2gghOMo2ybQtXQ,UCkxdJ_yGN2gghOMo2ybQtXQ,author,@11223344An,15,15.0,0.0,0.2878147029204431,0.003038650949471555,1,276,1,1,1,1,1,1.0,1.0,0.0,False
proyeccion_autores,author::UCwEe1RKlEv1UpNWmWYfSh4w,UCwEe1RKlEv1UpNWmWYfSh4w,author,@marioramirez299,15,15.0,0.0,0.2878147029204431,0.003038650949471555,1,276,1,1,1,1,1,1.0,1.0,0.0,False
proyeccion_autores,author::UCxcoDvP-g2_KTZDmVZtvb3w,UCxcoDvP-g2_KTZDmVZtvb3w,author,@angelmartinez9523,15,15.0,0.0,0.2878147029204431,0.003038650949471555,1,276,1,1,1,1,1,1.0,1.0,0.0,False
proyeccion_autores,author::UC2ngpd8UBQu4gcUYy0goAtg,UC2ngpd8UBQu4gcUYy0goAtg,author,@juliohernandez7438,12,12.0,0.0,0.2471802618328298,0.002548612704496669,1,276,1,1,1,1,1,1.0,1.0,0.0,False
proyeccion_autores,author::UCAxvOOHQk7dYPOajzFEVtbA,UCAxvOOHQk7dYPOajzFEVtbA,author,@ruddydepaz322,12,12.0,0.0,0.2471802618328298,0.002548612704496669,1,276,2,1,1,1,1,2.0,1.0,0.0,False
proyeccion_autores,author::UCIXLDYqR_syskKRJy_x9W9Q,UCIXLDYqR_syskKRJy_x9W9Q,author,@carlitosramirez4739,12,12.0,0.0,0.2471802618328298,0.002548612704496669,1,276,1,1,1,1,1,1.0,1.0,0.0,False
proyeccion_autores,author::UCLXYp1Cvc5DLtq5UQL5D9vw,UCLXYp1Cvc5DLtq5UQL5D9vw,author,@jorgecifuentes-m5g,12,12.0,0.0,0.2471802618328298,0.002548612704496669,1,276,1,1,1,1,1,1.0,1.0,0.0,False
proyeccion_autores,author::UCO0zwwLWGyDgQmWPJ5Qrr1w,UCO0zwwLWGyDgQmWPJ5Qrr1w,author,@elsalvador3605,12,12.0,0.0,0.2471802618328298,0.002548612704496669,1,276,1,1,1,1,1,1.0,1.0,0.0,False
proyeccion_autores,author::UCXN2s7DwTJm33xO-pNkAdaA,UCXN2s7DwTJm33xO-pNkAdaA,author,@edithsan7688,12,12.0,0.0,0.2471802618328298,0.002548612704496669,1,276,1,1,1,1,1,1.0,1.0,0.0,False
proyeccion_autores,author::UC_3xuTXvMIWU5MYP9HkJ3vQ,UC_3xuTXvMIWU5MYP9HkJ3vQ,author,@Historia-wm4os,12,12.0,0.0,0.2471802618328298,0.002548612704496669,1,276,1,1,1,1,1,1.0,1.0,0.0,False
proyeccion_autores,author::UCfXykdbSU97rj987LDUGfvg,UCfXykdbSU97rj987LDUGfvg,author,@MariaSantos-c8y3h,12,12.0,0.0,0.2471802618328298,0.002548612704496669,1,276,1,1,1,1,1,1.0,1.0,0.0,False
proyeccion_autores,author::UCfjhejO7LZy4doXURa7LZCQ,UCfjhejO7LZy4doXURa7LZCQ,author,@HonwayLee-z5g,12,12.0,0.0,0.2471802618328298,0.002548612704496669,1,276,1,1,1,1,1,1.0,1.0,0.0,False
proyeccion_autores,author::UCq3mDTTRZnUybct5M9OSXbg,UCq3mDTTRZnUybct5M9OSXbg,author,@MacoMorales-i2i2d,12,12.0,0.0,0.2471802618328298,0.002548612704496669,1,276,1,1,1,1,1,1.0,1.0,0.0,False
proyeccion_autores,author::UCvl1tzQeBeGy6efPTRJXSCw,UCvl1tzQeBeGy6efPTRJXSCw,author,@RaulPerez-cw2vi,12,12.0,0.0,0.2471802618328298,0.002548612704496669,1,276,1,1,1,1,1,1.0,1.0,0.0,False
proyeccion_autores,author::UCwCfs-2zbD5k0lG-UVg_JBw,UCwCfs-2zbD5k0lG-UVg_JBw,author,@JessicaHuaz-96,12,12.0,0.0,0.2471802618328298,0.002548612704496669,1,276,1,1,1,1,1,1.0,1.0,0.0,False
proyeccion_autores,author::UC5wuDq3U3vRAhOQI3D7gNdw,UC5wuDq3U3vRAhOQI3D7gNdw,author,@allanreneramirezgonzalez534,9,9.0,0.0,0.380110775427996,0.0019228331088015497,1,276,1,1,1,1,1,1.0,1.0,0.0,False
proyeccion_autores,author::UCJp3OrVYcBorC94sKwdch_A,UCJp3OrVYcBorC94sKwdch_A,author,@ULJoshmg2011,9,9.0,0.0,0.380110775427996,0.0019228331088015497,1,276,1,1,1,1,1,1.0,1.0,0.0,False
proyeccion_autores,author::UCVC2QugcI1G4RvlCiUqd1aQ,UCVC2QugcI1G4RvlCiUqd1aQ,author,@rwdm76,9,9.0,0.0,0.380110775427996,0.0019228331088015497,1,276,2,1,1,1,1,2.0,1.0,0.0,False
proyeccion_autores,author::UCZOmq6MwFDVoCaEl99BRRaw,UCZOmq6MwFDVoCaEl99BRRaw,author,@daniloarevalo3170,9,9.0,0.0,0.380110775427996,0.0019228331088015497,1,276,1,1,1,1,1,1.0,1.0,0.0,False
proyeccion_autores,author::UC_6KbBY1bsYXz9fwFS0eQRg,UC_6KbBY1bsYXz9fwFS0eQRg,author,@imrcp5694,9,9.0,0.0,0.380110775427996,0.0019228331088015497,1,276,1,1,1,1,1,1.0,1.0,0.0,False
proyeccion_autores,author::UCjJf-AJKRFFWtiN-CSwkDmA,UCjJf-AJKRFFWtiN-CSwkDmA,author,@2jose82,9,9.0,0.0,0.380110775427996,0.0019228331088015497,1,276,1,1,1,1,1,1.0,1.0,0.0,False
proyeccion_autores,author::UCnU8wO1OurAmGstDw6VGjgQ,UCnU8wO1OurAmGstDw6VGjgQ,author,@cmorera21,9,9.0,0.0,0.380110775427996,0.0019228331088015497,1,276,1,1,1,1,1,1.0,1.0,0.0,False
proyeccion_autores,author::UC094EFEmMSdwVa8NQjjYBXg,UC094EFEmMSdwVa8NQjjYBXg,author,@CelestinoQuej-j7k,6,6.0,0.0,0.33403826787512586,0.0016697553162696444,1,276,1,1,1,1,1,1.0,1.0,0.0,False
proyeccion_autores,author::UC3iIU62XKUOWuqL8BqBzj9A,UC3iIU62XKUOWuqL8BqBzj9A,author,@antonioduarte2288,6,6.0,0.0,0.33403826787512586,0.0016697553162696444,1,276,1,1,1,1,1,1.0,1.0,0.0,False
proyeccion_autores,author::UC4kg7zuTfqQKLd2bkZrSYBA,UC4kg7zuTfqQKLd2bkZrSYBA,author,@zoilagarcia9019,6,6.0,0.0,0.2838368580060423,0.001806375196548455,1,276,1,1,1,1,1,1.0,1.0,0.0,False
proyeccion_autores,author::UC5PrBbmUlQolwqmiru7yZhw,UC5PrBbmUlQolwqmiru7yZhw,author,@lazarochavez8269,6,6.0,0.0,0.33403826787512586,0.0016697553162696444,1,276,1,1,1,1,1,1.0,1.0,0.0,False
proyeccion_autores,author::UC9Wp6vL5oCU37qC3Aj94WZA,UC9Wp6vL5oCU37qC3Aj94WZA,author,@ManuelSanchez-b8q2z,6,6.0,0.0,0.33403826787512586,0.0016697553162696444,1,276,1,1,1,1,1,1.0,1.0,0.0,False
proyeccion_autores,author::UCBtB5dIyx-C16UN8ClUD2UA,UCBtB5dIyx-C16UN8ClUD2UA,author,@alexmonzon4257,6,6.0,0.0,0.2838368580060423,0.001806375196548455,1,276,1,1,1,1,1,1.0,1.0,0.0,False
proyeccion_autores,author::UCFFrEmn6lPYiWyElpfzTy5Q,UCFFrEmn6lPYiWyElpfzTy5Q,author,@denilsonlopez4083,6,6.0,0.0,0.2838368580060423,0.001806375196548455,1,276,1,1,1,1,1,1.0,1.0,0.0,False
proyeccion_autores,author::UCGm3gRBEHGRJYmtCryZLtDw,UCGm3gRBEHGRJYmtCryZLtDw,author,@JoséLopez-g6k,6,6.0,0.0,0.33403826787512586,0.0016697553162696444,1,276,1,1,1,1,1,1.0,1.0,0.0,False
proyeccion_autores,author::UCHu8x4MVkayU6VgwVKd--MQ,UCHu8x4MVkayU6VgwVKd--MQ,author,@Hernandez-i1o,6,6.0,0.0,0.33403826787512586,0.0016697553162696444,1,276,1,1,1,1,1,1.0,1.0,0.0,False
proyeccion_autores,author::UCLh1Kde4_vI1sTZBkTNP7RQ,UCLh1Kde4_vI1sTZBkTNP7RQ,author,@JoelReynoso-d4r,6,6.0,0.0,0.2838368580060423,0.001806375196548455,1,276,1,1,1,1,1,1.0,1.0,0.0,False
proyeccion_autores,author::UCfRqgt2O-vjzUDMZY_tnxQw,UCfRqgt2O-vjzUDMZY_tnxQw,author,@Williams-Garcia67E,6,6.0,0.0,0.2838368580060423,0.001806375196548455,1,276,1,1,1,1,1,1.0,1.0,0.0,False
proyeccion_autores,author::UCk4O-J1BhoqPmig1KLGJePA,UCk4O-J1BhoqPmig1KLGJePA,author,@lazarobarillas3575,6,6.0,0.0,0.2838368580060423,0.001806375196548455,1,276,1,1,1,1,1,1.0,1.0,0.0,False
proyeccion_autores,author::UCGj2v6Gl5bN8NSrzJMXS-CA,UCGj2v6Gl5bN8NSrzJMXS-CA,author,@juliogutierrez492,5,5.0,0.0,0.2732124874118832,0.0019964490731540488,1,276,1,1,1,1,1,1.0,1.0,0.0,False
proyeccion_autores,author::UCOARn3hnfkB7-_Rwa8Hoqcw,UCOARn3hnfkB7-_Rwa8Hoqcw,author,@nicelol5241,5,5.0,0.0,0.2732124874118832,0.0019964490731540488,1,276,1,1,1,1,1,1.0,1.0,0.0,False
proyeccion_autores,author::UCVhif9eV0f8plICen2DnpKA,UCVhif9eV0f8plICen2DnpKA,author,@blogarteplus,5,5.0,0.0,0.2732124874118832,0.0019964490731540488,1,276,1,1,1,1,1,1.0,1.0,0.0,False
proyeccion_autores,author::UCZIQnb1fkwe39Iw2TAu-bGA,UCZIQnb1fkwe39Iw2TAu-bGA,author,@jorgegomez2237,5,5.0,0.0,0.2732124874118832,0.0019964490731540488,1,276,1,1,1,1,1,1.0,1.0,0.0,False
proyeccion_autores,author::UCyW68EGZey4ao_Vf2cR5Ztg,UCyW68EGZey4ao_Vf2cR5Ztg,author,@ZabalaXabier,5,5.0,0.0,0.2732124874118832,0.0019964490731540488,1,276,1,1,1,1,1,1.0,1.0,0.0,False
proyeccion_autores,author::UCKVzDUqbtdSMBcexaEtMmzQ,UCKVzDUqbtdSMBcexaEtMmzQ,author,@rotorairgroup8409,3,3.0,0.0,0.00906344410876133,0.003043213633597078,4,4,1,1,1,1,1,1.0,1.0,0.0,False
proyeccion_autores,author::UCNiMNUJvaRJb0_QLClqwVnA,UCNiMNUJvaRJb0_QLClqwVnA,author,@Santiago.Nolasco,3,3.0,0.0,0.00906344410876133,0.003043213633597078,4,4,1,1,1,1,1,1.0,1.0,0.0,False
proyeccion_autores,author::UCld2stqxaVSk0QdGncM224A,UCld2stqxaVSk0QdGncM224A,author,@sarahernandez3873,3,3.0,0.0,0.00906344410876133,0.003043213633597078,4,4,1,1,1,1,1,1.0,1.0,0.0,False
proyeccion_autores,author::UCtowGNY2lnlg6O2CkwDgkLg,UCtowGNY2lnlg6O2CkwDgkLg,author,@taniagabrielacelis8434,3,3.0,0.0,0.00906344410876133,0.003043213633597078,4,4,1,1,1,1,1,1.0,1.0,0.0,False
proyeccion_autores,author::UCHGd14aYuZZShLD73dkk6mg,UCHGd14aYuZZShLD73dkk6mg,author,@noemiherrera3152,2,2.0,0.0,0.006042296072507553,0.003043213633597079,5,3,1,1,1,1,1,1.0,1.0,0.0,False
proyeccion_autores,author::UCQIdKuZ-OzuFqy0KjGrgesg,UCQIdKuZ-OzuFqy0KjGrgesg,author,@lyacausa,2,2.0,0.0,0.006042296072507553,0.003043213633597079,5,3,1,1,1,1,1,1.0,1.0,0.0,False
proyeccion_autores,author::UCWWkebAekppaL5b5CNlppuw,UCWWkebAekppaL5b5CNlppuw,author,@ninettmartinez425,2,2.0,0.0,0.006042296072507553,0.003043213633597079,5,3,1,1,1,1,1,1.0,1.0,0.0,False
proyeccion_autores,author::UCJxJC56BSAX-ArD0NAb9qnQ,UCJxJC56BSAX-ArD0NAb9qnQ,author,@alfonsowilian9157,1,1.0,0.0,0.0030211480362537764,0.003043213633597079,6,2,1,1,1,1,1,1.0,1.0,0.0,False
proyeccion_autores,author::UCyor0Mmm0ivLX2jIdyGp84Q,UCyor0Mmm0ivLX2jIdyGp84Q,author,@MiguelJordan-n3g,1,1.0,0.0,0.0030211480362537764,0.003043213633597079,6,2,1,1,1,1,1,1.0,1.0,0.0,False
proyeccion_autores,author::UC6xI_MOaxajIWpoP8BH6E_Q,UC6xI_MOaxajIWpoP8BH6E_Q,author,@jahirdiaz5862,0,0.0,0.0,0.0,0.00045648204503956184,7,1,1,1,1,1,1,1.0,1.0,0.0,False
proyeccion_autores,author::UCPLW0HE3siElqCgXfgWxMqg,UCPLW0HE3siElqCgXfgWxMqg,author,@elizabethmonterroso7719,0,0.0,0.0,0.0,0.00045648204503956184,8,1,1,1,1,1,1,1.0,1.0,0.0,False
proyeccion_autores,author::UCQM2tCKRRytVDRxNUfCDqQQ,UCQM2tCKRRytVDRxNUfCDqQQ,author,@elioelias7267,0,0.0,0.0,0.0,0.00045648204503956184,9,1,1,1,1,1,1,1.0,1.0,0.0,False
proyeccion_autores,author::UC_NRVt2UP88ZNTwzrZ66JSg,UC_NRVt2UP88ZNTwzrZ66JSg,author,@aditalissethevasquezrojas8039,0,0.0,0.0,0.0,0.00045648204503956184,10,1,1,1,1,1,1,1.0,1.0,0.0,False
