comment_id,author_channel_id,video_id,community
Ugw-J65a1iYL9hqhELh4AaABAg,UCdFlugHJJa4l3YqWuNRmvXw,j43HgwYFKfk,3
Ugw-ZT9t9wU2V-tCaUZ4AaABAg,UCvl1tzQeBeGy6efPTRJXSCw,06mFNPU0aB8,2
Ugw0xaOb2CYXXoudtwJ4AaABAg,UCRAquv8el-tQ30bN7MlmySQ,j43HgwYFKfk,3
Ugw0xgUc2ISpBr5_T654AaABAg,UCkbsS_3D-pvg1iHOld9uvIg,j43HgwYFKfk,3
Ugw1ZzA21njWhaqQQTh4AaABAg,UCOLHH4ZpMxPYF-Q6e6wvn5A,OkXlHx0hx-8,6
Ugw1ZzA21njWhaqQQTh4AaABAg.Aa9Tf29tBouAaB_XZQglTL,UCi2KiZq63sRq8Mfbcp-MelQ,OkXlHx0hx-8,6
Ugw2014OIYf336oytFt4AaABAg,UCXl30Y_upRqbti52fmjK4YA,yLZS3JiEBg8,4
Ugw2bSVOoNn2pc8ZcUl4AaABAg,UCRelkU8JiZBytTzebJxaa-w,n8iP75gIpmw,1
Ugw3gnUvLp6AqO0_odt4AaABAg,UCgLurCo-e019HGODcjXHWCw,lj983NWyAQY,5
Ugw4C1ijI36l6LAiSZh4AaABAg,UCDIMztpVm7G27qBuiWuT6oQ,n8iP75gIpmw,1
Ugw4St_YnT9_Ya5xSPt4AaABAg,UCZOmq6MwFDVoCaEl99BRRaw,ndAZjHqzzT8,4
Ugw4ccnmIWJaE6VNRWN4AaABAg,UCFybmWapGvBKcQod7cPPH9w,6W4u8sGEnGM,2
Ugw5E402-fn52PLXFIJ4AaABAg,UCh5ESQvtzyHDhCA7XyekCFA,n8iP75gIpmw,1
Ugw5URsiAF9QVoniY-l4AaABAg,UCWIZUtKJ636y-4TYrNvok0g,n8iP75gIpmw,1
Ugw5xMAuDaygo77ynI94AaABAg,UCzoL2l5H5eVlorWGH8AZfAg,n8iP75gIpmw,1
Ugw6cfXYfV4H-asKlDR4AaABAg,UCKVzDUqbtdSMBcexaEtMmzQ,TT4qJ5FXHYE,8
Ugw74asIfir0_SVC6OB4AaABAg,UCNpt5CQlTzNjlAKY6CJtClQ,j43HgwYFKfk,3
Ugw86zOgTwKzYotlT9l4AaABAg,UCut6b9S98nv84cVX89PmKzA,n8iP75gIpmw,1
Ugw8iZ_G2Cwq-9ZYctt4AaABAg,UCQyOePccUP-fIJYzchAgZYw,j43HgwYFKfk,3
Ugw8pyxscJNUQpfoKuF4AaABAg,UCOLGv5Pf6BF2wFcwUzgcvHg,n8iP75gIpmw,1
Ugw9_Qw_QaSdggWuKJt4AaABAg,UCAxvOOHQk7dYPOajzFEVtbA,06mFNPU0aB8,2
Ugw9eye2GML6RHRSu-14AaABAg,UCQ_-LPP8JAbfkc-b1Q6NvWw,n8iP75gIpmw,1
UgwA5aTmgACLCuTUT494AaABAg,UCXmrpc6Li0spcKxtS0Q_ptg,lj983NWyAQY,5
UgwARHTnVAzzPrHbNox4AaABAg,UCZ51R_9Q9C0c8I3pAWhtmjQ,n8iP75gIpmw,1
UgwCW5PErySUmwse3bZ4AaABAg,UCxhtlxPV8AYWaNNyU6S9H8Q,OkXlHx0hx-8,6
UgwCfRlzeiXz172UQQV4AaABAg,UCvcu1kR8xMYy_I1Ty-2mV2Q,yLZS3JiEBg8,4
UgwCw9bhAw6suYQfCWx4AaABAg,UCaKAjTW9MVub_clgr4DRYjQ,j43HgwYFKfk,3
UgwEOUk-ofXNqkHW5Cx4AaABAg,UCxff05WuyvwELNITi7bj7UA,n8iP75gIpmw,1
UgwEQHx8Ik7SbxBTQ914AaABAg,UCZLG9qH0tUjNhEGFIUt0CYw,n8iP75gIpmw,1
UgwEjfj5ueeimHg-Hbt4AaABAg,UCwgCc9Jd_gG-uLE_SY-FfPg,j43HgwYFKfk,3
UgwG3XiEgFlHKtrtTqd4AaABAg,UCXSkL3ejZ8qWYyF_M7s_QKA,n8iP75gIpmw,1
UgwGm1V-_GN1ZPcijdl4AaABAg,UChs3tU2BcKOT0CezykvAsGw,n8iP75gIpmw,1
UgwHY5LtTiQ0lBONp8N4AaABAg,UC6PvO1_k5lHKGdAPo5_C6TA,n8iP75gIpmw,1
UgwIB06iEQnFOFLc9et4AaABAg,UCwxoKK59nGCeBqB2sXfDBIw,6W4u8sGEnGM,2
UgwIB06iEQnFOFLc9et4AaABAg.Aa-0m2jDJt2Aa42DVzs9Zy,UCWaRixDdpgllTBf4V0jPnKQ,6W4u8sGEnGM,2
UgwIBBqN6fh6MURkwkN4AaABAg,UCkVtmkK07b2zaVVNssX4lOg,j43HgwYFKfk,3
UgwIiqrp6EYNoFmnBAR4AaABAg,UCN6qbfPSzFtjhqUDZ3Cv3CQ,n8iP75gIpmw,1
UgwIlv8gtF3WKYfHSJJ4AaABAg,UC95PSMouTx2N5CbSq0hIyrQ,j43HgwYFKfk,3
UgwJ4UehO5E4j0niJU14AaABAg,UCueV9cTyTDwgQSec1x2dYgA,n8iP75gIpmw,1
UgwJMFYT7I9czw_oa0V4AaABAg,UC5H8ASmMC9WrURmzeB4ySog,n8iP75gIpmw,1
UgwJN55EmMcKPRb_AfB4AaABAg,UCHhHUjaMAZ8SiXdCUCj9DkQ,n8iP75gIpmw,1
UgwKjHT5lyjLiqR9ym94AaABAg,UCgvw7xIdGFupzpt1Y_BFkEA,n8iP75gIpmw,1
UgwL_UlN82zRUeNgVDh4AaABAg,UCeDNEtI8_a42bZ47wJiJMwQ,j43HgwYFKfk,3
UgwMfCTNaiukOxMqfON4AaABAg,UCiOZX__1gahg1ypIj0_XG_w,6W4u8sGEnGM,2
UgwNvErOoJ_qRYF6TB94AaABAg,UCqCrvuoJpC-aVb0f4logQRQ,j43HgwYFKfk,3
UgwO8kzHC551ofxNYCV4AaABAg,UCld2stqxaVSk0QdGncM224A,TT4qJ5FXHYE,8
UgwPCZZx2gI444cg2AV4AaABAg,UCpIdtvoFHVLGASGB5ySqIEA,n8iP75gIpmw,1
UgwRLgDGrh-_TEVNOYh4AaABAg,UCtiHFjFu7d5v2XxHnKFUYig,OkXlHx0hx-8,6
UgwSt406Q1HWBWCewI14AaABAg,UCWvntqPQx99k_Z_skWKqNSA,6W4u8sGEnGM,2
UgwSt406Q1HWBWCewI14AaABAg.Aa-KmSVE5UgAa-M7iXQwik,UCoGdCoJg2Lh0OX_jv6cG16g,6W4u8sGEnGM,2
UgwTyYcT2aNvGA5DK4J4AaABAg,UChgkn5Jt5tWKYMoEOuCjz3Q,n8iP75gIpmw,1
UgwUZL4XYbr2lbEi1r94AaABAg,UCiC-Jn7wdgyQV4_Urk0DkWQ,j43HgwYFKfk,3
UgwXm2HjtCzRKiDHflJ4AaABAg,UCQIdKuZ-OzuFqy0KjGrgesg,JkpVO1hx2f8,9
UgwY0wdDJRzHsTCnLbN4AaABAg,UCXr8_5WtGeipe4haOoQDgyQ,n8iP75gIpmw,1
UgwY2FW-3sBGV2CGxaJ4AaABAg,UC_3xuTXvMIWU5MYP9HkJ3vQ,06mFNPU0aB8,2
UgwYTL5-XYvmQxsC3Bt4AaABAg,UCFjudnPLoaSL1BaRuLahyHg,n8iP75gIpmw,1
UgwYaHf9EYIl5Pf-y514AaABAg,UC-pNP6RMFuLg_-x7Ah_0kEA,n8iP75gIpmw,1
UgwZw9X6DpxCIJ6YkXZ4AaABAg,UC1Y7x3h0c95Z8kUhi-Tzaeg,PjmxCj-a9Hg,2
Ugw_g00Bv3m-cnSxhMp4AaABAg,UC1WlJfQmaIskYhP4gmWoamw,OkXlHx0hx-8,6
Ugw_wfk-1nUcdyG3muZ4AaABAg,UC3MYTqpQqlWBuCB7Th0e0PA,n8iP75gIpmw,1
UgwaGYcI3FekgL1PZct4AaABAg,UCOcUI5XkTYNMSFhZNMIPpGg,j43HgwYFKfk,3
UgwaokeDKlLgSdqHpW94AaABAg,UCOS8ViEkccrTZx2w2ccxotA,n8iP75gIpmw,1
Ugwbnz3tRoBa7Vs3A3d4AaABAg,UC3iIU62XKUOWuqL8BqBzj9A,b_Hkrkl3adA,7
Ugwc0TMrFYylioxh_Sh4AaABAg,UCV3fr-YOixFKCZBbJP1-X4w,6W4u8sGEnGM,2
UgwcF8V3__81jxC8Eh14AaABAg,UCmjppp6ujz3SAnULvP3sZMw,n8iP75gIpmw,1
UgwdC_aDdYB1wpgGNAt4AaABAg,UC5PyGvSfFM--OVKmQ3COu6g,lj983NWyAQY,5
Ugwe0V0ssRP-r167Lzh4AaABAg,UCQqetiwzzmRNTM5OWuXarGQ,n8iP75gIpmw,1
UgwgSP2G2qKwGGl5CSp4AaABAg,UCV3fr-YOixFKCZBbJP1-X4w,6W4u8sGEnGM,2
UgwgoKatyznihVvDVVd4AaABAg,UCCaYwkkbQGcvFoUmothVdQQ,n8iP75gIpmw,1
UgwguqWom06c5opgpiF4AaABAg,UCQgYjVngJRfPHDLGB5X6ZjA,n8iP75gIpmw,1
UgwhphOY9n46ofElDut4AaABAg,UCN2N_wYOw6fMwCeSzdXLPIw,PjmxCj-a9Hg,2
UgwiGxmosawIyTVTjnB4AaABAg,UC9vMq1YF-e7C-VO0SHkbUTA,n8iP75gIpmw,1
Ugwih8O9PeaJ_zd7FWV4AaABAg,UC8F2V63KZ4ZEay6opX2hAQw,n8iP75gIpmw,1
Ugwije36G_n35mshRfp4AaABAg,UCheEJ5GZuIvV0fj-nXyVwXw,6W4u8sGEnGM,2
UgwjKxflp7TiD0e7_494AaABAg,UCujPF2nBgsTD62nWE3lcpIg,n8iP75gIpmw,1
Ugwjtq_DUb6ISU-ppsh4AaABAg,UChs3tU2BcKOT0CezykvAsGw,n8iP75gIpmw,1
UgwkiP4fW1xfpXbZcV14AaABAg,UCV0iizTBoOfdAFX_thfI9BA,n8iP75gIpmw,1
Ugwm9VajlW3ydbsf-BJ4AaABAg,UCp29O_C7cchZV8IxV7Crdag,6W4u8sGEnGM,2
UgwmvtMMEFg5rWbrmtV4AaABAg,UCkxdJ_yGN2gghOMo2ybQtXQ,yLZS3JiEBg8,4
UgwnCwptihjhFCfQK_l4AaABAg,UCjZgFEowMBrsjodqfovzdKw,6W4u8sGEnGM,2
UgwopmNYOXxE5kyT7fF4AaABAg,UC4wq3DcbfaG6dtCqn8Oyu3w,n8iP75gIpmw,1
UgwovhZaCiV0r6XOH_R4AaABAg,UCVC2QugcI1G4RvlCiUqd1aQ,ndAZjHqzzT8,4
UgwoyDvqZ6NlBCvXB7t4AaABAg,UCXVLc8CmAO813ubM-fLvCDw,yLZS3JiEBg8,4
Ugwp1SacIqA0qS_netd4AaABAg,UCwW2OFy95P7ZBkOPxWkpvYg,n8iP75gIpmw,1
UgwpY9PE_PBfwa2_g_N4AaABAg,UC3XTwHxygNCgjndsg-UiCQA,n8iP75gIpmw,1
Ugwqsca_nj4eGguiyTJ4AaABAg,UCgQw_Sbq3ugruDUKsq1e0-A,j43HgwYFKfk,3
UgwrIvqGid-S983oU9J4AaABAg,UCL13XhnRzbGokEkCkEOb0-g,n8iP75gIpmw,1
UgwsCWap2Jq1pNrLOWl4AaABAg,UCQtSFINs1h6GHkpg9o5kMvg,n8iP75gIpmw,1
UgwtcR5U0FAkeZsiVVt4AaABAg,UC2ngpd8UBQu4gcUYy0goAtg,06mFNPU0aB8,2
Ugwvm2HYh08HI1HkcXV4AaABAg,UC7IMsCxfZyWN7YQo8-JYa6Q,PjmxCj-a9Hg,2
UgwvvK1L0aLOhCMUzfN4AaABAg,UCzSfZlOVxBSs5ObD25ywxDQ,n8iP75gIpmw,1
UgwwH4OIcVCCN6SbBX14AaABAg,UCLFdHr9BEbXHkoJopbEPLZw,n8iP75gIpmw,1
UgwwKfLmhHVU-Oxzqtl4AaABAg,UCNkcuy42zEwddwEcOd_HpnA,n8iP75gIpmw,1
UgwwPrhCy2levkb6TRd4AaABAg,UCJp3OrVYcBorC94sKwdch_A,ndAZjHqzzT8,4
UgwxjmtBoAozs0ZUAcd4AaABAg,UCdFlugHJJa4l3YqWuNRmvXw,is3Mk5oC19g,3
UgwxjmtBoAozs0ZUAcd4AaABAg.AaAbqoGVGipAaAjNG9oPRN,UCLh1Kde4_vI1sTZBkTNP7RQ,is3Mk5oC19g,3
UgwypjUeZBU45DrrW0d4AaABAg,UCThW2XNsAaBKme5PUt7n-Zg,n8iP75gIpmw,1
Ugwz_6qtdDTbTWEUQQ94AaABAg,UC6YSZqL0vEcI-niPKIMUGfw,n8iP75gIpmw,1
Ugx-G2kCu5aSwh3IR5l4AaABAg,UCNBnKqWf4d-rS4HwJRQljmQ,n8iP75gIpmw,1
Ugx-cQ3Wf3whk_hssDR4AaABAg,UCO0zwwLWGyDgQmWPJ5Qrr1w,06mFNPU0aB8,2
Ugx-hH6Ysw9sdv3kHPN4AaABAg,UCwjUvRseNtJoItylIyIez7Q,j43HgwYFKfk,3
Ugx1reCoIQcnK3ii2GR4AaABAg,UCTwSut16JyAg3mX6LVUNGqA,n8iP75gIpmw,1
Ugx2ApaAMqe4ca4SCYx4AaABAg,UCLggDc_a5HriXv7I1h02sOA,n8iP75gIpmw,1
Ugx2LwWBVc3mFGJAinB4AaABAg,UC5H8ASmMC9WrURmzeB4ySog,n8iP75gIpmw,1
Ugx2byJzZBZkDMQMUqV4AaABAg,UCwO2SXr0ggzwg6QWWrr01nQ,n8iP75gIpmw,1
Ugx3uDgmZQhx3Z3VOzt4AaABAg,UC816IGbFCZinfYS1LRDaaHg,j43HgwYFKfk,3
Ugx3yIUZXGeiOVESIEl4AaABAg,UC3qn1yJA5PeW9rkGPatQxiw,n8iP75gIpmw,1
Ugx4dn4xlUl9Jp9QJeJ4AaABAg,UCaT4saRcyqCLE657Rq2hhZQ,6W4u8sGEnGM,2
Ugx6Wjc02tqpQUBf4NJ4AaABAg,UCc_F88PzGWtA1OPNUEASulA,yLZS3JiEBg8,4
Ugx74OPnWkWaFjpFuA94AaABAg,UCErZPJpHmLCsXs8ZWkAUupQ,n8iP75gIpmw,1
Ugx74OPnWkWaFjpFuA94AaABAg.A7ki-1ED5b2A7nIcG2_svP,UCFjudnPLoaSL1BaRuLahyHg,n8iP75gIpmw,1
Ugx7Gvgflw7nQKqoR094AaABAg,UCFOxCyF926Y9eHhMeVoWLzw,lj983NWyAQY,5
Ugx7ezRwB-DpY3VQt754AaABAg,UC5H8ASmMC9WrURmzeB4ySog,n8iP75gIpmw,1
Ugx7j6oWhgfonHPJCdR4AaABAg,UC72gBAtyb_VXQlYDcFrh6oQ,n8iP75gIpmw,1
Ugx8FxDKPAY-M_JhRgd4AaABAg,UCi1b_TRQfgO1Z9O2gNGGWNA,n8iP75gIpmw,1
Ugx8vuWdqsWZslsS9R14AaABAg,UCvcu1kR8xMYy_I1Ty-2mV2Q,WIUZtitfLRw,4
Ugx90cmhNaRBNDou1BR4AaABAg,UCBlm80VQ4YoV3bUJR_XhkaQ,OkXlHx0hx-8,6
Ugx90cmhNaRBNDou1BR4AaABAg.AaA5Ej9IqgQAaBaWPRQg7K,UCi2KiZq63sRq8Mfbcp-MelQ,OkXlHx0hx-8,6
Ugx90cmhNaRBNDou1BR4AaABAg.AaA5Ej9IqgQAaCnVqXU5cy,UCBlm80VQ4YoV3bUJR_XhkaQ,OkXlHx0hx-8,6
Ugx90cmhNaRBNDou1BR4AaABAg.AaA5Ej9IqgQAaCz3GqqPAJ,UCi2KiZq63sRq8Mfbcp-MelQ,OkXlHx0hx-8,6
UgxCKgaQSm13r2z9hFd4AaABAg,UColMq7LmaoY3MT6aIDGrGvA,j43HgwYFKfk,3
UgxCT5F3jO763e2aO-t4AaABAg,UCat2qkYvqmtDNEmo2PVuhXw,OkXlHx0hx-8,6
UgxCjFHfuFk1jUGvoIB4AaABAg,UCSTAUWVc1_82DHYeqOsqEFA,lj983NWyAQY,5
UgxD16VX3BhREOtsuhJ4AaABAg,UCcFIBN-rtC3d3hXeuN5TfWw,yLZS3JiEBg8,4
UgxDBhcq11EK83DqrSZ4AaABAg,UCV0lM03g5fg5pbPj97-sAtA,j43HgwYFKfk,3
UgxDFo35bUo0APtZcd94AaABAg,UC_ljZ1hZXR9pzexFz87P5ZA,lj983NWyAQY,5
UgxEE17R1iQyuDZebVF4AaABAg,UCLXYp1Cvc5DLtq5UQL5D9vw,06mFNPU0aB8,2
UgxEE17R1iQyuDZebVF4AaABAg.A_UFk_pMAbMA_VZ_0Vdu89,UCfjhejO7LZy4doXURa7LZCQ,06mFNPU0aB8,2
UgxE_8DGgJmaHaV_WLJ4AaABAg,UCplrIQtaPj6au60_f2-mOYw,n8iP75gIpmw,1
UgxEsAK7q3l34wFdZ414AaABAg,UCql1n3Ey6ULMSOACjMe-fxQ,6W4u8sGEnGM,2
UgxEsAK7q3l34wFdZ414AaABAg.A_zCnf5bSajA_zKDdWQaaO,UCZFQwqh90apuL8eFhvRBkUg,6W4u8sGEnGM,2
UgxEsAK7q3l34wFdZ414AaABAg.A_zCnf5bSajA_zMcZPgoSk,UCoGdCoJg2Lh0OX_jv6cG16g,6W4u8sGEnGM,2
UgxEsAK7q3l34wFdZ414AaABAg.A_zCnf5bSajA_zX0eQk5DZ,UCyJhqmMbsvjpoarBBStA2kg,6W4u8sGEnGM,2
UgxEsAK7q3l34wFdZ414AaABAg.A_zCnf5bSajA_zXHoAX3hj,UCyJhqmMbsvjpoarBBStA2kg,6W4u8sGEnGM,2
UgxEsAK7q3l34wFdZ414AaABAg.A_zCnf5bSajA_zXUuRIq0q,UCyJhqmMbsvjpoarBBStA2kg,6W4u8sGEnGM,2
UgxEsAK7q3l34wFdZ414AaABAg.A_zCnf5bSajA_znUL05zze,UC63tFvbQ_hJhGDi2nbjssjw,6W4u8sGEnGM,2
UgxEsAK7q3l34wFdZ414AaABAg.A_zCnf5bSajAa0q77b9a3F,UCtCtts20bW6F9CSohau51Iw,6W4u8sGEnGM,2
UgxEsAK7q3l34wFdZ414AaABAg.A_zCnf5bSajAa0qEPC8tJc,UCtCtts20bW6F9CSohau51Iw,6W4u8sGEnGM,2
UgxEsAK7q3l34wFdZ414AaABAg.A_zCnf5bSajAa41uU3Anhg,UCWaRixDdpgllTBf4V0jPnKQ,6W4u8sGEnGM,2
UgxFOJmnMHqi2dpDaZd4AaABAg,UCcfdg8crmMJwEuLUsAhV7yg,n8iP75gIpmw,1
UgxFzCyhju6zPSl4zwZ4AaABAg,UC6Uj1FT5JjDSF8vudvDxPAA,j43HgwYFKfk,3
UgxHqBlwo8Dpvv-2P5d4AaABAg,UCj-LL25XJnjxepPKCc3NGog,n8iP75gIpmw,1
UgxJQfg5iHA6vRWS0El4AaABAg,UC1DpqK6vaPEkBOMNvypsKYg,j43HgwYFKfk,3
UgxK5IJwWigmJ56Xp7p4AaABAg,UCpsKOkt5iWTbenzeuq7dsmQ,ndAZjHqzzT8,3
UgxKfM_nJMsGTkKkM8V4AaABAg,UCDftMWXQoJ6nONfY7GVOVjg,n8iP75gIpmw,1
UgxLNf6Xy3xngPFLs594AaABAg,UCYwpX26TrCxq8TvbKGRYLXA,n8iP75gIpmw,1
UgxLSZD8ZrNFmd10RKR4AaABAg,UCUIIIPTVDVHAXqhC_5V6lPA,n8iP75gIpmw,1
UgxNSGVebHMGSFI8zX94AaABAg,UCzZ6dDCEsLMXbc5pCFXIprw,6W4u8sGEnGM,2
UgxNgFkGSE6nct4PF3V4AaABAg,UCNIeXbV_mEwpa412h1aqUWw,PjmxCj-a9Hg,2
UgxOO0LIkZP1WvhR1U54AaABAg,UC_6KbBY1bsYXz9fwFS0eQRg,ndAZjHqzzT8,4
UgxPHo503SIH-EmlR-t4AaABAg,UCV3fr-YOixFKCZBbJP1-X4w,6W4u8sGEnGM,2
UgxPRaGm9MdlK4U6VPt4AaABAg,UCDQaQv0hr2SS_PO-CMEwVHg,n8iP75gIpmw,1
UgxQC-ejR063rkAb1VB4AaABAg,UCefAH1MbvADWUjE9WVcB9EQ,yLZS3JiEBg8,4
UgxR0AXNH_3DGn-T1494AaABAg,UC72gBAtyb_VXQlYDcFrh6oQ,n8iP75gIpmw,1
UgxR1eqvFSEtPNShD8x4AaABAg,UCEHXl4VvvVpq-_4xC5tsbhg,6W4u8sGEnGM,2
UgxS0pN-vg0fjeNSLeJ4AaABAg,UCeQk-WfEA-cJRq4EKeE7TOw,6W4u8sGEnGM,2
UgxTjz0jSJkZW5dGnSp4AaABAg,UCkd9W714-947dEE6ZOEBATA,n8iP75gIpmw,1
UgxVUS-jkZU2DAjmNjR4AaABAg,UCljDbleJul41G1TzOjOZAVA,n8iP75gIpmw,1
UgxW0ZnTohConSPgOpp4AaABAg,UCGGHbtfbbe0o68etrOf0qxw,j43HgwYFKfk,3
UgxWzoHDeFfVC7jrjzF4AaABAg,UCVdjCrh4tQoX3haNAZv-n5A,OkXlHx0hx-8,6
UgxWzoHDeFfVC7jrjzF4AaABAg.Aa9DdH5avRRAaB_gLYRAuw,UCi2KiZq63sRq8Mfbcp-MelQ,OkXlHx0hx-8,6
UgxXGkvxY-TdtPROWcV4AaABAg,UCZeIIQrGAedW8tCbKWmGY-A,j43HgwYFKfk,3
UgxXy9CurqMBEjFnVwF4AaABAg,UCvcu1kR8xMYy_I1Ty-2mV2Q,ndAZjHqzzT8,4
UgxZFzh6jzOX7Avhk1h4AaABAg,UCFUuDARXdmmIrLppEqf-rFg,n8iP75gIpmw,1
Ugx_gjcVH5SlIKBNTGh4AaABAg,UCCUmP4PlbwgikVFpYwbtRTg,yLZS3JiEBg8,4
Ugxb-sknzjBr3wecCw94AaABAg,UCfXykdbSU97rj987LDUGfvg,06mFNPU0aB8,2
Ugxb1xcC9SSJ_5vSArF4AaABAg,UC4Avya4kmR4Q0FrfFdBozSQ,j43HgwYFKfk,3
Ugxbz7-04jLwadBMK_p4AaABAg,UChep9kVb5gQmpodEEl10Xlg,n8iP75gIpmw,1
UgxcBa2IQb3I0JZcFax4AaABAg,UCtsxPYw8VUsH_FfnKg-0lmw,6W4u8sGEnGM,2
UgxcGV8-rD83ACvM0954AaABAg,UCRlCV9zSn7avAWh-9_XFWqQ,n8iP75gIpmw,1
UgxctiUZJriWwsE0a6J4AaABAg,UCut6b9S98nv84cVX89PmKzA,n8iP75gIpmw,1
Ugxd8fn-MEnc3SKPtid4AaABAg,UCfo_yUPzy1f1POwwZxhZ06Q,6W4u8sGEnGM,2
UgxdfjiT5_VBaeADj7h4AaABAg,UCV3fr-YOixFKCZBbJP1-X4w,6W4u8sGEnGM,2
Ugxe0MXeW4ziwUMTfF54AaABAg,UCTylKrsqkrBKIqubMu_5N0Q,n8iP75gIpmw,1
UgxeJQgzDc124jVv7Fx4AaABAg,UC5hvEnRUzI4Kfvwnyi4QxqQ,j43HgwYFKfk,3
Ugxf6gnAtXKqV1Q_zRd4AaABAg,UCVhif9eV0f8plICen2DnpKA,WIUZtitfLRw,4
UgxfUxJfY_pjvu9318Z4AaABAg,UC1vr9aaMI2crB0NvwFHUeoQ,n8iP75gIpmw,1
UgxfnbtuhVQuDILnXj14AaABAg,UCEgEQmRbtL5fwr9_DqAC--g,n8iP75gIpmw,1
Ugxgxziq7k4s9WwmauB4AaABAg,UCIUhbSCy3-SGRe5UtqM4fzQ,lj983NWyAQY,5
UgxiEgXuexKPtHEwAQJ4AaABAg,UCozFYHN0e_-vlQbX3wQGOug,OkXlHx0hx-8,6
UgxiEgXuexKPtHEwAQJ4AaABAg.Aa9HLCNywwKAa9OgyseDes,UCQMMuADgqWUOcJpLwHOzC-g,OkXlHx0hx-8,6
UgxiEgXuexKPtHEwAQJ4AaABAg.Aa9HLCNywwKAa9ZeEQh7n7,UC-QOpE7GOxlXcHZ8b7HbQKA,OkXlHx0hx-8,6
Ugxj76_NAyOnh_vsgMV4AaABAg,UC0RpuMwkDKJYqgKHtsJRuWQ,lj983NWyAQY,5
UgxkcFai5KbeHyhGbnF4AaABAg,UC-HeUTT6_g-VoiWds2a4H-w,6W4u8sGEnGM,2
Ugxl5bLZ1llR9fV0V0l4AaABAg,UC2Y_EHWQKevubk4vOEBBFxw,n8iP75gIpmw,1
UgxoLjEjkngSVGZvO1N4AaABAg,UCpsKOkt5iWTbenzeuq7dsmQ,j43HgwYFKfk,3
Ugxoc10_rBva4f6IW2N4AaABAg,UCwW2OFy95P7ZBkOPxWkpvYg,n8iP75gIpmw,1
UgxovP0Yh3_qrKdrKrp4AaABAg,UCwEe1RKlEv1UpNWmWYfSh4w,yLZS3JiEBg8,4
UgxpFKbiejsVGSNIcTh4AaABAg,UCQtICyzWmhC5woCtbNgaSmg,n8iP75gIpmw,1
UgxqEChOyWebtVaqy-V4AaABAg,UCDlr1VadSucIZgZ171pRBjQ,n8iP75gIpmw,1
UgxqSfWMWvqMX8tiC5x4AaABAg,UCHhHUjaMAZ8SiXdCUCj9DkQ,n8iP75gIpmw,1
UgxrZBO3MtEqcgXAIEN4AaABAg,UCxKR3RA8T-kxMgq_2WWhRcQ,lj983NWyAQY,5
UgxswojCyw1a0RuHVEp4AaABAg,UCJxJC56BSAX-ArD0NAb9qnQ,3Nfp9h5avBI,10
UgxuO_1lX_-jTQfAzZx4AaABAg,UCqilIa8r7iek5sGYg_q6ofA,lj983NWyAQY,5
UgxudaO35O8XcM9Wu4t4AaABAg,UCyor0Mmm0ivLX2jIdyGp84Q,3Nfp9h5avBI,10
UgxvgdNqovIhqUZDxUx4AaABAg,UCpe5jW3MIqkgTJ-PgkzvM6Q,j43HgwYFKfk,3
UgxvmbFNm6tYRX6yfLN4AaABAg,UCz3gu01bmjNv0DpRq-K3XYg,n8iP75gIpmw,1
Ugxvt0tvqY4UlDS2hoh4AaABAg,UCuXmOjxC-htcprLgeVXz6Tg,j43HgwYFKfk,3
UgxvxNmPMdRuRDptJQN4AaABAg,UCNIeXbV_mEwpa412h1aqUWw,PjmxCj-a9Hg,2
Ugxw_1trnd8loD3302V4AaABAg,UCySYJU5kUh7X8gVt9la2ISA,n8iP75gIpmw,1
UgxxNu7QTJHuAgFaEYN4AaABAg,UCHTGCgY2l-DQJIvlA_cpa_Q,n8iP75gIpmw,1
UgxxdDS3FUc53KWN3KF4AaABAg,UCPNXmbOBVeC4HS-xemvcPtQ,OkXlHx0hx-8,6
Ugxy4k7pO6jFtwyDyFp4AaABAg,UCtUR3_CAiE7fCoZHM6cMfyQ,n8iP75gIpmw,1
Ugxz9vnSvQJNt4YNbYV4AaABAg,UCGj2v6Gl5bN8NSrzJMXS-CA,WIUZtitfLRw,4
UgxzETIqBajjXFTGd_R4AaABAg,UCbrtvygfRT6QXqWDNrOf-cA,yLZS3JiEBg8,4
UgxzN9_I9vkDCdX_8dN4AaABAg,UCOh6DaZC_x9HASnlRylEMfw,n8iP75gIpmw,1
Ugy0LbKWrqUFhWPRoKN4AaABAg,UCL1MT278vSaQ83ZDkVWn1gw,n8iP75gIpmw,1
Ugy0LbKWrqUFhWPRoKN4AaABAg.A7epXgDRFjZA7f-Z-rKQOV,UC8G5cJONY8L9voMyBW8Eoug,n8iP75gIpmw,1
Ugy0dVAcWghuyCdAVS54AaABAg,UC7VUuJr9cGh845CmTvf7TlQ,n8iP75gIpmw,1
Ugy1neHHTJYO0umhgLt4AaABAg,UCFhxtoeARHPnXXPcDrOU3Xg,n8iP75gIpmw,1
Ugy2FaeBadbmVJj7F714AaABAg,UCAlzM_N6xBlMYmM8EBzX86Q,n8iP75gIpmw,1
Ugy4JA9MR8l_gkTNgWh4AaABAg,UClqA491Xa5fQcXcJJa-vTWw,j43HgwYFKfk,3
Ugy4ex02KEXL5UFGjw14AaABAg,UCHTGCgY2l-DQJIvlA_cpa_Q,n8iP75gIpmw,1
Ugy4utoHlyokVSeSi5h4AaABAg,UC3XTwHxygNCgjndsg-UiCQA,n8iP75gIpmw,1
Ugy4x4u9e1_xRoppaMF4AaABAg,UCvDwJBBY1mHK70aTEYl6rsA,6W4u8sGEnGM,2
Ugy5j8gzaawBk-mw5et4AaABAg,UCkd9W714-947dEE6ZOEBATA,n8iP75gIpmw,1
Ugy5lmf3RzzeJDUeqQd4AaABAg,UCbrtvygfRT6QXqWDNrOf-cA,ndAZjHqzzT8,4
Ugy6Qii72nfxIpYyuCR4AaABAg,UCV3fr-YOixFKCZBbJP1-X4w,6W4u8sGEnGM,2
Ugy6isIL3n6cvYbJG-94AaABAg,UCWWkebAekppaL5b5CNlppuw,JkpVO1hx2f8,9
Ugy6y6DL1AgyNzNpfMZ4AaABAg,UCjmPuazZJzscrwvk0QR9RVw,n8iP75gIpmw,1
Ugy7-QbaMzLjAO_vJMB4AaABAg,UCipetjeiWj4CZB6EbyYziZg,n8iP75gIpmw,1
Ugy7Dk5SDB_d3RFlHU94AaABAg,UCh5ESQvtzyHDhCA7XyekCFA,n8iP75gIpmw,1
Ugy7b0JTkHodE4sTU_54AaABAg,UCZIQnb1fkwe39Iw2TAu-bGA,WIUZtitfLRw,4
Ugy8csktFvR0eUZN4cp4AaABAg,UCTP3O0rMnc8z8v8jaDQwL0w,n8iP75gIpmw,1
UgyAcWsNSqIPesdI3nF4AaABAg,UCsUCN0Yq_UyTvKjOJLmNrnQ,n8iP75gIpmw,1
UgyB52GZe4-PXJ2TqYB4AaABAg,UC3UVO7pTbeYvZ3ILEyRDskQ,j43HgwYFKfk,3
UgyBhR2qUXgMe2NJjRN4AaABAg,UCuP4UK33HKtJE_S39ksmaTw,PjmxCj-a9Hg,2
UgyC45vItnUiq1QrUtd4AaABAg,UClsrFGJKWPxxw7MiaEdKLXw,PjmxCj-a9Hg,2
UgyC45vItnUiq1QrUtd4AaABAg.ALgn-KZ7p47ALgvLAMzZ1A,UCg3eIfd7BrsLEqS0BLkftHA,PjmxCj-a9Hg,2
UgyC45vItnUiq1QrUtd4AaABAg.ALgn-KZ7p47ALgwtbYMM1u,UCg3eIfd7BrsLEqS0BLkftHA,PjmxCj-a9Hg,2
UgyC45vItnUiq1QrUtd4AaABAg.ALgn-KZ7p47ALgx6SmnMen,UCg3eIfd7BrsLEqS0BLkftHA,PjmxCj-a9Hg,2
UgyC9HUMcvW-e_nFJK14AaABAg,UCAxvOOHQk7dYPOajzFEVtbA,06mFNPU0aB8,2
UgyCFEFtEmhDbi91yCF4AaABAg,UCq3mDTTRZnUybct5M9OSXbg,06mFNPU0aB8,2
UgyCoulSuwV8jBnjbtN4AaABAg,UCGzXwyCzMzGmjmCbH3Hg01Q,n8iP75gIpmw,1
UgyD5CIXnbXNiM-a4VF4AaABAg,UC0HvfEWozTHbwl_iEmJNvVA,6W4u8sGEnGM,2
UgyE6hk1g9jR7zB67lV4AaABAg,UC14qlobYKqD-DO0j6b75lcA,6W4u8sGEnGM,2
UgyEM7_iOGkWV0SbNuB4AaABAg,UCiGRBf2RNF0WRKhRVT7zFoA,n8iP75gIpmw,1
UgyFSrjeDvPsB0fKUdp4AaABAg,UCa36MjQLoPAmgJo-R3G8WQA,6W4u8sGEnGM,2
UgyHHYcKhbzXr6xEjth4AaABAg,UCjZgFEowMBrsjodqfovzdKw,06mFNPU0aB8,2
UgyHIuxG8A2lYDRB6vh4AaABAg,UC3YpzAr7pcdKC7BVFEpYzog,6W4u8sGEnGM,2
UgyHIuxG8A2lYDRB6vh4AaABAg.A_zEyCTHfWFA_zWovudn2B,UCyJhqmMbsvjpoarBBStA2kg,6W4u8sGEnGM,2
UgyHcSyWHx2SKCg6db14AaABAg,UCQqlPPUGqAfWjd-FSh_qn7Q,j43HgwYFKfk,3
UgyIX1zx3bbc9DsK8VR4AaABAg,UC8r11yOugM2NuRfitQOxLLg,n8iP75gIpmw,1
UgyIfQ-oDt0uVFZIq9d4AaABAg,UCusjriFsDHEc2AOjqk-p5ig,PjmxCj-a9Hg,2
UgyIteBIiYe7DjUN3554AaABAg,UCVC2QugcI1G4RvlCiUqd1aQ,ndAZjHqzzT8,4
UgyJ7QRY-X3DsJC-t-p4AaABAg,UC5fvhAfm89JH8eDFdvc0xYw,lj983NWyAQY,5
UgyJnStLEHxVNbAfd0p4AaABAg,UCAV7QIjYhbDJaycQycM_0eQ,PjmxCj-a9Hg,2
UgyMRj1sNq6Xkrqepst4AaABAg,UC3E9mAgP7VoAE5mZoAexl5g,n8iP75gIpmw,1
UgyN-BmjI1Qyr5moi-x4AaABAg,UCB5p8a5gklc80jJItP6xTHg,n8iP75gIpmw,1
UgyNuIQ1W1M3g8ut6314AaABAg,UC1NiEdJ7gk6FlDexIalWnGg,6W4u8sGEnGM,2
UgyOyo4VyMiMOhqOkGd4AaABAg,UCdQAuWwyC99MB7Y02Umj26Q,yLZS3JiEBg8,4
UgyPm-2rnRLPav43Bt14AaABAg,UCtowGNY2lnlg6O2CkwDgkLg,TT4qJ5FXHYE,8
UgyQQbXS_Q_JYcSefap4AaABAg,UCp_dAUfv8i3LW3zWc24dLaQ,OkXlHx0hx-8,6
UgyRmKHMG-ygpot6nY14AaABAg,UCylqlpsh8ENNM1LqgQ1KbxA,j43HgwYFKfk,3
UgyS31-ujtXB5VmjBRV4AaABAg,UCRvPToDkkumha7WJAfCDk1A,j43HgwYFKfk,3
UgySlQlmZmrLAq5JsLx4AaABAg,UCPZueDLrCS4BmTBRMA4q0fA,PjmxCj-a9Hg,2
UgySlQlmZmrLAq5JsLx4AaABAg.ALh5XYlqNufALhOuUP3UYB,UC7IMsCxfZyWN7YQo8-JYa6Q,PjmxCj-a9Hg,2
UgySttznhywvGXZyF-N4AaABAg,UCHMQ_lDhibZ-XZ_3fo6oxwg,lj983NWyAQY,5
UgyVLVHQ4zNBKTTDxtp4AaABAg,UCpsKOkt5iWTbenzeuq7dsmQ,n8iP75gIpmw,3
UgyWzgDknElvfn9oFJZ4AaABAg,UC7dadZG7kkGYnsNu6td0FbA,j43HgwYFKfk,3
UgyX06qZFc3cNK6223J4AaABAg,UCrJn_rbo_ENAdeqneS-RmRw,n8iP75gIpmw,1
UgyXTA5oFwzI70TKCUd4AaABAg,UCFFrEmn6lPYiWyElpfzTy5Q,is3Mk5oC19g,3
UgyYPJkzW5rbOUI_vcd4AaABAg,UCNiMNUJvaRJb0_QLClqwVnA,TT4qJ5FXHYE,8
UgyYRHeJlfB9VF69LSp4AaABAg,UCs_5qeqdku9tGAq22y3OcuQ,lj983NWyAQY,5
UgyYaWYhDStGYWDGkb94AaABAg,UCCBYcToQ2dwkd6TJh0FSyDg,j43HgwYFKfk,3
UgyYh5BUgByoCy2qNBR4AaABAg,UCxcoDvP-g2_KTZDmVZtvb3w,yLZS3JiEBg8,4
UgyZ2zEvW_CClk8k15F4AaABAg,UCW-JC6lebVmf2P1dmY_L94g,j43HgwYFKfk,3
Ugy_6i8lJAd2eVIRNjx4AaABAg,UCgJNFj5dnxXpcMvmuhZDPxA,j43HgwYFKfk,3
Ugy__nsWCBggw9EzOUd4AaABAg,UCFoIAE8k82D6AV-8gjjKaNg,n8iP75gIpmw,1
Ugy__nsWCBggw9EzOUd4AaABAg.A7lbRpGUZoHA7nJxaD37u-,UCFjudnPLoaSL1BaRuLahyHg,n8iP75gIpmw,1
Ugy_ejYOfCK6ERWL_dt4AaABAg,UCe8JZoYkX5oKUZyivHYdXhw,j43HgwYFKfk,3
Ugy_hCCLd8GwWbnIbsd4AaABAg,UCnU8wO1OurAmGstDw6VGjgQ,ndAZjHqzzT8,4
Ugyav8Au2cT8yVfYgp54AaABAg,UCf5lnNZF7Qrtli9v4N_23WQ,PjmxCj-a9Hg,2
Ugyb2uIeZGcNljNqap94AaABAg,UCW80DaMjQlEUibC98Cot-Dg,j43HgwYFKfk,3
UgycKHbiLBi0WcSs8sh4AaABAg,UCL13XhnRzbGokEkCkEOb0-g,n8iP75gIpmw,1
UgyciTatiqHr2BpFTqJ4AaABAg,UCDrmf9y9nLgFY5wnA2hTuGA,j43HgwYFKfk,3
UgydkbyzemdvsBJrYxt4AaABAg,UCTD6q1nyIe3Y7HhqjaMj72w,n8iP75gIpmw,1
UgyeTw07aydjDqK4crN4AaABAg,UC0aEyakBPqcBkVJiErfSupQ,lj983NWyAQY,5
Ugyeb8_nptWKXnFXH8F4AaABAg,UChs3tU2BcKOT0CezykvAsGw,n8iP75gIpmw,1
Ugyejets0FNr0Zh-VuZ4AaABAg,UC650pRT-OYzny3GwOH8Cgfw,n8iP75gIpmw,1
UgyfMf4MkQsDKavjbLV4AaABAg,UC9vMq1YF-e7C-VO0SHkbUTA,n8iP75gIpmw,1
UgyhYgz2ilvm1-T5IW94AaABAg,UCWoAVGVqCn4xtINCMOTM4jg,j43HgwYFKfk,3
UgyiGiWPuiTR2hkzmVd4AaABAg,UCDPWkUX3sNNaCx-m1dV4glA,n8iP75gIpmw,1
UgyiegHTZAVz8J4Ogvt4AaABAg,UCsGoJEvb-cFPZ2rWoJcXzEQ,j43HgwYFKfk,3
UgyihMW-pXKI2cEDqWx4AaABAg,UCXXh7yg5KUFIWylTiKVEFKQ,n8iP75gIpmw,1
UgyisqlInC7oBNbU95Z4AaABAg,UC5H8ASmMC9WrURmzeB4ySog,n8iP75gIpmw,1
Ugyk3PqfIuDEuXyeb494AaABAg,UCfM3nrxtTQMY5jFx1v1J4Gg,n8iP75gIpmw,1
UgykKTDDGdoiNQIuYJd4AaABAg,UCp4iw5_5SmV9VGTFSNVGOmQ,n8iP75gIpmw,1
UgymHCpILRINq5oT_7B4AaABAg,UCIp19h9igblA2YKfSLPDAug,lj983NWyAQY,5
UgymHZwhYtsW9EYkxdl4AaABAg,UCQtICyzWmhC5woCtbNgaSmg,n8iP75gIpmw,1
Ugynh0Cq17X889qHS0J4AaABAg,UCwha8rxULYMVtNwZWeSkE1A,n8iP75gIpmw,1
UgyoRKhs1yP8oKoD3uh4AaABAg,UCylqlpsh8ENNM1LqgQ1KbxA,j43HgwYFKfk,3
UgyoglGwyV2PhIAvHdt4AaABAg,UCHbwIx9pmQuf7i-4_xO2EpA,j43HgwYFKfk,3
UgyqA5EpXnBPn_uH-KB4AaABAg,UCu8_3-Wg-YzNyvHYQDEscfw,j43HgwYFKfk,3
Ugyr_-OfFbHlc9uWhg94AaABAg,UCIgoiXdIKJyUGmUoH2Lxdzg,OkXlHx0hx-8,6
UgysnIFZt6-_f2iGbid4AaABAg,UCXN2s7DwTJm33xO-pNkAdaA,06mFNPU0aB8,2
UgysqnYM0p-_jyWisMJ4AaABAg,UCgLrWFdYitoP-b7-PxtUr-w,lj983NWyAQY,5
UgysslM7dkNnQ1JT7Mh4AaABAg,UCAKuKvcbfnBD3kF5njNu-IA,j43HgwYFKfk,3
UgyuZ00FMdgmao7sNMx4AaABAg,UCFxE8GbokBrBsPEKM1xrOjQ,n8iP75gIpmw,1
Ugyuk_4Gq9tbJjGZVRl4AaABAg,UCh5ESQvtzyHDhCA7XyekCFA,n8iP75gIpmw,1
UgyvMO5z1LjtvyRIIxd4AaABAg,UCk4O-J1BhoqPmig1KLGJePA,is3Mk5oC19g,3
UgyvSxtnuw9xRiNU5tl4AaABAg,UCUoYsrx1oZnCZ0usbBJn4fA,j43HgwYFKfk,3
UgyxvyPVCur3jgc_1mx4AaABAg,UCHu8x4MVkayU6VgwVKd--MQ,b_Hkrkl3adA,7
UgyypM6Ts6Ut_EuFcdN4AaABAg,UC-jS_kA9w-OmpupXDx156Rg,n8iP75gIpmw,1
Ugyyx5lXrgFXsraCIMh4AaABAg,UC9vMq1YF-e7C-VO0SHkbUTA,n8iP75gIpmw,1
UgyzKNq94Z4Y2GSth514AaABAg,UChT7pzGytNd92Nmvi-zuWog,yLZS3JiEBg8,4
Ugyzgy-Lqlq6CTb4GPB4AaABAg,UChZknRmJkeGeQk0-mQuhDOg,n8iP75gIpmw,1
UgyzzIxBoO0_7kX1EWJ4AaABAg,UCOARn3hnfkB7-_Rwa8Hoqcw,WIUZtitfLRw,4
Ugz-XNtfLx0lzcoHUXN4AaABAg,UC9Wp6vL5oCU37qC3Aj94WZA,b_Hkrkl3adA,7
Ugz158DoUO_zyZlglG14AaABAg,UCIXLDYqR_syskKRJy_x9W9Q,06mFNPU0aB8,2
Ugz1TFgP101cP3SQAW94AaABAg,UCYN4wSQ1Sx4_LurxLlW7MPg,n8iP75gIpmw,1
Ugz1VUKAy1iuwk_x2jN4AaABAg,UCTTILH6QCIxbTnEWxwRqs1g,yLZS3JiEBg8,4
Ugz1kbHjtN-jQUk3sWd4AaABAg,UC5bG9nc_JV3FsNP2KseQiYw,n8iP75gIpmw,1
Ugz200h27x5RIAnswQd4AaABAg,UCKDR0f2fu2UzWL8mBv5-BHw,n8iP75gIpmw,1
Ugz26waEPWK6VtsenFZ4AaABAg,UCNIeXbV_mEwpa412h1aqUWw,PjmxCj-a9Hg,2
Ugz26waEPWK6VtsenFZ4AaABAg.ALglV0O_2mtALgq1_mUSB_,UCbYoNG5J3Au5BqtbXogfEFw,PjmxCj-a9Hg,2
Ugz2Y0LOPaJfoV8R01d4AaABAg,UCl0ekS9Tt0jJGtOEM18S63w,n8iP75gIpmw,1
Ugz5OziU6YjREVjZJUZ4AaABAg,UCVQf0tzL7xRzFJsABVVULpg,PjmxCj-a9Hg,2
Ugz6naDsqtHsbONkRBl4AaABAg,UCsUCN0Yq_UyTvKjOJLmNrnQ,b_Hkrkl3adA,1
Ugz76M4X7jXyiAqAC_d4AaABAg,UCsSXdJct-nsS8DsABoEsaYA,n8iP75gIpmw,1
Ugz76M4X7jXyiAqAC_d4AaABAg.A7j4tx1RMDbA7oQQlZnZR4,UC9xr9QvIcDvoZNUX5f-jaZw,n8iP75gIpmw,1
Ugz7WPxTOQEwmZpnx_V4AaABAg,UCi1b_TRQfgO1Z9O2gNGGWNA,n8iP75gIpmw,1
Ugz8BbgcucTeHAjfvqJ4AaABAg,UCpl8rF8uv_8uui-QRvuJaRA,n8iP75gIpmw,1
Ugz8fJcHTKHoEWJPwWt4AaABAg,UClhMWQ7XKWywYvbRnuf8QsA,j43HgwYFKfk,3
Ugz8hBV9j2KQGtMhPUR4AaABAg,UC4kg7zuTfqQKLd2bkZrSYBA,is3Mk5oC19g,3
Ugz8pKFUmjVv-zF8lvJ4AaABAg,UCOLGv5Pf6BF2wFcwUzgcvHg,n8iP75gIpmw,1
UgzBnKyfiTTp9djPTh54AaABAg,UCbNanjFI51cwGqMAb2rOrBw,OkXlHx0hx-8,6
UgzBpiHQkRpqfeyCDwd4AaABAg,UC2weSE8rpqkGMOp6StYtVfg,n8iP75gIpmw,1
UgzDFSLs4n_6XtQjgjZ4AaABAg,UCyzf29IYjNw67gGIfsjgtxA,lj983NWyAQY,5
UgzDK8qo7Il1yafNllJ4AaABAg,UCzZ6dDCEsLMXbc5pCFXIprw,PjmxCj-a9Hg,2
UgzESrzC3abcN60poBF4AaABAg,UCaT6M2zp7X6r6Whd8Vv3kHQ,lj983NWyAQY,5
UgzFOdujc0-cy9W1Uv14AaABAg,UC3NMzdMYryaw82kPTnsaljg,n8iP75gIpmw,1
UgzGYzecKVZyDzajKPV4AaABAg,UCLggDc_a5HriXv7I1h02sOA,n8iP75gIpmw,1
UgzH_SOr2gGO_dDna5J4AaABAg,UCSou6a2OuYGSvPjm5psquyA,n8iP75gIpmw,1
UgzJ85lM1ogkB4KOk2d4AaABAg,UCtNyHmRZtvGF2hSvI2dUBWw,PjmxCj-a9Hg,2
UgzKcy6Zr6Ele2EAo6J4AaABAg,UCGqKxQS-z3NZzZF-2w338AA,lj983NWyAQY,5
UgzL_lyzP1gwPdnVQ3Z4AaABAg,UCXO1BBohNWXkK9SBDAG2ySg,yLZS3JiEBg8,4
UgzMXsCXt9Lh-tk3fZd4AaABAg,UChyps3dqY-VY1_wLeq-2lhw,6W4u8sGEnGM,2
UgzMXsCXt9Lh-tk3fZd4AaABAg.A_zGMKwFBhPA_zWhjiGKb7,UCyJhqmMbsvjpoarBBStA2kg,6W4u8sGEnGM,2
UgzM_dw7xZDkJJ8eYQ94AaABAg,UCXgr7vXlRrsaskPdo097kGA,n8iP75gIpmw,1
UgzMppllQcjsXkBLgiZ4AaABAg,UCylqlpsh8ENNM1LqgQ1KbxA,n8iP75gIpmw,3
UgzOB-KAGGElQGAPxEZ4AaABAg,UC4cXueR2bKGFJV0Fk76gwmA,n8iP75gIpmw,1
UgzOGr7KGQ9pa-CJdgN4AaABAg,UCNBnKqWf4d-rS4HwJRQljmQ,n8iP75gIpmw,1
UgzOYjc2Ii04ZArW7vF4AaABAg,UCmvOgzmmXbjUthHy-WJ52hQ,n8iP75gIpmw,1
UgzPExq20lnf7-8d7_p4AaABAg,UCtMBF_1O2jY2INlb_luuB_A,lj983NWyAQY,5
UgzQTWwjC_XVPUNxuXp4AaABAg,UCrqXyRsg-_hTosURZ-uvoKg,OkXlHx0hx-8,6
UgzRlz8OqalaHh8EnUl4AaABAg,UCGZMgmM92E3njyXNe9-kjAQ,OkXlHx0hx-8,6
UgzRlz8OqalaHh8EnUl4AaABAg.Aa9hqaKl_ywAaB_OUjpKKh,UCi2KiZq63sRq8Mfbcp-MelQ,OkXlHx0hx-8,6
UgzRyWsi9Ed1wsXKgwd4AaABAg,UCOY3XpD9qMCRSA8AA8c4CAw,yLZS3JiEBg8,4
UgzSjpcAY2zvJ6i-poh4AaABAg,UCfRqgt2O-vjzUDMZY_tnxQw,is3Mk5oC19g,3
UgzSu6dFpC7PrEYl7AF4AaABAg,UC9vMq1YF-e7C-VO0SHkbUTA,n8iP75gIpmw,1
UgzT_1dx4pvgJTFMsnZ4AaABAg,UCp29O_C7cchZV8IxV7Crdag,6W4u8sGEnGM,2
UgzTqBd3og9IPuVu3o94AaABAg,UCrJn_rbo_ENAdeqneS-RmRw,n8iP75gIpmw,1
UgzU2eLo006-Cz6rYLZ4AaABAg,UCjJf-AJKRFFWtiN-CSwkDmA,ndAZjHqzzT8,4
UgzVRaRar_M-cPPi92x4AaABAg,UCBtB5dIyx-C16UN8ClUD2UA,is3Mk5oC19g,3
UgzVSZ19e2Cc28bFi-94AaABAg,UCDUffaruH6dyUnUGwsTKpgg,n8iP75gIpmw,1
UgzVsPOuFAogocL8wKB4AaABAg,UCgGqw4aqMdMVSGkKiMgrJRQ,6W4u8sGEnGM,2
UgzWNBqTQMz8ba4pbUd4AaABAg,UC32oozucwCF3q8d4m8fyOUg,j43HgwYFKfk,3
UgzWNJK42U_F1IKlwwh4AaABAg,UCvApqeCbLod-wejtT4CcVuA,n8iP75gIpmw,1
UgzWs20muY6Ghm9Z7094AaABAg,UCHGd14aYuZZShLD73dkk6mg,JkpVO1hx2f8,9
UgzXDN6uNEworKy3uqZ4AaABAg,UCiMythXHsw7eQEMykCdmMUA,n8iP75gIpmw,1
UgzYz6n8mPI0dBWsP2h4AaABAg,UC-fiZBS5Gp1eCJd9ucgWnCg,j43HgwYFKfk,3
UgzZMPOIKJlwEpgh7zd4AaABAg,UC5PrBbmUlQolwqmiru7yZhw,b_Hkrkl3adA,7
UgzZMPOIKJlwEpgh7zd4AaABAg.AaB6SZj2UadAaBRkGrUAJI,UC094EFEmMSdwVa8NQjjYBXg,b_Hkrkl3adA,7
UgzZMPOIKJlwEpgh7zd4AaABAg.AaB6SZj2UadAaCH5adXxCo,UCGm3gRBEHGRJYmtCryZLtDw,b_Hkrkl3adA,7
UgzZc-W-gVj1t4SXc-54AaABAg,UCwUAv3_LpWVtTIi7lkmTL7A,lj983NWyAQY,5
UgzaTUgOy4ekC0xQoFt4AaABAg,UC5H8ASmMC9WrURmzeB4ySog,n8iP75gIpmw,1
UgzaWev1Ju6338Y7Ehl4AaABAg,UC5wuDq3U3vRAhOQI3D7gNdw,ndAZjHqzzT8,4
UgzaWev1Ju6338Y7Ehl4AaABAg.A3Wof66r37mA3WrEtkJyep,UCvcu1kR8xMYy_I1Ty-2mV2Q,ndAZjHqzzT8,4
Ugzb66mq9Rv0T7aalfJ4AaABAg,UCXXh7yg5KUFIWylTiKVEFKQ,n8iP75gIpmw,1
UgzcJTEHjaN8bEV8Hfd4AaABAg,UC3XTwHxygNCgjndsg-UiCQA,n8iP75gIpmw,1
UgzcVyiuFGJ0Yv0C4Zt4AaABAg,UCsJJAvrVGupdmhOqgtDp8dg,n8iP75gIpmw,1
Ugzd2CVlJWOmHWBPSkN4AaABAg,UCQ_-LPP8JAbfkc-b1Q6NvWw,n8iP75gIpmw,1
UgzeCbhVJhOJATewi5J4AaABAg,UCtNfIBnc5S5DbbQj_yxgJTw,n8iP75gIpmw,1
UgzfLTatI6lJD6Z_u_94AaABAg,UC-Iul5tDYH_oiAMXQH-KaaQ,6W4u8sGEnGM,2
UgzfXuFsM8L3Qt6qWJV4AaABAg,UCyW68EGZey4ao_Vf2cR5Ztg,WIUZtitfLRw,4
Ugzfc9D5wlSKYgY5Jrh4AaABAg,UCZjm6U576nX8WOiLhmMR3bw,OkXlHx0hx-8,6
Ugzfc9D5wlSKYgY5Jrh4AaABAg.Aa9bbFyRF_AAaB_C3DtL_L,UCi2KiZq63sRq8Mfbcp-MelQ,OkXlHx0hx-8,6
Ugzhc5zg6rDOR3ltTAZ4AaABAg,UC_LYoGs5C3mbZKZuKuqYCvw,j43HgwYFKfk,3
UgzhjFXjeUslGQMZ7KB4AaABAg,UCRfkkatKrNtAARnXMMYBGlA,6W4u8sGEnGM,2
UgzhtSisQXcyX7bqkzB4AaABAg,UCA93ym2TXs_Ibyxb4Vcn-6Q,n8iP75gIpmw,1
Ugzi82q6lRyjtKUL5lV4AaABAg,UCAmtbUiIrUIhikru0ZoTFig,n8iP75gIpmw,1
Ugzin8yr1Zz1k47GsSp4AaABAg,UCr1emrogPKkKTs_WTtx71xg,n8iP75gIpmw,1
UgzjFGboqNxQ7BcH0bZ4AaABAg,UCRznz9-N3Qc1w-qNdLSIY2Q,lj983NWyAQY,5
UgzjqVqTKYeOrM1kW0F4AaABAg,UCY7Hq7F9Lnucf-Yr6JkHZNw,lj983NWyAQY,5
Ugzk5XnOVKoVj8FiOCB4AaABAg,UC-QOpE7GOxlXcHZ8b7HbQKA,OkXlHx0hx-8,6
UgzlqevYeQWpdUl_KON4AaABAg,UCjSKM9j0Q7HLDr1hD6D-TUw,n8iP75gIpmw,1
Ugzm7wFhhdctNQt_ubl4AaABAg,UCwCfs-2zbD5k0lG-UVg_JBw,06mFNPU0aB8,2
UgzmBKXDgncBFsDjRwd4AaABAg,UC72gBAtyb_VXQlYDcFrh6oQ,n8iP75gIpmw,1
UgzmBVMoFVO53-_ZZ-54AaABAg,UC8xlJWNHz1V_W6q3fbuQH8g,PjmxCj-a9Hg,2
UgzpHaLJJjoD9FnKO6p4AaABAg,UCyJhqmMbsvjpoarBBStA2kg,6W4u8sGEnGM,2
UgzpdnDQDBV6UZ96GZh4AaABAg,UCgQJgI9vu1FI2dnC9mrFthw,PjmxCj-a9Hg,2
UgzpzyaFY6F6IdFxzk14AaABAg,UCLFdHr9BEbXHkoJopbEPLZw,n8iP75gIpmw,1
UgzrrbkpudLqNqr7s6R4AaABAg,UCRETAiYdh2dL5ZxB0_N1zDA,n8iP75gIpmw,1
Ugzs8eXa8mdQ8wlS4FZ4AaABAg,UCi-vPdnpQreC7BkFs40mJGA,lj983NWyAQY,5
UgztKpwRx20oET8wGLJ4AaABAg,UCHTGCgY2l-DQJIvlA_cpa_Q,PjmxCj-a9Hg,1
UgzuugQO6qMSbkVsdGp4AaABAg,UCtNyHmRZtvGF2hSvI2dUBWw,PjmxCj-a9Hg,2
UgzvKLXKEkVzjn_XRHp4AaABAg,UCsjs5Hp_r86x1xbK6FAeqaA,n8iP75gIpmw,1
UgzwvEpQc3M_AWvNDad4AaABAg,UCRcSR3Lvn9DZAmJpVPANfZQ,lj983NWyAQY,5
Ugzx7TTfRu5S-pT0LuZ4AaABAg,UCz3gu01bmjNv0DpRq-K3XYg,n8iP75gIpmw,1
UgzxhrnRAMNePfy6u7J4AaABAg,UCGX_UbAQOXGZknv5iqklwTA,PjmxCj-a9Hg,2
UgzzpE27HS1dmWfyATJ4AaABAg,UC-hfX8J5JPJ-dfuakzegMLA,n8iP75gIpmw,1
