red,componente,nodos
bipartita_autor_video,1,286
bipartita_autor_video,2,26
bipartita_autor_video,3,19
bipartita_autor_video,4,5
bipartita_autor_video,5,4
bipartita_autor_video,6,3
bipartita_autor_video,7,2
bipartita_autor_video,8,2
bipartita_autor_video,9,2
bipartita_autor_video,10,2
bipartita_autor_video,11,1
bipartita_autor_video,12,1
bipartita_autor_video,13,1
bipartita_autor_video,14,1
bipartita_autor_video,15,1
bipartita_autor_video,16,1
bipartita_autor_video,17,1
bipartita_autor_video,18,1
bipartita_autor_video,19,1
bipartita_autor_video,20,1
bipartita_autor_video,21,1
bipartita_autor_video,22,1
bipartita_autor_video,23,1
bipartita_autor_video,24,1
bipartita_autor_video,25,1
bipartita_autor_video,26,1
bipartita_autor_video,27,1
bipartita_autor_video,28,1
bipartita_autor_video,29,1
bipartita_autor_video,30,1
bipartita_autor_video,31,1
bipartita_autor_video,32,1
bipartita_autor_video,33,1
bipartita_autor_video,34,1
bipartita_autor_video,35,1
bipartita_autor_video,36,1
bipartita_autor_video,37,1
bipartita_autor_video,38,1
bipartita_autor_video,39,1
bipartita_autor_video,40,1
bipartita_autor_video,41,1
bipartita_autor_video,42,1
bipartita_autor_video,43,1
bipartita_autor_video,44,1
bipartita_autor_video,45,1
bipartita_autor_video,46,1
bipartita_autor_video,47,1
bipartita_autor_video,48,1
bipartita_autor_video,49,1
bipartita_autor_video,50,1
bipartita_autor_video,51,1
bipartita_autor_video,52,1
bipartita_autor_video,53,1
bipartita_autor_video,54,1
bipartita_autor_video,55,1
bipartita_autor_video,56,1
bipartita_autor_video,57,1
bipartita_autor_video,58,1
bipartita_autor_video,59,1
bipartita_autor_video,60,1
bipartita_autor_video,61,1
bipartita_autor_video,62,1
bipartita_autor_video,63,1
bipartita_autor_video,64,1
bipartita_autor_video,65,1
bipartita_autor_video,66,1
bipartita_autor_video,67,1
bipartita_autor_video,68,1
bipartita_autor_video,69,1
bipartita_autor_video,70,1
bipartita_autor_video,71,1
bipartita_autor_video,72,1
bipartita_autor_video,73,1
bipartita_autor_video,74,1
bipartita_autor_video,75,1
bipartita_autor_video,76,1
bipartita_autor_video,77,1
bipartita_autor_video,78,1
bipartita_autor_video,79,1
bipartita_autor_video,80,1
bipartita_autor_video,81,1
bipartita_autor_video,82,1
bipartita_autor_video,83,1
bipartita_autor_video,84,1
bipartita_autor_video,85,1
bipartita_autor_video,86,1
bipartita_autor_video,87,1
bipartita_autor_video,88,1
bipartita_autor_video,89,1
bipartita_autor_video,90,1
bipartita_autor_video,91,1
bipartita_autor_video,92,1
bipartita_autor_video,93,1
bipartita_autor_video,94,1
bipartita_autor_video,95,1
bipartita_autor_video,96,1
bipartita_autor_video,97,1
bipartita_autor_video,98,1
bipartita_autor_video,99,1
bipartita_autor_video,100,1
bipartita_autor_video,101,1
bipartita_autor_video,102,1
bipartita_autor_video,103,1
bipartita_autor_video,104,1
bipartita_autor_video,105,1
bipartita_autor_video,106,1
bipartita_autor_video,107,1
bipartita_autor_video,108,1
bipartita_autor_video,109,1
bipartita_autor_video,110,1
bipartita_autor_video,111,1
bipartita_autor_video,112,1
bipartita_autor_video,113,1
bipartita_autor_video,114,1
bipartita_autor_video,115,1
bipartita_autor_video,116,1
bipartita_autor_video,117,1
bipartita_autor_video,118,1
bipartita_autor_video,119,1
bipartita_autor_video,120,1
bipartita_autor_video,121,1
bipartita_autor_video,122,1
bipartita_autor_video,123,1
bipartita_autor_video,124,1
bipartita_autor_video,125,1
bipartita_autor_video,126,1
bipartita_autor_video,127,1
bipartita_autor_video,128,1
bipartita_autor_video,129,1
bipartita_autor_video,130,1
bipartita_autor_video,131,1
bipartita_autor_video,132,1
bipartita_autor_video,133,1
bipartita_autor_video,134,1
bipartita_autor_video,135,1
bipartita_autor_video,136,1
bipartita_autor_video,137,1
bipartita_autor_video,138,1
bipartita_autor_video,139,1
bipartita_autor_video,140,1
bipartita_autor_video,141,1
bipartita_autor_video,142,1
bipartita_autor_video,143,1
bipartita_autor_video,144,1
bipartita_autor_video,145,1
bipartita_autor_video,146,1
bipartita_autor_video,147,1
bipartita_autor_video,148,1
bipartita_autor_video,149,1
bipartita_autor_video,150,1
bipartita_autor_video,151,1
bipartita_autor_video,152,1
bipartita_autor_video,153,1
bipartita_autor_video,154,1
bipartita_autor_video,155,1
bipartita_autor_video,156,1
bipartita_autor_video,157,1
bipartita_autor_video,158,1
bipartita_autor_video,159,1
bipartita_autor_video,160,1
bipartita_autor_video,161,1
bipartita_autor_video,162,1
bipartita_autor_video,163,1
bipartita_autor_video,164,1
bipartita_autor_video,165,1
bipartita_autor_video,166,1
bipartita_autor_video,167,1
bipartita_autor_video,168,1
bipartita_autor_video,169,1
bipartita_autor_video,170,1
bipartita_autor_video,171,1
bipartita_autor_video,172,1
bipartita_autor_video,173,1
bipartita_autor_video,174,1
bipartita_autor_video,175,1
bipartita_autor_video,176,1
bipartita_autor_video,177,1
bipartita_autor_video,178,1
bipartita_autor_video,179,1
bipartita_autor_video,180,1
bipartita_autor_video,181,1
bipartita_autor_video,182,1
bipartita_autor_video,183,1
bipartita_autor_video,184,1
bipartita_autor_video,185,1
bipartita_autor_video,186,1
bipartita_autor_video,187,1
bipartita_autor_video,188,1
bipartita_autor_video,189,1
bipartita_autor_video,190,1
bipartita_autor_video,191,1
bipartita_autor_video,192,1
bipartita_autor_video,193,1
bipartita_autor_video,194,1
bipartita_autor_video,195,1
bipartita_autor_video,196,1
bipartita_autor_video,197,1
bipartita_autor_video,198,1
bipartita_autor_video,199,1
bipartita_autor_video,200,1
bipartita_autor_video,201,1
bipartita_autor_video,202,1
bipartita_autor_video,203,1
bipartita_autor_video,204,1
bipartita_autor_video,205,1
bipartita_autor_video,206,1
bipartita_autor_video,207,1
bipartita_autor_video,208,1
bipartita_autor_video,209,1
bipartita_autor_video,210,1
bipartita_autor_video,211,1
bipartita_autor_video,212,1
bipartita_autor_video,213,1
bipartita_autor_video,214,1
bipartita_autor_video,215,1
bipartita_autor_video,216,1
bipartita_autor_video,217,1
bipartita_autor_video,218,1
bipartita_autor_video,219,1
bipartita_autor_video,220,1
bipartita_autor_video,221,1
bipartita_autor_video,222,1
bipartita_autor_video,223,1
bipartita_autor_video,224,1
bipartita_autor_video,225,1
bipartita_autor_video,226,1
bipartita_autor_video,227,1
bipartita_autor_video,228,1
bipartita_autor_video,229,1
bipartita_autor_video,230,1
bipartita_autor_video,231,1
bipartita_autor_video,232,1
bipartita_autor_video,233,1
bipartita_autor_video,234,1
bipartita_autor_video,235,1
bipartita_autor_video,236,1
bipartita_autor_video,237,1
bipartita_autor_video,238,1
bipartita_autor_video,239,1
bipartita_autor_video,240,1
bipartita_autor_video,241,1
bipartita_autor_video,242,1
bipartita_autor_video,243,1
bipartita_autor_video,244,1
bipartita_autor_video,245,1
bipartita_autor_video,246,1
bipartita_autor_video,247,1
bipartita_autor_video,248,1
bipartita_autor_video,249,1
bipartita_autor_video,250,1
bipartita_autor_video,251,1
bipartita_autor_video,252,1
bipartita_autor_video,253,1
bipartita_autor_video,254,1
bipartita_autor_video,255,1
bipartita_autor_video,256,1
bipartita_autor_video,257,1
bipartita_autor_video,258,1
bipartita_autor_video,259,1
bipartita_autor_video,260,1
bipartita_autor_video,261,1
bipartita_autor_video,262,1
bipartita_autor_video,263,1
bipartita_autor_video,264,1
bipartita_autor_video,265,1
bipartita_autor_video,266,1
bipartita_autor_video,267,1
bipartita_autor_video,268,1
bipartita_autor_video,269,1
bipartita_autor_video,270,1
bipartita_autor_video,271,1
bipartita_autor_video,272,1
bipartita_autor_video,273,1
bipartita_autor_video,274,1
bipartita_autor_video,275,1
bipartita_autor_video,276,1
bipartita_autor_video,277,1
bipartita_autor_video,278,1
bipartita_autor_video,279,1
bipartita_autor_video,280,1
bipartita_autor_video,281,1
bipartita_autor_video,282,1
bipartita_autor_video,283,1
bipartita_autor_video,284,1
proyeccion_autores,1,276
proyeccion_autores,2,25
proyeccion_autores,3,18
proyeccion_autores,4,4
proyeccion_autores,5,3
proyeccion_autores,6,2
proyeccion_autores,7,1
proyeccion_autores,8,1
proyeccion_autores,9,1
proyeccion_autores,10,1
proyeccion_videos,1,10
proyeccion_videos,2,1
proyeccion_videos,3,1
proyeccion_videos,4,1
proyeccion_videos,5,1
proyeccion_videos,6,1
proyeccion_videos,7,1
proyeccion_videos,8,1
proyeccion_videos,9,1
proyeccion_videos,10,1
proyeccion_videos,11,1
proyeccion_videos,12,1
proyeccion_videos,13,1
proyeccion_videos,14,1
proyeccion_videos,15,1
proyeccion_videos,16,1
proyeccion_videos,17,1
proyeccion_videos,18,1
proyeccion_videos,19,1
proyeccion_videos,20,1
proyeccion_videos,21,1
proyeccion_videos,22,1
proyeccion_videos,23,1
proyeccion_videos,24,1
proyeccion_videos,25,1
proyeccion_videos,26,1
proyeccion_videos,27,1
proyeccion_videos,28,1
proyeccion_videos,29,1
proyeccion_videos,30,1
proyeccion_videos,31,1
proyeccion_videos,32,1
proyeccion_videos,33,1
proyeccion_videos,34,1
proyeccion_videos,35,1
proyeccion_videos,36,1
proyeccion_videos,37,1
proyeccion_videos,38,1
proyeccion_videos,39,1
proyeccion_videos,40,1
proyeccion_videos,41,1
proyeccion_videos,42,1
proyeccion_videos,43,1
proyeccion_videos,44,1
proyeccion_videos,45,1
proyeccion_videos,46,1
proyeccion_videos,47,1
proyeccion_videos,48,1
proyeccion_videos,49,1
proyeccion_videos,50,1
proyeccion_videos,51,1
proyeccion_videos,52,1
proyeccion_videos,53,1
proyeccion_videos,54,1
proyeccion_videos,55,1
proyeccion_videos,56,1
proyeccion_videos,57,1
proyeccion_videos,58,1
proyeccion_videos,59,1
proyeccion_videos,60,1
proyeccion_videos,61,1
proyeccion_videos,62,1
proyeccion_videos,63,1
proyeccion_videos,64,1
proyeccion_videos,65,1
proyeccion_videos,66,1
proyeccion_videos,67,1
proyeccion_videos,68,1
proyeccion_videos,69,1
proyeccion_videos,70,1
proyeccion_videos,71,1
proyeccion_videos,72,1
proyeccion_videos,73,1
proyeccion_videos,74,1
proyeccion_videos,75,1
proyeccion_videos,76,1
proyeccion_videos,77,1
proyeccion_videos,78,1
proyeccion_videos,79,1
proyeccion_videos,80,1
proyeccion_videos,81,1
proyeccion_videos,82,1
proyeccion_videos,83,1
proyeccion_videos,84,1
proyeccion_videos,85,1
proyeccion_videos,86,1
proyeccion_videos,87,1
proyeccion_videos,88,1
proyeccion_videos,89,1
proyeccion_videos,90,1
proyeccion_videos,91,1
proyeccion_videos,92,1
proyeccion_videos,93,1
proyeccion_videos,94,1
proyeccion_videos,95,1
proyeccion_videos,96,1
proyeccion_videos,97,1
proyeccion_videos,98,1
proyeccion_videos,99,1
proyeccion_videos,100,1
proyeccion_videos,101,1
proyeccion_videos,102,1
proyeccion_videos,103,1
proyeccion_videos,104,1
proyeccion_videos,105,1
proyeccion_videos,106,1
proyeccion_videos,107,1
proyeccion_videos,108,1
proyeccion_videos,109,1
proyeccion_videos,110,1
proyeccion_videos,111,1
proyeccion_videos,112,1
proyeccion_videos,113,1
proyeccion_videos,114,1
proyeccion_videos,115,1
proyeccion_videos,116,1
proyeccion_videos,117,1
proyeccion_videos,118,1
proyeccion_videos,119,1
proyeccion_videos,120,1
proyeccion_videos,121,1
proyeccion_videos,122,1
proyeccion_videos,123,1
proyeccion_videos,124,1
proyeccion_videos,125,1
proyeccion_videos,126,1
proyeccion_videos,127,1
proyeccion_videos,128,1
proyeccion_videos,129,1
proyeccion_videos,130,1
proyeccion_videos,131,1
proyeccion_videos,132,1
proyeccion_videos,133,1
proyeccion_videos,134,1
proyeccion_videos,135,1
proyeccion_videos,136,1
proyeccion_videos,137,1
proyeccion_videos,138,1
proyeccion_videos,139,1
proyeccion_videos,140,1
proyeccion_videos,141,1
proyeccion_videos,142,1
proyeccion_videos,143,1
proyeccion_videos,144,1
proyeccion_videos,145,1
proyeccion_videos,146,1
proyeccion_videos,147,1
proyeccion_videos,148,1
proyeccion_videos,149,1
proyeccion_videos,150,1
proyeccion_videos,151,1
proyeccion_videos,152,1
proyeccion_videos,153,1
proyeccion_videos,154,1
proyeccion_videos,155,1
proyeccion_videos,156,1
proyeccion_videos,157,1
proyeccion_videos,158,1
proyeccion_videos,159,1
proyeccion_videos,160,1
proyeccion_videos,161,1
proyeccion_videos,162,1
proyeccion_videos,163,1
proyeccion_videos,164,1
proyeccion_videos,165,1
proyeccion_videos,166,1
proyeccion_videos,167,1
proyeccion_videos,168,1
proyeccion_videos,169,1
proyeccion_videos,170,1
proyeccion_videos,171,1
proyeccion_videos,172,1
proyeccion_videos,173,1
proyeccion_videos,174,1
proyeccion_videos,175,1
proyeccion_videos,176,1
proyeccion_videos,177,1
proyeccion_videos,178,1
proyeccion_videos,179,1
proyeccion_videos,180,1
proyeccion_videos,181,1
proyeccion_videos,182,1
proyeccion_videos,183,1
proyeccion_videos,184,1
proyeccion_videos,185,1
proyeccion_videos,186,1
proyeccion_videos,187,1
proyeccion_videos,188,1
proyeccion_videos,189,1
proyeccion_videos,190,1
proyeccion_videos,191,1
proyeccion_videos,192,1
proyeccion_videos,193,1
proyeccion_videos,194,1
proyeccion_videos,195,1
proyeccion_videos,196,1
proyeccion_videos,197,1
proyeccion_videos,198,1
proyeccion_videos,199,1
proyeccion_videos,200,1
proyeccion_videos,201,1
proyeccion_videos,202,1
proyeccion_videos,203,1
proyeccion_videos,204,1
proyeccion_videos,205,1
proyeccion_videos,206,1
proyeccion_videos,207,1
proyeccion_videos,208,1
proyeccion_videos,209,1
proyeccion_videos,210,1
proyeccion_videos,211,1
proyeccion_videos,212,1
proyeccion_videos,213,1
proyeccion_videos,214,1
proyeccion_videos,215,1
proyeccion_videos,216,1
proyeccion_videos,217,1
proyeccion_videos,218,1
proyeccion_videos,219,1
proyeccion_videos,220,1
proyeccion_videos,221,1
proyeccion_videos,222,1
proyeccion_videos,223,1
proyeccion_videos,224,1
proyeccion_videos,225,1
proyeccion_videos,226,1
proyeccion_videos,227,1
proyeccion_videos,228,1
proyeccion_videos,229,1
proyeccion_videos,230,1
proyeccion_videos,231,1
proyeccion_videos,232,1
proyeccion_videos,233,1
proyeccion_videos,234,1
proyeccion_videos,235,1
proyeccion_videos,236,1
proyeccion_videos,237,1
proyeccion_videos,238,1
proyeccion_videos,239,1
proyeccion_videos,240,1
proyeccion_videos,241,1
proyeccion_videos,242,1
proyeccion_videos,243,1
proyeccion_videos,244,1
proyeccion_videos,245,1
proyeccion_videos,246,1
proyeccion_videos,247,1
proyeccion_videos,248,1
proyeccion_videos,249,1
proyeccion_videos,250,1
proyeccion_videos,251,1
proyeccion_videos,252,1
proyeccion_videos,253,1
proyeccion_videos,254,1
proyeccion_videos,255,1
proyeccion_videos,256,1
proyeccion_videos,257,1
proyeccion_videos,258,1
proyeccion_videos,259,1
proyeccion_videos,260,1
proyeccion_videos,261,1
proyeccion_videos,262,1
proyeccion_videos,263,1
proyeccion_videos,264,1
proyeccion_videos,265,1
proyeccion_videos,266,1
proyeccion_videos,267,1
proyeccion_videos,268,1
proyeccion_videos,269,1
proyeccion_videos,270,1
proyeccion_videos,271,1
proyeccion_videos,272,1
proyeccion_videos,273,1
proyeccion_videos,274,1
proyeccion_videos,275,1
proyeccion_videos,276,1
proyeccion_videos,277,1
proyeccion_videos,278,1
proyeccion_videos,279,1
proyeccion_videos,280,1
proyeccion_videos,281,1
proyeccion_videos,282,1
proyeccion_videos,283,1
proyeccion_videos,284,1
