pregunta,respuesta
1. ¿Qué autores participan en varios videos?,9 de 332 autores (2.7 %) comentaron en más de un video; el máximo observado es 3 videos. Encabezan: @inge_vergueta (3); @hashojea7348 (3); @virgiliogarcia3039 (2). La participación es casi siempre puntual: 323 autores aparecen en un solo video.
2. ¿Qué autores tienen mayor intermediación?,Solo 9 autores tienen intermediación positiva; el resto está dentro de una sola camarilla de video y no aparece en ningún camino mínimo. Los mayores son: @virgiliogarcia3039 (0.239); @inge_vergueta (0.2203); @josegil3813 (0.1827).
3. ¿Coinciden recurrencia e intermediación?,"Coinciden como condición necesaria, no como jerarquía. Comentar en más de un video es la única forma de obtener intermediación positiva, de modo que la correlación de Spearman sobre los 332 autores es rho=1.000 por construcción; entre los 9 autores recurrentes cae a rho=0.208. Ningún autor con el máximo de 3 videos encabeza la intermediación: la lidera @virgiliogarcia3039, con 2 videos y 0.239. Lo decisivo es qué videos se conectan, no cuántos."
4. ¿Qué autores funcionan realmente como puentes?,"7 autores son puntos de articulación y su remoción parte la red: @virgiliogarcia3039 (0.239); @inge_vergueta (0.2203); @josegil3813 (0.1827). Otros 2 tienen intermediación positiva pero rutas alternativas (@Jel.Awesh.M (0.09365); @Alejandro00710 (0.03268)), así que conectan sin ser indispensables."
5. ¿Qué videos conectan audiencias?,"10 de 293 videos comparten al menos un autor con otro video y forman una sola componente. Los de mayor intermediación son: Qué rico come tu diputado (0.0005414); Internet: escoger el menos malo (0.0003295); Conferencia de Prensa del Gobierno de Guatemal (0.0003295). Su capacidad de conectar audiencias se apoya en los 9 autores que comentaron en más de un video, no en el volumen de comentarios."
6. ¿Qué nodos son puntos de articulación?,"7 autores y 5 videos. Los autores puente pertenecen a la componente mayor de la proyección autor–autor (276 nodos), donde sostienen la unión entre camarillas de videos distintos; los videos articuladores están en la única componente conectada de la proyección video–video (10 videos)."
7. ¿Qué sucede al removerlos?,"De los 25 nodos evaluados, 12 fragmentan la red al ser removidos. El caso de mayor efecto es @virgiliogarcia3039 en la proyeccion autores: la componente mayor cae de 276 a 214 nodos (-22.5 %) y aparece 1 componente nuevo. Fuera de los puntos de articulación, quitar nodos de grado ponderado alto no cambia el número de componentes: la red es un conjunto de camarillas por video, redundante hacia adentro y frágil solo en los pocos enlaces entre camarillas."
8. ¿Cuáles resultados pueden explicarse por cobertura parcial?,"Casi todos. Solo 19 de 293 videos tienen comentarios recolectados, así que 274 videos quedan aislados por ausencia de datos y otros 9 tienen comentarios pero ningún autor compartido; la proyección video–video ya parte de una fragmentación de 99.92 % de pares desconectados. También 4 autores quedan aislados por ser el único comentarista de su video. El bajo número de puentes mide la cobertura de la muestra tanto como el comportamiento de las audiencias."
9. ¿Qué diferencia existe entre centralidad observada e influencia social real?,"La centralidad describe la posición de un nodo dentro de la red que se pudo observar: coincidencias de comentarios en una muestra recolectada por consultas de búsqueda y en una fecha concreta. No mide persuasión, autoridad ni alcance. Un autor puede encabezar la intermediación por haber comentado en dos videos con pocos comentarios, y un video muy visto puede no aparecer en la red por no tener comentarios recolectados. Describir la estructura observada no autoriza a inferir influencia ni a generalizar a los usuarios de YouTube."
