red,node,node_type,degree,weighted_degree
bipartita_autor_video,video::-5puKGEqcUc,video,0,0
bipartita_autor_video,video::-E7OPOLjMug,video,0,0
bipartita_autor_video,video::-KDglrIzRKo,video,0,0
bipartita_autor_video,video::-O4Pa7qS9WQ,video,0,0
bipartita_autor_video,video::0LTLUY7LBlA,video,0,0
bipartita_autor_video,video::0a4_g1R1-aA,video,0,0
bipartita_autor_video,video::0b2vfzXdCqs,video,0,0
bipartita_autor_video,video::0eiVPMexNOo,video,0,0
bipartita_autor_video,video::0iQD8zHxZIg,video,0,0
bipartita_autor_video,video::1-hr8eCOt_I,video,0,0
bipartita_autor_video,video::1HQLJycvzaQ,video,0,0
bipartita_autor_video,video::1kSG-naIgqk,video,0,0
bipartita_autor_video,video::1w9faaYjhyU,video,0,0
bipartita_autor_video,video::1y61Kb9uSbg,video,0,0
bipartita_autor_video,video::1yHN9Ci7pXs,video,0,0
bipartita_autor_video,video::2iqOSL9YguA,video,0,0
bipartita_autor_video,video::2n31FhKmELI,video,0,0
bipartita_autor_video,video::2p23yPpu6aQ,video,0,0
bipartita_autor_video,video::3-jKER3zqcA,video,0,0
bipartita_autor_video,video::3LAwISMokIg,video,0,0
bipartita_autor_video,video::3P2OUk7aGmc,video,0,0
bipartita_autor_video,video::3S3KygWSjAQ,video,0,0
bipartita_autor_video,video::3bU7I_ZpXUk,video,0,0
bipartita_autor_video,video::3onMfRym3OU,video,0,0
bipartita_autor_video,video::45xQLtMlPdo,video,0,0
bipartita_autor_video,video::4DD1nlxWk2s,video,0,0
bipartita_autor_video,video::4FUed7cIhPU,video,0,0
bipartita_autor_video,video::4H6w9FQAcS8,video,0,0
bipartita_autor_video,video::5DRG-WGTq1k,video,0,0
bipartita_autor_video,video::5MFnG5B7ric,video,0,0
bipartita_autor_video,video::5OhxjDvuYbQ,video,0,0
bipartita_autor_video,video::5UNxNfcSzG4,video,0,0
bipartita_autor_video,video::5Y7fntl6Rc8,video,0,0
bipartita_autor_video,video::5nw9G1vwnYY,video,0,0
bipartita_autor_video,video::677N9cx_kKE,video,0,0
bipartita_autor_video,video::6KlI_geqPOI,video,0,0
bipartita_autor_video,video::6Wf0ItQUaDU,video,0,0
bipartita_autor_video,video::6y3KQmmg3Oc,video,0,0
bipartita_autor_video,video::6z2Psav9Onw,video,0,0
bipartita_autor_video,video::74F3Mn_NWoE,video,0,0
bipartita_autor_video,video::7JerBdHtkWA,video,0,0
bipartita_autor_video,video::7hfUg8Z-W2o,video,0,0
bipartita_autor_video,video::7kuHyjwuE_o,video,0,0
bipartita_autor_video,video::7mdtGeIHQnE,video,0,0
bipartita_autor_video,video::8CuQ2_HTaN0,video,0,0
bipartita_autor_video,video::8n6momRcC04,video,0,0
bipartita_autor_video,video::90oVm0P4_9Q,video,0,0
bipartita_autor_video,video::9BIrwWQUdb8,video,0,0
bipartita_autor_video,video::9Jacxvi9umU,video,0,0
bipartita_autor_video,video::9XFVeHiWDTo,video,0,0
bipartita_autor_video,video::9h7d1iDFaqo,video,0,0
bipartita_autor_video,video::9wHujSu-nbQ,video,0,0
bipartita_autor_video,video::AHzfpOL5sgw,video,0,0
bipartita_autor_video,video::Aa7hIDCRh3g,video,0,0
bipartita_autor_video,video::AakUTlieyH0,video,0,0
bipartita_autor_video,video::Ab0RrbzxyBU,video,0,0
bipartita_autor_video,video::AlbPEU3rbZs,video,0,0
bipartita_autor_video,video::ArljwpsURdY,video,0,0
bipartita_autor_video,video::B60bWqpVUIE,video,0,0
bipartita_autor_video,video::BLc_KXPng9g,video,0,0
bipartita_autor_video,video::BUNeDEi0yVU,video,0,0
bipartita_autor_video,video::BW41jT3t3oI,video,0,0
bipartita_autor_video,video::BbAeamItalk,video,0,0
bipartita_autor_video,video::Bdn2nxDqQ90,video,0,0
bipartita_autor_video,video::Bi34XvRV6AM,video,0,0
bipartita_autor_video,video::BnZFUzpEDe4,video,0,0
bipartita_autor_video,video::Boj5GILjbI0,video,0,0
bipartita_autor_video,video::Bp4LtQT8Hk0,video,0,0
bipartita_autor_video,video::C5hJmAhpMMQ,video,0,0
bipartita_autor_video,video::C8wk4HWwWyM,video,0,0
bipartita_autor_video,video::CDg6kLRfiqQ,video,0,0
bipartita_autor_video,video::CJQ46Hr4HcU,video,0,0
bipartita_autor_video,video::D3fRGjqHeHI,video,0,0
bipartita_autor_video,video::D4CEpAfkkPI,video,0,0
bipartita_autor_video,video::DBvMeKT4gzo,video,0,0
bipartita_autor_video,video::DC1_qrLUvHI,video,0,0
bipartita_autor_video,video::DMAKF8n0XJs,video,0,0
bipartita_autor_video,video::DX5eT-hVU8Q,video,0,0
bipartita_autor_video,video::DkxSkQipYwo,video,0,0
bipartita_autor_video,video::EGfy1BxGLIk,video,0,0
bipartita_autor_video,video::ELhvo8YnYnI,video,0,0
bipartita_autor_video,video::EQDcEgFpXCk,video,0,0
bipartita_autor_video,video::EZfm-05qtWo,video,0,0
bipartita_autor_video,video::F72Rdq5crG4,video,0,0
bipartita_autor_video,video::FEc1BCuBiDg,video,0,0
bipartita_autor_video,video::FQP4JTo9ShA,video,0,0
bipartita_autor_video,video::FU5zLTb4inc,video,0,0
bipartita_autor_video,video::Fapc1-8m5Zc,video,0,0
bipartita_autor_video,video::Fb2Ccfq5S9w,video,0,0
bipartita_autor_video,video::FuTz67jS7m0,video,0,0
bipartita_autor_video,video::G2u4Rbq7zU4,video,0,0
bipartita_autor_video,video::GgU7qhmf020,video,0,0
bipartita_autor_video,video::GjGMSFSE1gY,video,0,0
bipartita_autor_video,video::HMJXf1VdM5E,video,0,0
bipartita_autor_video,video::H_TGv_cMwww,video,0,0
bipartita_autor_video,video::I277M6i4jnY,video,0,0
bipartita_autor_video,video::IZLflL4Hgco,video,0,0
bipartita_autor_video,video::IcF9rRdAtp8,video,0,0
bipartita_autor_video,video::J6ctng-yAnI,video,0,0
bipartita_autor_video,video::JErfmk-TlRg,video,0,0
bipartita_autor_video,video::J_HBzJUTOus,video,0,0
bipartita_autor_video,video::JdxHJkQjM50,video,0,0
bipartita_autor_video,video::JgmCtBQWNL8,video,0,0
bipartita_autor_video,video::Jr1hJ92H_Nc,video,0,0
bipartita_autor_video,video::K1IA6oTGws8,video,0,0
bipartita_autor_video,video::K2qWcueeMOc,video,0,0
bipartita_autor_video,video::K50uijsHnAM,video,0,0
bipartita_autor_video,video::KIO6wIJXYY0,video,0,0
bipartita_autor_video,video::KWCyMd4dxkY,video,0,0
bipartita_autor_video,video::KkNQhX_kg8A,video,0,0
bipartita_autor_video,video::LRzZy8xBrjA,video,0,0
bipartita_autor_video,video::LeN6wpNIB-4,video,0,0
bipartita_autor_video,video::LqY_vAsa4PY,video,0,0
bipartita_autor_video,video::MMECHN8SFNw,video,0,0
bipartita_autor_video,video::MRJ9mKnXR9M,video,0,0
bipartita_autor_video,video::MdIa2Dtj77I,video,0,0
bipartita_autor_video,video::Mh94uXZvCLo,video,0,0
bipartita_autor_video,video::Mme4XikKnlc,video,0,0
bipartita_autor_video,video::N1QkRu38BFE,video,0,0
bipartita_autor_video,video::NCvoO61aIfw,video,0,0
bipartita_autor_video,video::NcIcixCdQH4,video,0,0
bipartita_autor_video,video::Nc_Iy0MriYw,video,0,0
bipartita_autor_video,video::NnKpTEfhWjI,video,0,0
bipartita_autor_video,video::O6gI0ooBM3E,video,0,0
bipartita_autor_video,video::OXf_VvvyIDw,video,0,0
bipartita_autor_video,video::OgOICSTSa7k,video,0,0
bipartita_autor_video,video::On7jqOm1bpg,video,0,0
bipartita_autor_video,video::Oy6sKBhduu4,video,0,0
bipartita_autor_video,video::Oztw_Hta52I,video,0,0
bipartita_autor_video,video::PMaSDoG0H1U,video,0,0
bipartita_autor_video,video::Pg1qw0KJI4E,video,0,0
bipartita_autor_video,video::Q-MNTYsZgk4,video,0,0
bipartita_autor_video,video::Q7j1OUxkn9w,video,0,0
bipartita_autor_video,video::Q7nhEeibBK4,video,0,0
bipartita_autor_video,video::QUG4etpjgos,video,0,0
bipartita_autor_video,video::Qc_oHqe4Cjc,video,0,0
bipartita_autor_video,video::R-fRv_WoZOE,video,0,0
bipartita_autor_video,video::RIpKKQh26cg,video,0,0
bipartita_autor_video,video::RjG-y7Y2-k4,video,0,0
bipartita_autor_video,video::Rk-3ks9mh3o,video,0,0
bipartita_autor_video,video::ShYWqmOpjFk,video,0,0
bipartita_autor_video,video::SryjaiL2B4Q,video,0,0
bipartita_autor_video,video::THY2YBne3QE,video,0,0
bipartita_autor_video,video::TSID63-IC3Y,video,0,0
bipartita_autor_video,video::TTijnAoFnzY,video,0,0
bipartita_autor_video,video::TXlMv6bt25w,video,0,0
bipartita_autor_video,video::TnZGNY1RsJE,video,0,0
bipartita_autor_video,video::UDFS8gl80h8,video,0,0
bipartita_autor_video,video::UTf26hS1UJ8,video,0,0
bipartita_autor_video,video::UcvHq8j-J38,video,0,0
bipartita_autor_video,video::UhL9y3KUl8E,video,1,1
bipartita_autor_video,video::UzeOcBM9cuU,video,0,0
bipartita_autor_video,video::VfBrLONPnFM,video,0,0
bipartita_autor_video,video::VgcpKa1h_2Q,video,0,0
bipartita_autor_video,video::VuIl4tjeKGQ,video,0,0
bipartita_autor_video,video::W415t12o3DA,video,0,0
bipartita_autor_video,video::WQcgx8rs0Qo,video,0,0
bipartita_autor_video,video::WXA2Apo79jA,video,0,0
bipartita_autor_video,video::WXgGL9rZUHo,video,0,0
bipartita_autor_video,video::XLkVzqqL34Q,video,0,0
bipartita_autor_video,video::XVZM15KVXjM,video,0,0
bipartita_autor_video,video::X_FAIef8qlE,video,1,1
bipartita_autor_video,video::XktDG8dmcd0,video,0,0
bipartita_autor_video,video::YJohmVLc9QA,video,0,0
bipartita_autor_video,video::YLFXK2c60Xc,video,0,0
bipartita_autor_video,video::YSsECnqTVik,video,0,0
bipartita_autor_video,video::ZHJoIah2Owo,video,0,0
bipartita_autor_video,video::ZNwStkzWgso,video,0,0
bipartita_autor_video,video::ZPBiWdHXg20,video,0,0
bipartita_autor_video,video::ZS74P3DnykA,video,0,0
bipartita_autor_video,video::Z_pWnOi7oRw,video,0,0
bipartita_autor_video,video::ZhrDgVZkhg4,video,0,0
bipartita_autor_video,video::_1VIxOLyaUQ,video,0,0
bipartita_autor_video,video::_3kK0or6QI0,video,0,0
bipartita_autor_video,video::_Lcbi4NCHRA,video,0,0
bipartita_autor_video,video::_NSq2q0mzCY,video,0,0
bipartita_autor_video,video::_cUZT7LMKE0,video,0,0
bipartita_autor_video,video::a2zgl-1KZwY,video,0,0
bipartita_autor_video,video::a3QGSpNx9Mg,video,0,0
bipartita_autor_video,video::a6QFfhpY53g,video,0,0
bipartita_autor_video,video::aRKgOSxgsF0,video,0,0
bipartita_autor_video,video::aSbvMYJhmCc,video,0,0
bipartita_autor_video,video::a_kAe9IhBbo,video,0,0
bipartita_autor_video,video::ahicr7fQREY,video,0,0
bipartita_autor_video,video::almmnboHkwM,video,0,0
bipartita_autor_video,video::anFbrgqxdzY,video,0,0
bipartita_autor_video,video::aoz2j4TTl4E,video,0,0
bipartita_autor_video,video::bBz8nX4pMxc,video,0,0
bipartita_autor_video,video::bMoENbSBSNs,video,0,0
bipartita_autor_video,video::bg1KCMaIrRM,video,0,0
bipartita_autor_video,video::bzosgvntOXU,video,0,0
bipartita_autor_video,video::cl3Rpw9MstQ,video,0,0
bipartita_autor_video,video::cpoiRUtF9uU,video,0,0
bipartita_autor_video,video::csqia7f3OIE,video,0,0
bipartita_autor_video,video::d-V_Aw1t6nI,video,0,0
bipartita_autor_video,video::dJcNu9YYwh4,video,0,0
bipartita_autor_video,video::dLctzx8qCgA,video,0,0
bipartita_autor_video,video::dWhSTyhegeQ,video,0,0
bipartita_autor_video,video::dccwBXfxxiI,video,0,0
bipartita_autor_video,video::dsyLiSCrwcU,video,0,0
bipartita_autor_video,video::dvy9rQpqLWY,video,0,0
bipartita_autor_video,video::dya9nbxqWXE,video,0,0
bipartita_autor_video,video::ebbgBtNrRz8,video,0,0
bipartita_autor_video,video::ewdf3q1tuCA,video,0,0
bipartita_autor_video,video::fBljA_npiMs,video,0,0
bipartita_autor_video,video::fenMcON-DjY,video,0,0
bipartita_autor_video,video::ffguGnMImL0,video,0,0
bipartita_autor_video,video::g0aCNpZaAZ8,video,0,0
bipartita_autor_video,video::gF42rhVhP8w,video,0,0
bipartita_autor_video,video::gbcggAMJczg,video,0,0
bipartita_autor_video,video::go4jAhCJS0w,video,0,0
bipartita_autor_video,video::hGOvuWe8P3Q,video,0,0
bipartita_autor_video,video::hy0mwEHr6V0,video,0,0
bipartita_autor_video,video::iBX5DMQSf3s,video,0,0
bipartita_autor_video,video::iCbGedZRRE8,video,0,0
bipartita_autor_video,video::iEmScdnYQdg,video,0,0
bipartita_autor_video,video::iWYddxEszoM,video,0,0
bipartita_autor_video,video::iacCQ4VyWWc,video,0,0
bipartita_autor_video,video::ifJFNGT4azU,video,0,0
bipartita_autor_video,video::j4akBH678fw,video,0,0
bipartita_autor_video,video::jQGvhMPMuAI,video,0,0
bipartita_autor_video,video::jSw-nFh94qQ,video,0,0
bipartita_autor_video,video::kaZgtwqwLrI,video,0,0
bipartita_autor_video,video::kjwvEESqSHA,video,0,0
bipartita_autor_video,video::l-mH80ygqFY,video,0,0
bipartita_autor_video,video::lAsODhYGcTE,video,0,0
bipartita_autor_video,video::lNuxq8OKCpc,video,0,0
bipartita_autor_video,video::lYyGqHAL5nM,video,0,0
bipartita_autor_video,video::lkdwGwrJKeM,video,0,0
bipartita_autor_video,video::mCoOL2p0il4,video,0,0
bipartita_autor_video,video::mPtR2HskBTE,video,0,0
bipartita_autor_video,video::mQH6bhmp_LY,video,0,0
bipartita_autor_video,video::n31eyGuRKqo,video,0,0
bipartita_autor_video,video::n4xHxJPNr78,video,0,0
bipartita_autor_video,video::nKJhNH86HGE,video,0,0
bipartita_autor_video,video::nPbC8-Ebat4,video,0,0
bipartita_autor_video,video::ncOU7iZR5jY,video,0,0
bipartita_autor_video,video::nhhXiHI4rrw,video,0,0
bipartita_autor_video,video::nv6wMdQ997Q,video,0,0
bipartita_autor_video,video::pNInRBsPbHE,video,0,0
bipartita_autor_video,video::qFsSnnRdJBg,video,0,0
bipartita_autor_video,video::qrdEegnTnaY,video,0,0
bipartita_autor_video,video::rNpBtQXUMbE,video,0,0
bipartita_autor_video,video::rQEb4el3Lok,video,0,0
bipartita_autor_video,video::rSQKmOX1Tfc,video,0,0
bipartita_autor_video,video::rjFut_yJcr8,video,0,0
bipartita_autor_video,video::s0eco-BofOs,video,1,1
bipartita_autor_video,video::sAPrXzrdstM,video,0,0
bipartita_autor_video,video::soZMwC0Cj18,video,0,0
bipartita_autor_video,video::tEfZlrP4L5I,video,0,0
bipartita_autor_video,video::tK__qZZ-H5w,video,0,0
bipartita_autor_video,video::tXLhWHWGaao,video,0,0
bipartita_autor_video,video::tb6LaOWGAIo,video,0,0
bipartita_autor_video,video::tcAQGuuo_Uc,video,0,0
bipartita_autor_video,video::tg2QuZFdn4c,video,0,0
bipartita_autor_video,video::tmvTbeQNCTI,video,0,0
bipartita_autor_video,video::tqcZFVSXARQ,video,0,0
bipartita_autor_video,video::vA6p51f14J4,video,0,0
bipartita_autor_video,video::vCtk_0NzB3s,video,0,0
bipartita_autor_video,video::vDVXM8ODuzM,video,0,0
bipartita_autor_video,video::vNUiF-stTdo,video,0,0
bipartita_autor_video,video::vp9MPfDG6AE,video,0,0
bipartita_autor_video,video::vqcF9RFMOLQ,video,0,0
bipartita_autor_video,video::w57G_5jsqtU,video,0,0
bipartita_autor_video,video::wS6yC3yOAeA,video,0,0
bipartita_autor_video,video::wVncmfsugww,video,0,0
bipartita_autor_video,video::wYZPaJdVuhE,video,0,0
bipartita_autor_video,video::wm1f52Mvzag,video,0,0
bipartita_autor_video,video::wpYwX-bGoz0,video,0,0
bipartita_autor_video,video::x9TPnjUeuoo,video,0,0
bipartita_autor_video,video::xEcC_aMDhAk,video,0,0
bipartita_autor_video,video::xQgP0n8hVSI,video,0,0
bipartita_autor_video,video::x_CB0ZRLQTA,video,0,0
bipartita_autor_video,video::y8XMbMxMF8E,video,0,0
bipartita_autor_video,video::yCmBtmOm6nw,video,0,0
bipartita_autor_video,video::zfJlUXRSaCU,video,0,0
bipartita_autor_video,video::zweosulrwA8,video,1,1
bipartita_autor_video,video::zyA0BpEYcQU,video,0,0
bipartita_autor_video,author::UC-HeUTT6_g-VoiWds2a4H-w,author,1,1
bipartita_autor_video,author::UC-Iul5tDYH_oiAMXQH-KaaQ,author,1,1
bipartita_autor_video,author::UC-QOpE7GOxlXcHZ8b7HbQKA,author,1,2
bipartita_autor_video,author::UC-fiZBS5Gp1eCJd9ucgWnCg,author,1,1
bipartita_autor_video,author::UC-hfX8J5JPJ-dfuakzegMLA,author,1,1
bipartita_autor_video,author::UC-jS_kA9w-OmpupXDx156Rg,author,1,1
bipartita_autor_video,author::UC-pNP6RMFuLg_-x7Ah_0kEA,author,1,1
bipartita_autor_video,author::UC094EFEmMSdwVa8NQjjYBXg,author,1,1
bipartita_autor_video,author::UC0HvfEWozTHbwl_iEmJNvVA,author,1,1
bipartita_autor_video,author::UC0RpuMwkDKJYqgKHtsJRuWQ,author,1,1
bipartita_autor_video,author::UC0aEyakBPqcBkVJiErfSupQ,author,1,1
bipartita_autor_video,author::UC14qlobYKqD-DO0j6b75lcA,author,1,1
bipartita_autor_video,author::UC1DpqK6vaPEkBOMNvypsKYg,author,1,1
bipartita_autor_video,author::UC1NiEdJ7gk6FlDexIalWnGg,author,1,1
bipartita_autor_video,author::UC1WlJfQmaIskYhP4gmWoamw,author,1,1
bipartita_autor_video,author::UC1Y7x3h0c95Z8kUhi-Tzaeg,author,1,1
bipartita_autor_video,author::UC1vr9aaMI2crB0NvwFHUeoQ,author,1,1
bipartita_autor_video,author::UC2Y_EHWQKevubk4vOEBBFxw,author,1,1
bipartita_autor_video,author::UC2ngpd8UBQu4gcUYy0goAtg,author,1,1
bipartita_autor_video,author::UC2weSE8rpqkGMOp6StYtVfg,author,1,1
bipartita_autor_video,author::UC32oozucwCF3q8d4m8fyOUg,author,1,1
bipartita_autor_video,author::UC3E9mAgP7VoAE5mZoAexl5g,author,1,1
bipartita_autor_video,author::UC3MYTqpQqlWBuCB7Th0e0PA,author,1,1
bipartita_autor_video,author::UC3NMzdMYryaw82kPTnsaljg,author,1,1
bipartita_autor_video,author::UC3UVO7pTbeYvZ3ILEyRDskQ,author,1,1
bipartita_autor_video,author::UC3XTwHxygNCgjndsg-UiCQA,author,1,3
bipartita_autor_video,author::UC3YpzAr7pcdKC7BVFEpYzog,author,1,1
bipartita_autor_video,author::UC3iIU62XKUOWuqL8BqBzj9A,author,1,1
bipartita_autor_video,author::UC3qn1yJA5PeW9rkGPatQxiw,author,1,1
bipartita_autor_video,author::UC4Avya4kmR4Q0FrfFdBozSQ,author,1,1
bipartita_autor_video,author::UC4cXueR2bKGFJV0Fk76gwmA,author,1,1
bipartita_autor_video,author::UC4kg7zuTfqQKLd2bkZrSYBA,author,1,1
bipartita_autor_video,author::UC4wq3DcbfaG6dtCqn8Oyu3w,author,1,1
bipartita_autor_video,author::UC5H8ASmMC9WrURmzeB4ySog,author,1,5
bipartita_autor_video,author::UC5PrBbmUlQolwqmiru7yZhw,author,1,1
bipartita_autor_video,author::UC5PyGvSfFM--OVKmQ3COu6g,author,1,1
bipartita_autor_video,author::UC5bG9nc_JV3FsNP2KseQiYw,author,1,1
bipartita_autor_video,author::UC5fvhAfm89JH8eDFdvc0xYw,author,1,1
bipartita_autor_video,author::UC5hvEnRUzI4Kfvwnyi4QxqQ,author,1,1
bipartita_autor_video,author::UC5wuDq3U3vRAhOQI3D7gNdw,author,1,1
bipartita_autor_video,author::UC63tFvbQ_hJhGDi2nbjssjw,author,1,1
bipartita_autor_video,author::UC650pRT-OYzny3GwOH8Cgfw,author,1,1
bipartita_autor_video,author::UC6PvO1_k5lHKGdAPo5_C6TA,author,1,1
bipartita_autor_video,author::UC6Uj1FT5JjDSF8vudvDxPAA,author,1,1
bipartita_autor_video,author::UC6YSZqL0vEcI-niPKIMUGfw,author,1,1
bipartita_autor_video,author::UC6xI_MOaxajIWpoP8BH6E_Q,author,1,1
bipartita_autor_video,author::UC72gBAtyb_VXQlYDcFrh6oQ,author,1,3
bipartita_autor_video,author::UC7IMsCxfZyWN7YQo8-JYa6Q,author,1,2
bipartita_autor_video,author::UC7VUuJr9cGh845CmTvf7TlQ,author,1,1
bipartita_autor_video,author::UC7dadZG7kkGYnsNu6td0FbA,author,1,1
bipartita_autor_video,author::UC816IGbFCZinfYS1LRDaaHg,author,1,1
bipartita_autor_video,author::UC8F2V63KZ4ZEay6opX2hAQw,author,1,1
bipartita_autor_video,author::UC8G5cJONY8L9voMyBW8Eoug,author,1,1
bipartita_autor_video,author::UC8r11yOugM2NuRfitQOxLLg,author,1,1
bipartita_autor_video,author::UC8xlJWNHz1V_W6q3fbuQH8g,author,1,1
bipartita_autor_video,author::UC95PSMouTx2N5CbSq0hIyrQ,author,1,1
bipartita_autor_video,author::UC9Wp6vL5oCU37qC3Aj94WZA,author,1,1
bipartita_autor_video,author::UC9vMq1YF-e7C-VO0SHkbUTA,author,1,4
bipartita_autor_video,author::UC9xr9QvIcDvoZNUX5f-jaZw,author,1,1
bipartita_autor_video,author::UCA93ym2TXs_Ibyxb4Vcn-6Q,author,1,1
bipartita_autor_video,author::UCAKuKvcbfnBD3kF5njNu-IA,author,1,1
bipartita_autor_video,author::UCAV7QIjYhbDJaycQycM_0eQ,author,1,1
bipartita_autor_video,author::UCAlzM_N6xBlMYmM8EBzX86Q,author,1,1
bipartita_autor_video,author::UCAmtbUiIrUIhikru0ZoTFig,author,1,1
bipartita_autor_video,author::UCAxvOOHQk7dYPOajzFEVtbA,author,1,2
bipartita_autor_video,author::UCB5p8a5gklc80jJItP6xTHg,author,1,1
bipartita_autor_video,author::UCBlm80VQ4YoV3bUJR_XhkaQ,author,1,2
bipartita_autor_video,author::UCBtB5dIyx-C16UN8ClUD2UA,author,1,1
bipartita_autor_video,author::UCCBYcToQ2dwkd6TJh0FSyDg,author,1,1
bipartita_autor_video,author::UCCUmP4PlbwgikVFpYwbtRTg,author,1,1
bipartita_autor_video,author::UCCaYwkkbQGcvFoUmothVdQQ,author,1,1
bipartita_autor_video,author::UCDIMztpVm7G27qBuiWuT6oQ,author,1,1
bipartita_autor_video,author::UCDPWkUX3sNNaCx-m1dV4glA,author,1,1
bipartita_autor_video,author::UCDQaQv0hr2SS_PO-CMEwVHg,author,1,1
bipartita_autor_video,author::UCDUffaruH6dyUnUGwsTKpgg,author,1,1
bipartita_autor_video,author::UCDftMWXQoJ6nONfY7GVOVjg,author,1,1
bipartita_autor_video,author::UCDlr1VadSucIZgZ171pRBjQ,author,1,1
bipartita_autor_video,author::UCDrmf9y9nLgFY5wnA2hTuGA,author,1,1
bipartita_autor_video,author::UCEHXl4VvvVpq-_4xC5tsbhg,author,1,1
bipartita_autor_video,author::UCEgEQmRbtL5fwr9_DqAC--g,author,1,1
bipartita_autor_video,author::UCErZPJpHmLCsXs8ZWkAUupQ,author,1,1
bipartita_autor_video,author::UCFFrEmn6lPYiWyElpfzTy5Q,author,1,1
bipartita_autor_video,author::UCFOxCyF926Y9eHhMeVoWLzw,author,1,1
bipartita_autor_video,author::UCFUuDARXdmmIrLppEqf-rFg,author,1,1
bipartita_autor_video,author::UCFhxtoeARHPnXXPcDrOU3Xg,author,1,1
bipartita_autor_video,author::UCFjudnPLoaSL1BaRuLahyHg,author,1,3
bipartita_autor_video,author::UCFoIAE8k82D6AV-8gjjKaNg,author,1,1
bipartita_autor_video,author::UCFxE8GbokBrBsPEKM1xrOjQ,author,1,1
bipartita_autor_video,author::UCFybmWapGvBKcQod7cPPH9w,author,1,1
bipartita_autor_video,author::UCGGHbtfbbe0o68etrOf0qxw,author,1,1
bipartita_autor_video,author::UCGX_UbAQOXGZknv5iqklwTA,author,1,1
bipartita_autor_video,author::UCGZMgmM92E3njyXNe9-kjAQ,author,1,1
bipartita_autor_video,author::UCGj2v6Gl5bN8NSrzJMXS-CA,author,1,1
bipartita_autor_video,author::UCGm3gRBEHGRJYmtCryZLtDw,author,1,1
bipartita_autor_video,author::UCGqKxQS-z3NZzZF-2w338AA,author,1,1
bipartita_autor_video,author::UCGzXwyCzMzGmjmCbH3Hg01Q,author,1,1
bipartita_autor_video,author::UCHGd14aYuZZShLD73dkk6mg,author,1,1
bipartita_autor_video,author::UCHMQ_lDhibZ-XZ_3fo6oxwg,author,1,1
bipartita_autor_video,author::UCHbwIx9pmQuf7i-4_xO2EpA,author,1,1
bipartita_autor_video,author::UCHhHUjaMAZ8SiXdCUCj9DkQ,author,1,2
bipartita_autor_video,author::UCHu8x4MVkayU6VgwVKd--MQ,author,1,1
bipartita_autor_video,author::UCIUhbSCy3-SGRe5UtqM4fzQ,author,1,1
bipartita_autor_video,author::UCIXLDYqR_syskKRJy_x9W9Q,author,1,1
bipartita_autor_video,author::UCIgoiXdIKJyUGmUoH2Lxdzg,author,1,1
bipartita_autor_video,author::UCIp19h9igblA2YKfSLPDAug,author,1,1
bipartita_autor_video,author::UCJp3OrVYcBorC94sKwdch_A,author,1,1
bipartita_autor_video,author::UCJxJC56BSAX-ArD0NAb9qnQ,author,1,1
bipartita_autor_video,author::UCKDR0f2fu2UzWL8mBv5-BHw,author,1,1
bipartita_autor_video,author::UCKVzDUqbtdSMBcexaEtMmzQ,author,1,1
bipartita_autor_video,author::UCL13XhnRzbGokEkCkEOb0-g,author,1,2
bipartita_autor_video,author::UCL1MT278vSaQ83ZDkVWn1gw,author,1,1
bipartita_autor_video,author::UCLFdHr9BEbXHkoJopbEPLZw,author,1,2
bipartita_autor_video,author::UCLXYp1Cvc5DLtq5UQL5D9vw,author,1,1
bipartita_autor_video,author::UCLggDc_a5HriXv7I1h02sOA,author,1,2
bipartita_autor_video,author::UCLh1Kde4_vI1sTZBkTNP7RQ,author,1,1
bipartita_autor_video,author::UCN2N_wYOw6fMwCeSzdXLPIw,author,1,1
bipartita_autor_video,author::UCN6qbfPSzFtjhqUDZ3Cv3CQ,author,1,1
bipartita_autor_video,author::UCNBnKqWf4d-rS4HwJRQljmQ,author,1,2
bipartita_autor_video,author::UCNIeXbV_mEwpa412h1aqUWw,author,1,3
bipartita_autor_video,author::UCNiMNUJvaRJb0_QLClqwVnA,author,1,1
bipartita_autor_video,author::UCNkcuy42zEwddwEcOd_HpnA,author,1,1
bipartita_autor_video,author::UCNpt5CQlTzNjlAKY6CJtClQ,author,1,1
bipartita_autor_video,author::UCO0zwwLWGyDgQmWPJ5Qrr1w,author,1,1
bipartita_autor_video,author::UCOARn3hnfkB7-_Rwa8Hoqcw,author,1,1
bipartita_autor_video,author::UCOLGv5Pf6BF2wFcwUzgcvHg,author,1,2
bipartita_autor_video,author::UCOLHH4ZpMxPYF-Q6e6wvn5A,author,1,1
bipartita_autor_video,author::UCOS8ViEkccrTZx2w2ccxotA,author,1,1
bipartita_autor_video,author::UCOY3XpD9qMCRSA8AA8c4CAw,author,1,1
bipartita_autor_video,author::UCOcUI5XkTYNMSFhZNMIPpGg,author,1,1
bipartita_autor_video,author::UCOh6DaZC_x9HASnlRylEMfw,author,1,1
bipartita_autor_video,author::UCPLW0HE3siElqCgXfgWxMqg,author,1,1
bipartita_autor_video,author::UCPNXmbOBVeC4HS-xemvcPtQ,author,1,1
bipartita_autor_video,author::UCPZueDLrCS4BmTBRMA4q0fA,author,1,1
bipartita_autor_video,author::UCQIdKuZ-OzuFqy0KjGrgesg,author,1,1
bipartita_autor_video,author::UCQM2tCKRRytVDRxNUfCDqQQ,author,1,1
bipartita_autor_video,author::UCQMMuADgqWUOcJpLwHOzC-g,author,1,1
bipartita_autor_video,author::UCQ_-LPP8JAbfkc-b1Q6NvWw,author,1,2
bipartita_autor_video,author::UCQgYjVngJRfPHDLGB5X6ZjA,author,1,1
bipartita_autor_video,author::UCQqetiwzzmRNTM5OWuXarGQ,author,1,1
bipartita_autor_video,author::UCQqlPPUGqAfWjd-FSh_qn7Q,author,1,1
bipartita_autor_video,author::UCQtICyzWmhC5woCtbNgaSmg,author,1,2
bipartita_autor_video,author::UCQtSFINs1h6GHkpg9o5kMvg,author,1,1
bipartita_autor_video,author::UCQyOePccUP-fIJYzchAgZYw,author,1,1
bipartita_autor_video,author::UCRAquv8el-tQ30bN7MlmySQ,author,1,1
bipartita_autor_video,author::UCRETAiYdh2dL5ZxB0_N1zDA,author,1,1
bipartita_autor_video,author::UCRcSR3Lvn9DZAmJpVPANfZQ,author,1,1
bipartita_autor_video,author::UCRelkU8JiZBytTzebJxaa-w,author,1,1
bipartita_autor_video,author::UCRfkkatKrNtAARnXMMYBGlA,author,1,1
bipartita_autor_video,author::UCRlCV9zSn7avAWh-9_XFWqQ,author,1,1
bipartita_autor_video,author::UCRvPToDkkumha7WJAfCDk1A,author,1,1
bipartita_autor_video,author::UCRznz9-N3Qc1w-qNdLSIY2Q,author,1,1
bipartita_autor_video,author::UCSTAUWVc1_82DHYeqOsqEFA,author,1,1
bipartita_autor_video,author::UCSou6a2OuYGSvPjm5psquyA,author,1,1
bipartita_autor_video,author::UCTD6q1nyIe3Y7HhqjaMj72w,author,1,1
bipartita_autor_video,author::UCTP3O0rMnc8z8v8jaDQwL0w,author,1,1
bipartita_autor_video,author::UCTTILH6QCIxbTnEWxwRqs1g,author,1,1
bipartita_autor_video,author::UCThW2XNsAaBKme5PUt7n-Zg,author,1,1
bipartita_autor_video,author::UCTwSut16JyAg3mX6LVUNGqA,author,1,1
bipartita_autor_video,author::UCTylKrsqkrBKIqubMu_5N0Q,author,1,1
bipartita_autor_video,author::UCUIIIPTVDVHAXqhC_5V6lPA,author,1,1
bipartita_autor_video,author::UCUoYsrx1oZnCZ0usbBJn4fA,author,1,1
bipartita_autor_video,author::UCV0iizTBoOfdAFX_thfI9BA,author,1,1
bipartita_autor_video,author::UCV0lM03g5fg5pbPj97-sAtA,author,1,1
bipartita_autor_video,author::UCV3fr-YOixFKCZBbJP1-X4w,author,1,5
bipartita_autor_video,author::UCVC2QugcI1G4RvlCiUqd1aQ,author,1,2
bipartita_autor_video,author::UCVQf0tzL7xRzFJsABVVULpg,author,1,1
bipartita_autor_video,author::UCVdjCrh4tQoX3haNAZv-n5A,author,1,1
bipartita_autor_video,author::UCVhif9eV0f8plICen2DnpKA,author,1,1
bipartita_autor_video,author::UCW-JC6lebVmf2P1dmY_L94g,author,1,1
bipartita_autor_video,author::UCW80DaMjQlEUibC98Cot-Dg,author,1,1
bipartita_autor_video,author::UCWIZUtKJ636y-4TYrNvok0g,author,1,1
bipartita_autor_video,author::UCWWkebAekppaL5b5CNlppuw,author,1,1
bipartita_autor_video,author::UCWaRixDdpgllTBf4V0jPnKQ,author,1,2
bipartita_autor_video,author::UCWoAVGVqCn4xtINCMOTM4jg,author,1,1
bipartita_autor_video,author::UCWvntqPQx99k_Z_skWKqNSA,author,1,1
bipartita_autor_video,author::UCXN2s7DwTJm33xO-pNkAdaA,author,1,1
bipartita_autor_video,author::UCXO1BBohNWXkK9SBDAG2ySg,author,1,1
bipartita_autor_video,author::UCXSkL3ejZ8qWYyF_M7s_QKA,author,1,1
bipartita_autor_video,author::UCXVLc8CmAO813ubM-fLvCDw,author,1,1
bipartita_autor_video,author::UCXXh7yg5KUFIWylTiKVEFKQ,author,1,2
bipartita_autor_video,author::UCXgr7vXlRrsaskPdo097kGA,author,1,1
bipartita_autor_video,author::UCXl30Y_upRqbti52fmjK4YA,author,1,1
bipartita_autor_video,author::UCXmrpc6Li0spcKxtS0Q_ptg,author,1,1
bipartita_autor_video,author::UCXr8_5WtGeipe4haOoQDgyQ,author,1,1
bipartita_autor_video,author::UCY7Hq7F9Lnucf-Yr6JkHZNw,author,1,1
bipartita_autor_video,author::UCYN4wSQ1Sx4_LurxLlW7MPg,author,1,1
bipartita_autor_video,author::UCYwpX26TrCxq8TvbKGRYLXA,author,1,1
bipartita_autor_video,author::UCZ51R_9Q9C0c8I3pAWhtmjQ,author,1,1
bipartita_autor_video,author::UCZFQwqh90apuL8eFhvRBkUg,author,1,1
bipartita_autor_video,author::UCZIQnb1fkwe39Iw2TAu-bGA,author,1,1
bipartita_autor_video,author::UCZLG9qH0tUjNhEGFIUt0CYw,author,1,1
bipartita_autor_video,author::UCZOmq6MwFDVoCaEl99BRRaw,author,1,1
bipartita_autor_video,author::UCZeIIQrGAedW8tCbKWmGY-A,author,1,1
bipartita_autor_video,author::UCZjm6U576nX8WOiLhmMR3bw,author,1,1
bipartita_autor_video,author::UC_3xuTXvMIWU5MYP9HkJ3vQ,author,1,1
bipartita_autor_video,author::UC_6KbBY1bsYXz9fwFS0eQRg,author,1,1
bipartita_autor_video,author::UC_LYoGs5C3mbZKZuKuqYCvw,author,1,1
bipartita_autor_video,author::UC_NRVt2UP88ZNTwzrZ66JSg,author,1,1
bipartita_autor_video,author::UC_ljZ1hZXR9pzexFz87P5ZA,author,1,1
bipartita_autor_video,author::UCa36MjQLoPAmgJo-R3G8WQA,author,1,1
bipartita_autor_video,author::UCaKAjTW9MVub_clgr4DRYjQ,author,1,1
bipartita_autor_video,author::UCaT4saRcyqCLE657Rq2hhZQ,author,1,1
bipartita_autor_video,author::UCaT6M2zp7X6r6Whd8Vv3kHQ,author,1,1
bipartita_autor_video,author::UCat2qkYvqmtDNEmo2PVuhXw,author,1,1
bipartita_autor_video,author::UCbNanjFI51cwGqMAb2rOrBw,author,1,1
bipartita_autor_video,author::UCbYoNG5J3Au5BqtbXogfEFw,author,1,1
bipartita_autor_video,author::UCcFIBN-rtC3d3hXeuN5TfWw,author,1,1
bipartita_autor_video,author::UCc_F88PzGWtA1OPNUEASulA,author,1,1
bipartita_autor_video,author::UCcfdg8crmMJwEuLUsAhV7yg,author,1,1
bipartita_autor_video,author::UCdQAuWwyC99MB7Y02Umj26Q,author,1,1
bipartita_autor_video,author::UCe8JZoYkX5oKUZyivHYdXhw,author,1,1
bipartita_autor_video,author::UCeDNEtI8_a42bZ47wJiJMwQ,author,1,1
bipartita_autor_video,author::UCeQk-WfEA-cJRq4EKeE7TOw,author,1,1
bipartita_autor_video,author::UCefAH1MbvADWUjE9WVcB9EQ,author,1,1
bipartita_autor_video,author::UCf5lnNZF7Qrtli9v4N_23WQ,author,1,1
bipartita_autor_video,author::UCfM3nrxtTQMY5jFx1v1J4Gg,author,1,1
bipartita_autor_video,author::UCfRqgt2O-vjzUDMZY_tnxQw,author,1,1
bipartita_autor_video,author::UCfXykdbSU97rj987LDUGfvg,author,1,1
bipartita_autor_video,author::UCfjhejO7LZy4doXURa7LZCQ,author,1,1
bipartita_autor_video,author::UCfo_yUPzy1f1POwwZxhZ06Q,author,1,1
bipartita_autor_video,author::UCg3eIfd7BrsLEqS0BLkftHA,author,1,3
bipartita_autor_video,author::UCgGqw4aqMdMVSGkKiMgrJRQ,author,1,1
bipartita_autor_video,author::UCgJNFj5dnxXpcMvmuhZDPxA,author,1,1
bipartita_autor_video,author::UCgLrWFdYitoP-b7-PxtUr-w,author,1,1
bipartita_autor_video,author::UCgLurCo-e019HGODcjXHWCw,author,1,1
bipartita_autor_video,author::UCgQJgI9vu1FI2dnC9mrFthw,author,1,1
bipartita_autor_video,author::UCgQw_Sbq3ugruDUKsq1e0-A,author,1,1
bipartita_autor_video,author::UCgvw7xIdGFupzpt1Y_BFkEA,author,1,1
bipartita_autor_video,author::UCh5ESQvtzyHDhCA7XyekCFA,author,1,3
bipartita_autor_video,author::UChT7pzGytNd92Nmvi-zuWog,author,1,1
bipartita_autor_video,author::UChZknRmJkeGeQk0-mQuhDOg,author,1,1
bipartita_autor_video,author::UCheEJ5GZuIvV0fj-nXyVwXw,author,1,1
bipartita_autor_video,author::UChep9kVb5gQmpodEEl10Xlg,author,1,1
bipartita_autor_video,author::UChgkn5Jt5tWKYMoEOuCjz3Q,author,1,1
bipartita_autor_video,author::UChs3tU2BcKOT0CezykvAsGw,author,1,3
bipartita_autor_video,author::UChyps3dqY-VY1_wLeq-2lhw,author,1,1
bipartita_autor_video,author::UCi-vPdnpQreC7BkFs40mJGA,author,1,1
bipartita_autor_video,author::UCi1b_TRQfgO1Z9O2gNGGWNA,author,1,2
bipartita_autor_video,author::UCi2KiZq63sRq8Mfbcp-MelQ,author,1,6
bipartita_autor_video,author::UCiC-Jn7wdgyQV4_Urk0DkWQ,author,1,1
bipartita_autor_video,author::UCiGRBf2RNF0WRKhRVT7zFoA,author,1,1
bipartita_autor_video,author::UCiMythXHsw7eQEMykCdmMUA,author,1,1
bipartita_autor_video,author::UCiOZX__1gahg1ypIj0_XG_w,author,1,1
bipartita_autor_video,author::UCipetjeiWj4CZB6EbyYziZg,author,1,1
bipartita_autor_video,author::UCj-LL25XJnjxepPKCc3NGog,author,1,1
bipartita_autor_video,author::UCjJf-AJKRFFWtiN-CSwkDmA,author,1,1
bipartita_autor_video,author::UCjSKM9j0Q7HLDr1hD6D-TUw,author,1,1
bipartita_autor_video,author::UCjmPuazZJzscrwvk0QR9RVw,author,1,1
bipartita_autor_video,author::UCk4O-J1BhoqPmig1KLGJePA,author,1,1
bipartita_autor_video,author::UCkVtmkK07b2zaVVNssX4lOg,author,1,1
bipartita_autor_video,author::UCkbsS_3D-pvg1iHOld9uvIg,author,1,1
bipartita_autor_video,author::UCkd9W714-947dEE6ZOEBATA,author,1,2
bipartita_autor_video,author::UCkxdJ_yGN2gghOMo2ybQtXQ,author,1,1
bipartita_autor_video,author::UCl0ekS9Tt0jJGtOEM18S63w,author,1,1
bipartita_autor_video,author::UCld2stqxaVSk0QdGncM224A,author,1,1
bipartita_autor_video,author::UClhMWQ7XKWywYvbRnuf8QsA,author,1,1
bipartita_autor_video,author::UCljDbleJul41G1TzOjOZAVA,author,1,1
bipartita_autor_video,author::UClqA491Xa5fQcXcJJa-vTWw,author,1,1
bipartita_autor_video,author::UClsrFGJKWPxxw7MiaEdKLXw,author,1,1
bipartita_autor_video,author::UCmjppp6ujz3SAnULvP3sZMw,author,1,1
bipartita_autor_video,author::UCmvOgzmmXbjUthHy-WJ52hQ,author,1,1
bipartita_autor_video,author::UCnU8wO1OurAmGstDw6VGjgQ,author,1,1
bipartita_autor_video,author::UCoGdCoJg2Lh0OX_jv6cG16g,author,1,2
bipartita_autor_video,author::UColMq7LmaoY3MT6aIDGrGvA,author,1,1
bipartita_autor_video,author::UCozFYHN0e_-vlQbX3wQGOug,author,1,1
bipartita_autor_video,author::UCp29O_C7cchZV8IxV7Crdag,author,1,2
bipartita_autor_video,author::UCp4iw5_5SmV9VGTFSNVGOmQ,author,1,1
bipartita_autor_video,author::UCpIdtvoFHVLGASGB5ySqIEA,author,1,1
bipartita_autor_video,author::UCp_dAUfv8i3LW3zWc24dLaQ,author,1,1
bipartita_autor_video,author::UCpe5jW3MIqkgTJ-PgkzvM6Q,author,1,1
bipartita_autor_video,author::UCpl8rF8uv_8uui-QRvuJaRA,author,1,1
bipartita_autor_video,author::UCplrIQtaPj6au60_f2-mOYw,author,1,1
bipartita_autor_video,author::UCq3mDTTRZnUybct5M9OSXbg,author,1,1
bipartita_autor_video,author::UCqCrvuoJpC-aVb0f4logQRQ,author,1,1
bipartita_autor_video,author::UCqilIa8r7iek5sGYg_q6ofA,author,1,1
bipartita_autor_video,author::UCql1n3Ey6ULMSOACjMe-fxQ,author,1,1
bipartita_autor_video,author::UCr1emrogPKkKTs_WTtx71xg,author,1,1
bipartita_autor_video,author::UCrJn_rbo_ENAdeqneS-RmRw,author,1,2
bipartita_autor_video,author::UCrqXyRsg-_hTosURZ-uvoKg,author,1,1
bipartita_autor_video,author::UCsGoJEvb-cFPZ2rWoJcXzEQ,author,1,1
bipartita_autor_video,author::UCsJJAvrVGupdmhOqgtDp8dg,author,1,1
bipartita_autor_video,author::UCsSXdJct-nsS8DsABoEsaYA,author,1,1
bipartita_autor_video,author::UCs_5qeqdku9tGAq22y3OcuQ,author,1,1
bipartita_autor_video,author::UCsjs5Hp_r86x1xbK6FAeqaA,author,1,1
bipartita_autor_video,author::UCtCtts20bW6F9CSohau51Iw,author,1,2
bipartita_autor_video,author::UCtMBF_1O2jY2INlb_luuB_A,author,1,1
bipartita_autor_video,author::UCtNfIBnc5S5DbbQj_yxgJTw,author,1,1
bipartita_autor_video,author::UCtNyHmRZtvGF2hSvI2dUBWw,author,1,2
bipartita_autor_video,author::UCtUR3_CAiE7fCoZHM6cMfyQ,author,1,1
bipartita_autor_video,author::UCtiHFjFu7d5v2XxHnKFUYig,author,1,1
bipartita_autor_video,author::UCtowGNY2lnlg6O2CkwDgkLg,author,1,1
bipartita_autor_video,author::UCtsxPYw8VUsH_FfnKg-0lmw,author,1,1
bipartita_autor_video,author::UCu8_3-Wg-YzNyvHYQDEscfw,author,1,1
bipartita_autor_video,author::UCuP4UK33HKtJE_S39ksmaTw,author,1,1
bipartita_autor_video,author::UCuXmOjxC-htcprLgeVXz6Tg,author,1,1
bipartita_autor_video,author::UCueV9cTyTDwgQSec1x2dYgA,author,1,1
bipartita_autor_video,author::UCujPF2nBgsTD62nWE3lcpIg,author,1,1
bipartita_autor_video,author::UCusjriFsDHEc2AOjqk-p5ig,author,1,1
bipartita_autor_video,author::UCut6b9S98nv84cVX89PmKzA,author,1,2
bipartita_autor_video,author::UCvApqeCbLod-wejtT4CcVuA,author,1,1
bipartita_autor_video,author::UCvDwJBBY1mHK70aTEYl6rsA,author,1,1
bipartita_autor_video,author::UCvl1tzQeBeGy6efPTRJXSCw,author,1,1
bipartita_autor_video,author::UCwCfs-2zbD5k0lG-UVg_JBw,author,1,1
bipartita_autor_video,author::UCwEe1RKlEv1UpNWmWYfSh4w,author,1,1
bipartita_autor_video,author::UCwO2SXr0ggzwg6QWWrr01nQ,author,1,1
bipartita_autor_video,author::UCwUAv3_LpWVtTIi7lkmTL7A,author,1,1
bipartita_autor_video,author::UCwW2OFy95P7ZBkOPxWkpvYg,author,1,2
bipartita_autor_video,author::UCwgCc9Jd_gG-uLE_SY-FfPg,author,1,1
bipartita_autor_video,author::UCwha8rxULYMVtNwZWeSkE1A,author,1,1
bipartita_autor_video,author::UCwjUvRseNtJoItylIyIez7Q,author,1,1
bipartita_autor_video,author::UCwxoKK59nGCeBqB2sXfDBIw,author,1,1
bipartita_autor_video,author::UCxKR3RA8T-kxMgq_2WWhRcQ,author,1,1
bipartita_autor_video,author::UCxcoDvP-g2_KTZDmVZtvb3w,author,1,1
bipartita_autor_video,author::UCxff05WuyvwELNITi7bj7UA,author,1,1
bipartita_autor_video,author::UCxhtlxPV8AYWaNNyU6S9H8Q,author,1,1
bipartita_autor_video,author::UCyJhqmMbsvjpoarBBStA2kg,author,1,6
bipartita_autor_video,author::UCySYJU5kUh7X8gVt9la2ISA,author,1,1
bipartita_autor_video,author::UCyW68EGZey4ao_Vf2cR5Ztg,author,1,1
bipartita_autor_video,author::UCyor0Mmm0ivLX2jIdyGp84Q,author,1,1
bipartita_autor_video,author::UCyzf29IYjNw67gGIfsjgtxA,author,1,1
bipartita_autor_video,author::UCz3gu01bmjNv0DpRq-K3XYg,author,1,2
bipartita_autor_video,author::UCzSfZlOVxBSs5ObD25ywxDQ,author,1,1
bipartita_autor_video,author::UCzoL2l5H5eVlorWGH8AZfAg,author,1,1
proyeccion_autores,author::UC6xI_MOaxajIWpoP8BH6E_Q,author,0,0
proyeccion_autores,author::UCJxJC56BSAX-ArD0NAb9qnQ,author,1,1
proyeccion_autores,author::UCPLW0HE3siElqCgXfgWxMqg,author,0,0
proyeccion_autores,author::UCQM2tCKRRytVDRxNUfCDqQQ,author,0,0
proyeccion_autores,author::UC_NRVt2UP88ZNTwzrZ66JSg,author,0,0
proyeccion_autores,author::UCyor0Mmm0ivLX2jIdyGp84Q,author,1,1
proyeccion_videos,video::-5puKGEqcUc,video,0,0
proyeccion_videos,video::-E7OPOLjMug,video,0,0
proyeccion_videos,video::-KDglrIzRKo,video,0,0
proyeccion_videos,video::-O4Pa7qS9WQ,video,0,0
proyeccion_videos,video::06mFNPU0aB8,video,1,1
proyeccion_videos,video::0LTLUY7LBlA,video,0,0
proyeccion_videos,video::0a4_g1R1-aA,video,0,0
proyeccion_videos,video::0b2vfzXdCqs,video,0,0
proyeccion_videos,video::0eiVPMexNOo,video,0,0
proyeccion_videos,video::0iQD8zHxZIg,video,0,0
proyeccion_videos,video::1-hr8eCOt_I,video,0,0
proyeccion_videos,video::1HQLJycvzaQ,video,0,0
proyeccion_videos,video::1kSG-naIgqk,video,0,0
proyeccion_videos,video::1w9faaYjhyU,video,0,0
proyeccion_videos,video::1y61Kb9uSbg,video,0,0
proyeccion_videos,video::1yHN9Ci7pXs,video,0,0
proyeccion_videos,video::2iqOSL9YguA,video,0,0
proyeccion_videos,video::2n31FhKmELI,video,0,0
proyeccion_videos,video::2p23yPpu6aQ,video,0,0
proyeccion_videos,video::3-jKER3zqcA,video,0,0
proyeccion_videos,video::3LAwISMokIg,video,0,0
proyeccion_videos,video::3Nfp9h5avBI,video,0,0
proyeccion_videos,video::3P2OUk7aGmc,video,0,0
proyeccion_videos,video::3S3KygWSjAQ,video,0,0
proyeccion_videos,video::3bU7I_ZpXUk,video,0,0
proyeccion_videos,video::3onMfRym3OU,video,0,0
proyeccion_videos,video::45xQLtMlPdo,video,0,0
proyeccion_videos,video::4DD1nlxWk2s,video,0,0
proyeccion_videos,video::4FUed7cIhPU,video,0,0
proyeccion_videos,video::4H6w9FQAcS8,video,0,0
proyeccion_videos,video::5DRG-WGTq1k,video,0,0
proyeccion_videos,video::5MFnG5B7ric,video,0,0
proyeccion_videos,video::5OhxjDvuYbQ,video,0,0
proyeccion_videos,video::5UNxNfcSzG4,video,0,0
proyeccion_videos,video::5Y7fntl6Rc8,video,0,0
proyeccion_videos,video::5nw9G1vwnYY,video,0,0
proyeccion_videos,video::677N9cx_kKE,video,0,0
proyeccion_videos,video::6KlI_geqPOI,video,0,0
proyeccion_videos,video::6Wf0ItQUaDU,video,0,0
proyeccion_videos,video::6y3KQmmg3Oc,video,0,0
proyeccion_videos,video::6z2Psav9Onw,video,0,0
proyeccion_videos,video::74F3Mn_NWoE,video,0,0
proyeccion_videos,video::7JerBdHtkWA,video,0,0
proyeccion_videos,video::7hfUg8Z-W2o,video,0,0
proyeccion_videos,video::7kuHyjwuE_o,video,0,0
proyeccion_videos,video::7mdtGeIHQnE,video,0,0
proyeccion_videos,video::8CuQ2_HTaN0,video,0,0
proyeccion_videos,video::8n6momRcC04,video,0,0
proyeccion_videos,video::90oVm0P4_9Q,video,0,0
proyeccion_videos,video::9BIrwWQUdb8,video,0,0
proyeccion_videos,video::9Jacxvi9umU,video,0,0
proyeccion_videos,video::9XFVeHiWDTo,video,0,0
proyeccion_videos,video::9h7d1iDFaqo,video,0,0
proyeccion_videos,video::9wHujSu-nbQ,video,0,0
proyeccion_videos,video::AHzfpOL5sgw,video,0,0
proyeccion_videos,video::Aa7hIDCRh3g,video,0,0
proyeccion_videos,video::AakUTlieyH0,video,0,0
proyeccion_videos,video::Ab0RrbzxyBU,video,0,0
proyeccion_videos,video::AlbPEU3rbZs,video,0,0
proyeccion_videos,video::ArljwpsURdY,video,0,0
proyeccion_videos,video::B60bWqpVUIE,video,0,0
proyeccion_videos,video::BLc_KXPng9g,video,0,0
proyeccion_videos,video::BUNeDEi0yVU,video,0,0
proyeccion_videos,video::BW41jT3t3oI,video,0,0
proyeccion_videos,video::BbAeamItalk,video,0,0
proyeccion_videos,video::Bdn2nxDqQ90,video,0,0
proyeccion_videos,video::Bi34XvRV6AM,video,0,0
proyeccion_videos,video::BnZFUzpEDe4,video,0,0
proyeccion_videos,video::Boj5GILjbI0,video,0,0
proyeccion_videos,video::Bp4LtQT8Hk0,video,0,0
proyeccion_videos,video::C5hJmAhpMMQ,video,0,0
proyeccion_videos,video::C8wk4HWwWyM,video,0,0
proyeccion_videos,video::CDg6kLRfiqQ,video,0,0
proyeccion_videos,video::CJQ46Hr4HcU,video,0,0
proyeccion_videos,video::D3fRGjqHeHI,video,0,0
proyeccion_videos,video::D4CEpAfkkPI,video,0,0
proyeccion_videos,video::DBvMeKT4gzo,video,0,0
proyeccion_videos,video::DC1_qrLUvHI,video,0,0
proyeccion_videos,video::DMAKF8n0XJs,video,0,0
proyeccion_videos,video::DX5eT-hVU8Q,video,0,0
proyeccion_videos,video::DkxSkQipYwo,video,0,0
proyeccion_videos,video::EGfy1BxGLIk,video,0,0
proyeccion_videos,video::ELhvo8YnYnI,video,0,0
proyeccion_videos,video::EQDcEgFpXCk,video,0,0
proyeccion_videos,video::EZfm-05qtWo,video,0,0
proyeccion_videos,video::F72Rdq5crG4,video,0,0
proyeccion_videos,video::FEc1BCuBiDg,video,0,0
proyeccion_videos,video::FQP4JTo9ShA,video,0,0
proyeccion_videos,video::FU5zLTb4inc,video,0,0
proyeccion_videos,video::Fapc1-8m5Zc,video,0,0
proyeccion_videos,video::Fb2Ccfq5S9w,video,0,0
proyeccion_videos,video::FuTz67jS7m0,video,0,0
proyeccion_videos,video::G2u4Rbq7zU4,video,0,0
proyeccion_videos,video::GgU7qhmf020,video,0,0
proyeccion_videos,video::GjGMSFSE1gY,video,0,0
proyeccion_videos,video::HMJXf1VdM5E,video,0,0
proyeccion_videos,video::H_TGv_cMwww,video,0,0
proyeccion_videos,video::I277M6i4jnY,video,0,0
proyeccion_videos,video::IZLflL4Hgco,video,0,0
proyeccion_videos,video::IcF9rRdAtp8,video,0,0
proyeccion_videos,video::J6ctng-yAnI,video,0,0
proyeccion_videos,video::JErfmk-TlRg,video,0,0
proyeccion_videos,video::J_HBzJUTOus,video,0,0
proyeccion_videos,video::JdxHJkQjM50,video,0,0
proyeccion_videos,video::JgmCtBQWNL8,video,0,0
proyeccion_videos,video::JkpVO1hx2f8,video,0,0
proyeccion_videos,video::Jr1hJ92H_Nc,video,0,0
proyeccion_videos,video::K1IA6oTGws8,video,0,0
proyeccion_videos,video::K2qWcueeMOc,video,0,0
proyeccion_videos,video::K50uijsHnAM,video,0,0
proyeccion_videos,video::KIO6wIJXYY0,video,0,0
proyeccion_videos,video::KWCyMd4dxkY,video,0,0
proyeccion_videos,video::KkNQhX_kg8A,video,0,0
proyeccion_videos,video::LRzZy8xBrjA,video,0,0
proyeccion_videos,video::LeN6wpNIB-4,video,0,0
proyeccion_videos,video::LqY_vAsa4PY,video,0,0
proyeccion_videos,video::MMECHN8SFNw,video,0,0
proyeccion_videos,video::MRJ9mKnXR9M,video,0,0
proyeccion_videos,video::MdIa2Dtj77I,video,0,0
proyeccion_videos,video::Mh94uXZvCLo,video,0,0
proyeccion_videos,video::Mme4XikKnlc,video,0,0
proyeccion_videos,video::N1QkRu38BFE,video,0,0
proyeccion_videos,video::NCvoO61aIfw,video,0,0
proyeccion_videos,video::NcIcixCdQH4,video,0,0
proyeccion_videos,video::Nc_Iy0MriYw,video,0,0
proyeccion_videos,video::NnKpTEfhWjI,video,0,0
proyeccion_videos,video::O6gI0ooBM3E,video,0,0
proyeccion_videos,video::OXf_VvvyIDw,video,0,0
proyeccion_videos,video::OgOICSTSa7k,video,0,0
proyeccion_videos,video::OkXlHx0hx-8,video,0,0
proyeccion_videos,video::On7jqOm1bpg,video,0,0
proyeccion_videos,video::Oy6sKBhduu4,video,0,0
proyeccion_videos,video::Oztw_Hta52I,video,0,0
proyeccion_videos,video::PMaSDoG0H1U,video,0,0
proyeccion_videos,video::Pg1qw0KJI4E,video,0,0
proyeccion_videos,video::Q-MNTYsZgk4,video,0,0
proyeccion_videos,video::Q7j1OUxkn9w,video,0,0
proyeccion_videos,video::Q7nhEeibBK4,video,0,0
proyeccion_videos,video::QUG4etpjgos,video,0,0
proyeccion_videos,video::Qc_oHqe4Cjc,video,0,0
proyeccion_videos,video::R-fRv_WoZOE,video,0,0
proyeccion_videos,video::RIpKKQh26cg,video,0,0
proyeccion_videos,video::RjG-y7Y2-k4,video,0,0
proyeccion_videos,video::Rk-3ks9mh3o,video,0,0
proyeccion_videos,video::ShYWqmOpjFk,video,0,0
proyeccion_videos,video::SryjaiL2B4Q,video,0,0
proyeccion_videos,video::THY2YBne3QE,video,0,0
proyeccion_videos,video::TSID63-IC3Y,video,0,0
proyeccion_videos,video::TT4qJ5FXHYE,video,0,0
proyeccion_videos,video::TTijnAoFnzY,video,0,0
proyeccion_videos,video::TXlMv6bt25w,video,0,0
proyeccion_videos,video::TnZGNY1RsJE,video,0,0
proyeccion_videos,video::UDFS8gl80h8,video,0,0
proyeccion_videos,video::UTf26hS1UJ8,video,0,0
proyeccion_videos,video::UcvHq8j-J38,video,0,0
proyeccion_videos,video::UhL9y3KUl8E,video,0,0
proyeccion_videos,video::UzeOcBM9cuU,video,0,0
proyeccion_videos,video::VfBrLONPnFM,video,0,0
proyeccion_videos,video::VgcpKa1h_2Q,video,0,0
proyeccion_videos,video::VuIl4tjeKGQ,video,0,0
proyeccion_videos,video::W415t12o3DA,video,0,0
proyeccion_videos,video::WQcgx8rs0Qo,video,0,0
proyeccion_videos,video::WXA2Apo79jA,video,0,0
proyeccion_videos,video::WXgGL9rZUHo,video,0,0
proyeccion_videos,video::XLkVzqqL34Q,video,0,0
proyeccion_videos,video::XVZM15KVXjM,video,0,0
proyeccion_videos,video::X_FAIef8qlE,video,0,0
proyeccion_videos,video::XktDG8dmcd0,video,0,0
proyeccion_videos,video::YJohmVLc9QA,video,0,0
proyeccion_videos,video::YLFXK2c60Xc,video,0,0
proyeccion_videos,video::YSsECnqTVik,video,0,0
proyeccion_videos,video::ZHJoIah2Owo,video,0,0
proyeccion_videos,video::ZNwStkzWgso,video,0,0
proyeccion_videos,video::ZPBiWdHXg20,video,0,0
proyeccion_videos,video::ZS74P3DnykA,video,0,0
proyeccion_videos,video::Z_pWnOi7oRw,video,0,0
proyeccion_videos,video::ZhrDgVZkhg4,video,0,0
proyeccion_videos,video::_1VIxOLyaUQ,video,0,0
proyeccion_videos,video::_3kK0or6QI0,video,0,0
proyeccion_videos,video::_Lcbi4NCHRA,video,0,0
proyeccion_videos,video::_NSq2q0mzCY,video,0,0
proyeccion_videos,video::_cUZT7LMKE0,video,0,0
proyeccion_videos,video::a2zgl-1KZwY,video,0,0
proyeccion_videos,video::a3QGSpNx9Mg,video,0,0
proyeccion_videos,video::a6QFfhpY53g,video,0,0
proyeccion_videos,video::aRKgOSxgsF0,video,0,0
proyeccion_videos,video::aSbvMYJhmCc,video,0,0
proyeccion_videos,video::a_kAe9IhBbo,video,0,0
proyeccion_videos,video::ahicr7fQREY,video,0,0
proyeccion_videos,video::almmnboHkwM,video,0,0
proyeccion_videos,video::anFbrgqxdzY,video,0,0
proyeccion_videos,video::aoz2j4TTl4E,video,0,0
proyeccion_videos,video::bBz8nX4pMxc,video,0,0
proyeccion_videos,video::bMoENbSBSNs,video,0,0
proyeccion_videos,video::b_Hkrkl3adA,video,1,1
proyeccion_videos,video::bg1KCMaIrRM,video,0,0
proyeccion_videos,video::bzosgvntOXU,video,0,0
proyeccion_videos,video::cl3Rpw9MstQ,video,0,0
proyeccion_videos,video::cpoiRUtF9uU,video,0,0
proyeccion_videos,video::csqia7f3OIE,video,0,0
proyeccion_videos,video::d-V_Aw1t6nI,video,0,0
proyeccion_videos,video::dJcNu9YYwh4,video,0,0
proyeccion_videos,video::dLctzx8qCgA,video,0,0
proyeccion_videos,video::dWhSTyhegeQ,video,0,0
proyeccion_videos,video::dccwBXfxxiI,video,0,0
proyeccion_videos,video::dsyLiSCrwcU,video,0,0
proyeccion_videos,video::dvy9rQpqLWY,video,0,0
proyeccion_videos,video::dya9nbxqWXE,video,0,0
proyeccion_videos,video::ebbgBtNrRz8,video,0,0
proyeccion_videos,video::ewdf3q1tuCA,video,0,0
proyeccion_videos,video::fBljA_npiMs,video,0,0
proyeccion_videos,video::fenMcON-DjY,video,0,0
proyeccion_videos,video::ffguGnMImL0,video,0,0
proyeccion_videos,video::g0aCNpZaAZ8,video,0,0
proyeccion_videos,video::gF42rhVhP8w,video,0,0
proyeccion_videos,video::gbcggAMJczg,video,0,0
proyeccion_videos,video::go4jAhCJS0w,video,0,0
proyeccion_videos,video::hGOvuWe8P3Q,video,0,0
proyeccion_videos,video::hy0mwEHr6V0,video,0,0
proyeccion_videos,video::iBX5DMQSf3s,video,0,0
proyeccion_videos,video::iCbGedZRRE8,video,0,0
proyeccion_videos,video::iEmScdnYQdg,video,0,0
proyeccion_videos,video::iWYddxEszoM,video,0,0
proyeccion_videos,video::iacCQ4VyWWc,video,0,0
proyeccion_videos,video::ifJFNGT4azU,video,0,0
proyeccion_videos,video::is3Mk5oC19g,video,1,1
proyeccion_videos,video::j4akBH678fw,video,0,0
proyeccion_videos,video::jQGvhMPMuAI,video,0,0
proyeccion_videos,video::jSw-nFh94qQ,video,0,0
proyeccion_videos,video::kaZgtwqwLrI,video,0,0
proyeccion_videos,video::kjwvEESqSHA,video,0,0
proyeccion_videos,video::l-mH80ygqFY,video,0,0
proyeccion_videos,video::lAsODhYGcTE,video,0,0
proyeccion_videos,video::lNuxq8OKCpc,video,0,0
proyeccion_videos,video::lYyGqHAL5nM,video,0,0
proyeccion_videos,video::lj983NWyAQY,video,0,0
proyeccion_videos,video::lkdwGwrJKeM,video,0,0
proyeccion_videos,video::mCoOL2p0il4,video,0,0
proyeccion_videos,video::mPtR2HskBTE,video,0,0
proyeccion_videos,video::mQH6bhmp_LY,video,0,0
proyeccion_videos,video::n31eyGuRKqo,video,0,0
proyeccion_videos,video::n4xHxJPNr78,video,0,0
proyeccion_videos,video::nKJhNH86HGE,video,0,0
proyeccion_videos,video::nPbC8-Ebat4,video,0,0
proyeccion_videos,video::ncOU7iZR5jY,video,0,0
proyeccion_videos,video::nhhXiHI4rrw,video,0,0
proyeccion_videos,video::nv6wMdQ997Q,video,0,0
proyeccion_videos,video::pNInRBsPbHE,video,0,0
proyeccion_videos,video::qFsSnnRdJBg,video,0,0
proyeccion_videos,video::qrdEegnTnaY,video,0,0
proyeccion_videos,video::rNpBtQXUMbE,video,0,0
proyeccion_videos,video::rQEb4el3Lok,video,0,0
proyeccion_videos,video::rSQKmOX1Tfc,video,0,0
proyeccion_videos,video::rjFut_yJcr8,video,0,0
proyeccion_videos,video::s0eco-BofOs,video,0,0
proyeccion_videos,video::sAPrXzrdstM,video,0,0
proyeccion_videos,video::soZMwC0Cj18,video,0,0
proyeccion_videos,video::tEfZlrP4L5I,video,0,0
proyeccion_videos,video::tK__qZZ-H5w,video,0,0
proyeccion_videos,video::tXLhWHWGaao,video,0,0
proyeccion_videos,video::tb6LaOWGAIo,video,0,0
proyeccion_videos,video::tcAQGuuo_Uc,video,0,0
proyeccion_videos,video::tg2QuZFdn4c,video,0,0
proyeccion_videos,video::tmvTbeQNCTI,video,0,0
proyeccion_videos,video::tqcZFVSXARQ,video,0,0
proyeccion_videos,video::vA6p51f14J4,video,0,0
proyeccion_videos,video::vCtk_0NzB3s,video,0,0
proyeccion_videos,video::vDVXM8ODuzM,video,0,0
proyeccion_videos,video::vNUiF-stTdo,video,0,0
proyeccion_videos,video::vp9MPfDG6AE,video,0,0
proyeccion_videos,video::vqcF9RFMOLQ,video,0,0
proyeccion_videos,video::w57G_5jsqtU,video,0,0
proyeccion_videos,video::wS6yC3yOAeA,video,0,0
proyeccion_videos,video::wVncmfsugww,video,0,0
proyeccion_videos,video::wYZPaJdVuhE,video,0,0
proyeccion_videos,video::wm1f52Mvzag,video,0,0
proyeccion_videos,video::wpYwX-bGoz0,video,0,0
proyeccion_videos,video::x9TPnjUeuoo,video,0,0
proyeccion_videos,video::xEcC_aMDhAk,video,0,0
proyeccion_videos,video::xQgP0n8hVSI,video,0,0
proyeccion_videos,video::x_CB0ZRLQTA,video,0,0
proyeccion_videos,video::y8XMbMxMF8E,video,0,0
proyeccion_videos,video::yCmBtmOm6nw,video,0,0
proyeccion_videos,video::zfJlUXRSaCU,video,0,0
proyeccion_videos,video::zweosulrwA8,video,0,0
proyeccion_videos,video::zyA0BpEYcQU,video,0,0
