node,node_id,node_type,bipartite,label,channel_id,channel_name,category,view_count,comments_total,author_handle,videos_count
video::-5puKGEqcUc,-5puKGEqcUc,video,1,INSIVUMEH pronostica incremento de lluvias para el fin de semana en Guatemala,UCq0Cm-3SKthEySQc2JZBi1A,T13 Noticias Guatemala,News & Politics,2357.0,0,,
video::-E7OPOLjMug,-E7OPOLjMug,video,1,BERNARDO ARÉVALO CALIFICA CAMBIO EN EL MP COMO EL FIN DE UNA ETAPA DE DETERIORO INSTITUCIONAL,UCgItjn_ZWFWcv1MlpKIkqgQ,IDocumenta,People & Blogs,4.0,0,,
video::-KDglrIzRKo,-KDglrIzRKo,video,1,¡HISTÓRICO! Mexico recupera petróleo robado por Guatemala... 🔔,UC-DpoeBbCMOMOH1-j71KPqA,México Poder,People & Blogs,29736.0,0,,
video::-O4Pa7qS9WQ,-O4Pa7qS9WQ,video,1,"Viaje completo Ciudad de Guatemala al IRTRA de Retalhuleu, menos tráfico, Diesel a Q42.59",UCSQM9AVr3rr7_GF8RH5KFGw,Guate Maya Trip,Nonprofits & Activism,383.0,0,,
video::06mFNPU0aB8,06mFNPU0aB8,video,1,Capturan a presuntos delincuentes disfrazados de mujer señalados de cometer asalto,UCVpSRoZgngfSL03Nlbjtq9A,Noti7,News & Politics,6692.0,14,,
video::0LTLUY7LBlA,0LTLUY7LBlA,video,1,"Qué debes saber ANTES de viajar a GUATEMALA | Dónde cambiar DINERO, adquirir INTERNET y TRANSPORTE",UCfMjuFkpFo_QAWtvQqR2EHQ,De viaje con Migue,Travel & Events,6099.0,0,,
video::0a4_g1R1-aA,0a4_g1R1-aA,video,1,Acciones relevantes en el #Resumen24Horas,UCHsYnV67K3J0yJ4QeciVCww,PNCdeGuatemala,Science & Technology,15455.0,0,,
video::0b2vfzXdCqs,0b2vfzXdCqs,video,1,Cadena Nacional del presidente Bernardo Arévalo,UC-ZtFBHzgkYFh7whZkuR_Ag,Gobierno de la República de Guatemala,Entertainment,2725.0,0,,
video::0eiVPMexNOo,0eiVPMexNOo,video,1,CONRED se pronuncia tras sismos en el territorio nacional,UCt5Dw7ePnn0AqPqRF8Xpjkw,TN23 Guatemala,News & Politics,1875.0,0,,
video::0iQD8zHxZIg,0iQD8zHxZIg,video,1,SE FILTRO un AUDIO de PANDILLEROS en Guatemala | DISPUTA POLITICA  Guatemala en medio de EMERGENCIA,UCoVACVT8WitFTc_Ok5yhYlg,Tras la Verdad SV,News & Politics,36701.0,0,,
video::1-hr8eCOt_I,1-hr8eCOt_I,video,1,Este es el impacto ante el incremento del tráfico en la capital por el inicio de clases,UCwkVsH8aIOco3U_Fu7-UW5w,AztecaGuate,Entertainment,289.0,0,,
video::1HQLJycvzaQ,1HQLJycvzaQ,video,1,Conferencia de Prensa del Gobierno de Guatemala. #LaRondaGt,UC-ZtFBHzgkYFh7whZkuR_Ag,Gobierno de la República de Guatemala,Entertainment,1175.0,0,,
video::1kSG-naIgqk,1kSG-naIgqk,video,1,PRIMERA SEDE MIGRATORIA REGIONAL EN CHIQUIMULA,UCWYeiFUCO0SW6BxZ8aPxVTw,Vicepresidencia Guate,Entertainment,48.0,0,,
video::1w9faaYjhyU,1w9faaYjhyU,video,1,Fundación de la República de Guatemala 21 marzo 1847,UCdHETJl6cR5dye5XxEyqycQ,El profe de Historia Gt,People & Blogs,31697.0,0,,
video::1y61Kb9uSbg,1y61Kb9uSbg,video,1,Departamento de Tránsito de PNC certifica a 43 PMT en Educación Vial,UC8u2nvyHewt-mjdWSj0HJmQ,Ministerio de Gobernación,News & Politics,471.0,0,,
video::1yHN9Ci7pXs,1yHN9Ci7pXs,video,1,Municipalidad de Guatemala informa,UCXa6LVjBzUtmcM3cwbd9e2w,Municipalidad de Guatemala,People & Blogs,1617.0,0,,
video::2iqOSL9YguA,2iqOSL9YguA,video,1,Gabriel García Luna ya está en el MP para asumir como nuevo fiscal general,UCDaIW3kDab95q7iCSeVAnbQ,Guatevisión,Entertainment,5181.0,0,,
video::2n31FhKmELI,2n31FhKmELI,video,1,TRÁFICO EN GUATEMALA,UC96TdbkzdlngA9hT1XNzJkw,Fralis Maxiel Martinez,People & Blogs,512.0,0,,
video::2p23yPpu6aQ,2p23yPpu6aQ,video,1,#Conred,UC7PbHMtfWgBFZ_SSZ8iRhQg,Noticias-FA-Gt,People & Blogs,164.0,0,,
video::3-jKER3zqcA,3-jKER3zqcA,video,1,VECINO VRS AGENTES DE LA PMT EN MAZATENANGO,UC-YGRGi0FeIA5441bGlHOPw,audioschileros,People & Blogs,70811.0,0,,
video::3LAwISMokIg,3LAwISMokIg,video,1,MUNICIPALIDAD DE GUATEMALA 17/12/2025,UCW_PHqwqCCalvQGOEsVU0jw,Concejales de Oposición - Muni Guate,People & Blogs,294.0,0,,
video::3Nfp9h5avBI,3Nfp9h5avBI,video,1,"Noticiero en Directo 1 pm, 28 de Agosto de 2026",UCdSVqHGHzyMTXSafUHY-e-w,Noticiero Guatevisión 13 Hrs.,News & Politics,573.0,2,,
video::3P2OUk7aGmc,3P2OUk7aGmc,video,1,Presidente presenta Segundo Informe Presidencial en Sesión Solemne del Congreso de la República.,UC-ZtFBHzgkYFh7whZkuR_Ag,Gobierno de la República de Guatemala,Entertainment,2838.0,0,,
video::3S3KygWSjAQ,3S3KygWSjAQ,video,1,Himno de la Policía Nacional Civil de Guatemala,UCHsYnV67K3J0yJ4QeciVCww,PNCdeGuatemala,News & Politics,53021.0,0,,
video::3bU7I_ZpXUk,3bU7I_ZpXUk,video,1,Congreso inicia proceso para nombrar a nuevo Fiscal General en Guatemala y suceder a Consuelo Porras,UCEepOY2svuxbsJ-zsAPT9Fg,PrensaLibreOficial,News & Politics,7465.0,0,,
video::3onMfRym3OU,3onMfRym3OU,video,1,PRIMER PUENTE DONDE ARRIBA VA EL TRÁFICO Y ABAJO UN TREN EN GUATEMALA Y AMÉRICA LATINA.,UCH1AYkCs1GpNK_xUwFYTsaQ,Cronos Time GT,Education,4484.0,0,,
video::45xQLtMlPdo,45xQLtMlPdo,video,1,"PRESIDENTE DE GUATEMALA, BERNARDO ARÉVALO SE REFIERE AL “DÍA INTERNACIONAL DE LA LIBERTAD DE PRENSA”",UCgItjn_ZWFWcv1MlpKIkqgQ,IDocumenta,People & Blogs,8.0,0,,
video::4DD1nlxWk2s,4DD1nlxWk2s,video,1,Fuertes LLUVIAS en el JABALI; a si luce una Tarde de Tormenta 😱,UCKu8ZkS9vriCetFagAGIMXA,VIVA GUATEMALA,Entertainment,27111.0,0,,
video::4FUed7cIhPU,4FUed7cIhPU,video,1,El Sistema CONRED y el Gobierno de Guatemala trabajan unidos para atender emergencias.,UC6SA1dVHvAkc6yNS_t5cbGw,Conred,Education,47.0,0,,
video::4H6w9FQAcS8,4H6w9FQAcS8,video,1,"Avances en temas de economía, precios de los combustibles y otros temas de interés nacional.",UC-ZtFBHzgkYFh7whZkuR_Ag,Gobierno de la República de Guatemala,Entertainment,1489.0,0,,
video::5DRG-WGTq1k,5DRG-WGTq1k,video,1,El Sistema CONRED continúa activo y trabajando de manera coordinada #VolcánDeFuego.,UC6SA1dVHvAkc6yNS_t5cbGw,Conred,Education,68.0,0,,
video::5MFnG5B7ric,5MFnG5B7ric,video,1,Municipalidad de Guatemala   09/07/2025,UCW_PHqwqCCalvQGOEsVU0jw,Concejales de Oposición - Muni Guate,People & Blogs,107.0,0,,
video::5OhxjDvuYbQ,5OhxjDvuYbQ,video,1,"Operativos PMT ""Cero Tolerancia"" para fin de año",UCXa6LVjBzUtmcM3cwbd9e2w,Municipalidad de Guatemala,News & Politics,494.0,0,,
video::5UNxNfcSzG4,5UNxNfcSzG4,video,1,Distinción del Cambio de la Rosa de la Paz a Pedro Castro López del INACOP,UC-ZtFBHzgkYFh7whZkuR_Ag,Gobierno de la República de Guatemala,Entertainment,741.0,0,,
video::5Y7fntl6Rc8,5Y7fntl6Rc8,video,1,Cómo llegar a TIKAL desde Ciudad de GUATEMALA en autobús o en Avión | transporte a PETÉN,UCfMjuFkpFo_QAWtvQqR2EHQ,De viaje con Migue,Travel & Events,11061.0,0,,
video::5nw9G1vwnYY,5nw9G1vwnYY,video,1,Actriz guatemalteca caracteriza a Consuelo Porras frente al MP por salida del cargo,UCEepOY2svuxbsJ-zsAPT9Fg,PrensaLibreOficial,News & Politics,40327.0,0,,
video::677N9cx_kKE,677N9cx_kKE,video,1,Carlos Pineda Seguridad I - Guatemala tiene solución | Ep. 2,UCInL6HZez6Qn8IHV8Achhxw,Carlos Pineda,People & Blogs,8568.0,0,,
video::6KlI_geqPOI,6KlI_geqPOI,video,1,Conferencia de Prensa del Gobierno de Guatemala. #LaRondaGt.,UC-ZtFBHzgkYFh7whZkuR_Ag,Gobierno de la República de Guatemala,Entertainment,2301.0,0,,
video::6W4u8sGEnGM,6W4u8sGEnGM,video,1,Inician los trabajos de recuperación del Puente Belice II.,UC-ZtFBHzgkYFh7whZkuR_Ag,Gobierno de la República de Guatemala,Entertainment,11670.0,45,,
video::6Wf0ItQUaDU,6Wf0ItQUaDU,video,1,“Queremos generar 60 mil empleos”: Victorino Carranza revela el plan y las pérdidas de la Gremipe,UCoXuxT5_LclvcoCeFoS_iUw,Campus TV,News & Politics,2.0,0,,
video::6y3KQmmg3Oc,6y3KQmmg3Oc,video,1,Noticiero El Informativo. Nuestra semana de resultados.,UC-ZtFBHzgkYFh7whZkuR_Ag,Gobierno de la República de Guatemala,Entertainment,303.0,0,,
video::6z2Psav9Onw,6z2Psav9Onw,video,1,Conferencia de Prensa del Gobierno de Guatemala. #LaRondaGt,UC-ZtFBHzgkYFh7whZkuR_Ag,Gobierno de la República de Guatemala,Entertainment,848.0,0,,
video::74F3Mn_NWoE,74F3Mn_NWoE,video,1,"Acto de Graduación de los Cursos de Formación, Ascenso y Especialización Policial de la PNC.",UC-ZtFBHzgkYFh7whZkuR_Ag,Gobierno de la República de Guatemala,Entertainment,1197.0,0,,
video::7JerBdHtkWA,7JerBdHtkWA,video,1,Cambio de horarios en Municipalidad de Guatemala,UCJcN367ge_Yo1p7b20_KSaA,Canal 3 Guatemala,News & Politics,215.0,0,,
video::7hfUg8Z-W2o,7hfUg8Z-W2o,video,1,Conferencia de Prensa del Gobierno de Guatemala. #LaRondaGt.,UC-ZtFBHzgkYFh7whZkuR_Ag,Gobierno de la República de Guatemala,Entertainment,2449.0,0,,
video::7kuHyjwuE_o,7kuHyjwuE_o,video,1,Centro Municipal de Emprendimiento - Municipalidad de Guatemala,UCBn6Y-Y3kCAQqYXHaMIjEVw,Centro Municipal de Emprendimiento MuniGuate,Entertainment,528.0,0,,
video::7mdtGeIHQnE,7mdtGeIHQnE,video,1,"#LHEnContexto: Gestión de riesgos en GUATEMALA: Lo que debes saber, explicado por la CONRED",UCrAoF9-9Vvb9_zK0t-m2Rhg,La Hora,News & Politics,570.0,0,,
video::8CuQ2_HTaN0,8CuQ2_HTaN0,video,1,Conferencia de Prensa del Gobierno de Guatemala.,UC-ZtFBHzgkYFh7whZkuR_Ag,Gobierno de la República de Guatemala,Entertainment,735.0,0,,
video::8n6momRcC04,8n6momRcC04,video,1,Mantenimiento constante,UCXa6LVjBzUtmcM3cwbd9e2w,Municipalidad de Guatemala,News & Politics,91.0,0,,
video::90oVm0P4_9Q,90oVm0P4_9Q,video,1,"El MINGOB a través del Viceministerio de Seguridad, combate  el crimen organizado.",UC8u2nvyHewt-mjdWSj0HJmQ,Ministerio de Gobernación,News & Politics,5.0,0,,
video::9BIrwWQUdb8,9BIrwWQUdb8,video,1,"Capturan a ""guardián"" de parqueo utilizado por la mara Salvatrucha e incautan 5 vehículos robados.",UCHsYnV67K3J0yJ4QeciVCww,PNCdeGuatemala,Science & Technology,23972.0,0,,
video::9Jacxvi9umU,9Jacxvi9umU,video,1,Los responsables de bloquear información en Guatecompras,UCDvpZGLyno6g-bi-wwYq4wQ,Somos El Combo,Entertainment,7340.0,0,,
video::9XFVeHiWDTo,9XFVeHiWDTo,video,1,En #LaRondaGT conoce las acciones que impulsamos para modernizar los puertos y aeropuertos del país.,UC-ZtFBHzgkYFh7whZkuR_Ag,Gobierno de la República de Guatemala,Entertainment,1516.0,0,,
video::9h7d1iDFaqo,9h7d1iDFaqo,video,1,Vuelve el tráfico lento en la ciudad capital,UCEepOY2svuxbsJ-zsAPT9Fg,PrensaLibreOficial,News & Politics,11396.0,0,,
video::9wHujSu-nbQ,9wHujSu-nbQ,video,1,Quorum,UCE4rsXcgDb6e1-a9iTbWzfg,Quorum,News & Politics,459.0,0,,
video::AHzfpOL5sgw,AHzfpOL5sgw,video,1,Sistema de gobierno de Guatemala 🇬🇹,UCwlb2TaG9ywiD6uhHWTy-qg,SUM Estudios Jurídicos.,Education,2895.0,0,,
video::Aa7hIDCRh3g,Aa7hIDCRh3g,video,1,Este BUS me LLEVO a UN PARAISO EN GUATEMALA,UCDfEVbDrimcKw5lfbps915g,De todo Gt,People & Blogs,504374.0,0,,
video::AakUTlieyH0,AakUTlieyH0,video,1,Crisis de seguridad en Guatemala,UC-GLagjBhWAZ3IOWFgzqIAw,Canal Antigua,News & Politics,733.0,0,,
video::Ab0RrbzxyBU,Ab0RrbzxyBU,video,1,Municipalidad de Guatemala 17/11/2025,UCW_PHqwqCCalvQGOEsVU0jw,Concejales de Oposición - Muni Guate,People & Blogs,117.0,0,,
video::AlbPEU3rbZs,AlbPEU3rbZs,video,1,Conferencia de Prensa del Gobierno de Guatemala. #LaRondaGt,UC-ZtFBHzgkYFh7whZkuR_Ag,Gobierno de la República de Guatemala,Entertainment,870.0,0,,
video::ArljwpsURdY,ArljwpsURdY,video,1,"Entrevista especial con Claudinne Ogaldes, Secretaria Ejecutiva de la SE-CONRED",UC6SA1dVHvAkc6yNS_t5cbGw,Conred,Education,416.0,0,,
video::B60bWqpVUIE,B60bWqpVUIE,video,1,Así es el transporte público en Ciudad de Guatemala,UCBedZZFhxFcMudI8oM5joSQ,PaulinoG,Travel & Events,96794.0,0,,
video::BLc_KXPng9g,BLc_KXPng9g,video,1,Conferencia de Prensa del Gobierno de Guatemala. #LaRondaGT,UC-ZtFBHzgkYFh7whZkuR_Ag,Gobierno de la República de Guatemala,Entertainment,720.0,0,,
video::BUNeDEi0yVU,BUNeDEi0yVU,video,1,CIV LICITACIÓN 800 KM 110717,UCAutgrPkiLhZxTB-Ujje1fw,CIV -Ministerio de Comunicaciones,People & Blogs,26.0,0,,
video::BW41jT3t3oI,BW41jT3t3oI,video,1,Provial,UCuKuUrmHoNaJJHE27Aac9PQ,PROVIAL-CIV,People & Blogs,79.0,0,,
video::BbAeamItalk,BbAeamItalk,video,1,ZARAGOZA DA UN PASO HACIA EL FORTALECIMIENTO DEL DEPORTE CON NUEVA CIUDAD DEPORTIVA,UCgItjn_ZWFWcv1MlpKIkqgQ,IDocumenta,News & Politics,7.0,0,,
video::Bdn2nxDqQ90,Bdn2nxDqQ90,video,1,Video Viral de PMT / GUATEMALA,UC6XLvudi9BWjAzCR-6KAHiw,carlos del cid,Film & Animation,2482.0,0,,
video::Bi34XvRV6AM,Bi34XvRV6AM,video,1,Plan de Evacuación CONRED,UCyGWWWpmAP5AReA_o8bhaRg,MESCOGT,People & Blogs,58.0,0,,
video::BnZFUzpEDe4,BnZFUzpEDe4,video,1,Municipalidad de Guatemala se moderniza,UCXa6LVjBzUtmcM3cwbd9e2w,Municipalidad de Guatemala,People & Blogs,642.0,0,,
video::Boj5GILjbI0,Boj5GILjbI0,video,1,"Spot Rendición de Cuentas, segundo cuatrimestre 2023 - 2",UCAutgrPkiLhZxTB-Ujje1fw,CIV -Ministerio de Comunicaciones,People & Blogs,26.0,0,,
video::Bp4LtQT8Hk0,Bp4LtQT8Hk0,video,1,"Ciudad de Guatemala, el mejor lugar para vivir",UCXa6LVjBzUtmcM3cwbd9e2w,Municipalidad de Guatemala,Entertainment,4265.0,0,,
video::C5hJmAhpMMQ,C5hJmAhpMMQ,video,1,"YOUTUBE PUNTO DE ENFOQUE MARIO MEJÍA, SUBDIRECTOR DE INSIVUMEH",UClgawHgsbqN6Nuok7ds-Szw,INSIVUMEH,Science & Technology,79.0,0,,
video::C8wk4HWwWyM,C8wk4HWwWyM,video,1,Duro golpe al crimen organizado en Granja Penal de Pavón.,UC-ZtFBHzgkYFh7whZkuR_Ag,Gobierno de la República de Guatemala,Entertainment,2214.0,0,,
video::CDg6kLRfiqQ,CDg6kLRfiqQ,video,1,Acciones relevantes en el #Resumen24Horas,UCHsYnV67K3J0yJ4QeciVCww,PNCdeGuatemala,Science & Technology,11048.0,0,,
video::CJQ46Hr4HcU,CJQ46Hr4HcU,video,1,Municipalidad de Guatemala  19/12/2025,UCW_PHqwqCCalvQGOEsVU0jw,Concejales de Oposición - Muni Guate,People & Blogs,222.0,0,,
video::D3fRGjqHeHI,D3fRGjqHeHI,video,1,"Spot Rendición de Cuentas, segundo cuatrimestre 2023 - 1",UCAutgrPkiLhZxTB-Ujje1fw,CIV -Ministerio de Comunicaciones,People & Blogs,23.0,0,,
video::D4CEpAfkkPI,D4CEpAfkkPI,video,1,Policías arremeten contra agente de PMT en zona 10,UCEepOY2svuxbsJ-zsAPT9Fg,PrensaLibreOficial,News & Politics,79044.0,0,,
video::DBvMeKT4gzo,DBvMeKT4gzo,video,1,La Familia MÁS RICA de GUATEMALA… Ni la Guerra les Quitó el Trono y Hoy son DUEÑOS de tu CERVEZA,UCP1YKuLnn1WhzrkxCv1LILQ,Fortuna Latina,People & Blogs,58881.0,0,,
video::DC1_qrLUvHI,DC1_qrLUvHI,video,1,Municipalidad de Guatemala 26/08/2026,UCW_PHqwqCCalvQGOEsVU0jw,Concejales de Oposición - Muni Guate,People & Blogs,49.0,0,,
video::DMAKF8n0XJs,DMAKF8n0XJs,video,1,Guatemala TV • ID (2024-2026),UC7G_DpDtzHv0wbGJvvFCrNg,Mdpls²,Film & Animation,367.0,0,,
video::DX5eT-hVU8Q,DX5eT-hVU8Q,video,1,250 años Ciudad de Guatemala,UCXa6LVjBzUtmcM3cwbd9e2w,Municipalidad de Guatemala,News & Politics,491.0,0,,
video::DkxSkQipYwo,DkxSkQipYwo,video,1,PRESIDENTE BERNARDO ARÉVALO PARTICIPA EN EL ACTO CONMEMORATIVO DEL DÍA DEL EJÉRCITO,UCgItjn_ZWFWcv1MlpKIkqgQ,IDocumenta,News & Politics,66.0,0,,
video::EGfy1BxGLIk,EGfy1BxGLIk,video,1,Colabore con las medidas de la PMT,UCXa6LVjBzUtmcM3cwbd9e2w,Municipalidad de Guatemala,Education,1437.0,0,,
video::ELhvo8YnYnI,ELhvo8YnYnI,video,1,Insivumeh prevé lluvias fuertes por dos ondas del este,UCt5Dw7ePnn0AqPqRF8Xpjkw,TN23 Guatemala,News & Politics,5182.0,0,,
video::EQDcEgFpXCk,EQDcEgFpXCk,video,1,Guatemala: Gobierno refuerza lucha contra las pandillas en medio de crisis de seguridad,UCUdOoVWuWmgo1wByzcsyKDQ,FRANCE 24 Español,News & Politics,5459.0,0,,
video::EZfm-05qtWo,EZfm-05qtWo,video,1,Municipalidad de Guatemala prepara plan de actividades en Semana Santa 2023,UCFu4dCls6GPdTvgIeE9wjOA,Cucurucho en Guatemala,People & Blogs,128.0,0,,
video::F72Rdq5crG4,F72Rdq5crG4,video,1,Cambios en el Ministerio de Comunicaciones: Salen Lizzette Benítez y Adrián Zapata Alamilla,UC-GLagjBhWAZ3IOWFgzqIAw,Canal Antigua,News & Politics,1441.0,0,,
video::FEc1BCuBiDg,FEc1BCuBiDg,video,1,¡Estamos con ustedes!,UCXa6LVjBzUtmcM3cwbd9e2w,Municipalidad de Guatemala,News & Politics,1562.0,0,,
video::FQP4JTo9ShA,FQP4JTo9ShA,video,1,Rafael Carrera y el nacimiento de Guatemala,UCvegRo82EipXUzAHQXZmr4A,MundoHistoria,Education,1420.0,0,,
video::FU5zLTb4inc,FU5zLTb4inc,video,1,#EnVivoDCA | Conferencia de prensa del Gobierno de Guatemala,UCaivrAhro2BpsJdrPe-IyRg,Diario de Centro América,News & Politics,549.0,0,,
video::Fapc1-8m5Zc,Fapc1-8m5Zc,video,1,Municipalidad de Guatemala 21/11/2025,UCW_PHqwqCCalvQGOEsVU0jw,Concejales de Oposición - Muni Guate,People & Blogs,282.0,0,,
video::Fb2Ccfq5S9w,Fb2Ccfq5S9w,video,1,Reo y su esposa fueron asesinados dentro del Preventivo de zona 18,UCt5Dw7ePnn0AqPqRF8Xpjkw,TN23 Guatemala,News & Politics,15431.0,0,,
video::FuTz67jS7m0,FuTz67jS7m0,video,1,124 nuevos brigadas refuerzan la seguridad vial en Guatemala,UCuKuUrmHoNaJJHE27Aac9PQ,PROVIAL-CIV,Education,45.0,0,,
video::G2u4Rbq7zU4,G2u4Rbq7zU4,video,1,Arévalo anuncia nueva cárcel de máxima seguridad en Guatemala,UCt5Dw7ePnn0AqPqRF8Xpjkw,TN23 Guatemala,News & Politics,6327.0,0,,
video::GgU7qhmf020,GgU7qhmf020,video,1,Sueños GT: educación para la niñez de vendedores ambulantes en Antigua | Super - Episodio 1,UCE4rsXcgDb6e1-a9iTbWzfg,Quorum,Nonprofits & Activism,167.0,0,,
video::GjGMSFSE1gY,GjGMSFSE1gY,video,1,"“Gracias a dios, no hay reelección” 🤡",UCE4rsXcgDb6e1-a9iTbWzfg,Quorum,News & Politics,130.0,0,,
video::HMJXf1VdM5E,HMJXf1VdM5E,video,1,Lluvia inusual de Martes Santo provoca inundaciones en zona 1 de Villa Nueva,UCEepOY2svuxbsJ-zsAPT9Fg,PrensaLibreOficial,News & Politics,1688.0,0,,
video::H_TGv_cMwww,H_TGv_cMwww,video,1,PMT: La fuerza laboral reguladora del tránsito más grande,UCXa6LVjBzUtmcM3cwbd9e2w,Municipalidad de Guatemala,News & Politics,2383.0,0,,
video::I277M6i4jnY,I277M6i4jnY,video,1,Gestión del Riesgo de Desastres desde las comunidades.,UC-ZtFBHzgkYFh7whZkuR_Ag,Gobierno de la República de Guatemala,Entertainment,242.0,0,,
video::IZLflL4Hgco,IZLflL4Hgco,video,1,El ciudadano Toriello da un paso al frente,UCGSQ821fpPy-yXL9mUmKbBg,TanGente Podcast,Entertainment,28013.0,0,,
video::IcF9rRdAtp8,IcF9rRdAtp8,video,1,Ministro de Comunicaciones Alejandro Sinibaldi realiza supervisión en la Ruta CA-1 Occidente,UCiQAWoQNcuKIAvCCFQC54UQ,Ministerio de Comunicaciones Infraestructura y Vivienda,People & Blogs,211.0,0,,
video::J6ctng-yAnI,J6ctng-yAnI,video,1,CIV PROVIAL GRADUACIÓN XV PROMOCIÓN BRIGADAS 140619,UCAutgrPkiLhZxTB-Ujje1fw,CIV -Ministerio de Comunicaciones,People & Blogs,2981.0,0,,
video::JErfmk-TlRg,JErfmk-TlRg,video,1,Rendición de Cuentas - Primer Cuatrimestre 2023,UCAutgrPkiLhZxTB-Ujje1fw,CIV -Ministerio de Comunicaciones,People & Blogs,32.0,0,,
video::J_HBzJUTOus,J_HBzJUTOus,video,1,Presentan estrategia nacional para prevenir violencia durante recorridos de antorchas,UC8u2nvyHewt-mjdWSj0HJmQ,Ministerio de Gobernación,News & Politics,17.0,0,,
video::JdxHJkQjM50,JdxHJkQjM50,video,1,🚡 ¿Cómo va avanzando #AeroMetroGT?,UCXa6LVjBzUtmcM3cwbd9e2w,Municipalidad de Guatemala,News & Politics,20901.0,0,,
video::JgmCtBQWNL8,JgmCtBQWNL8,video,1,Conferencia de Prensa del Gobierno de Guatemala. #LaRondaGt,UC-ZtFBHzgkYFh7whZkuR_Ag,Gobierno de la República de Guatemala,Entertainment,1165.0,0,,
video::JkpVO1hx2f8,JkpVO1hx2f8,video,1,10 Preguntas a un año del Paro Nacional,UCE4rsXcgDb6e1-a9iTbWzfg,Quorum,News & Politics,673.0,3,,
video::Jr1hJ92H_Nc,Jr1hJ92H_Nc,video,1,"#SinMáscaras | GUERRA SUCIA PERO SUCIA EN SERIO LLEGA A TV AZTECA CON AMPARO, CAMIN Y CASTAÑEDA",UCH4M_4Ed6SUidQthmZ60M2g,Manuel Pedrero,News & Politics,62941.0,0,,
video::K1IA6oTGws8,K1IA6oTGws8,video,1,#EnVivoDCA | Conferencia de prensa del Gobierno de Guatemala,UCaivrAhro2BpsJdrPe-IyRg,Diario de Centro América,News & Politics,530.0,0,,
video::K2qWcueeMOc,K2qWcueeMOc,video,1,#EnvivoDCA | Conferencia de prensa de Gobierno de Guatemala,UCaivrAhro2BpsJdrPe-IyRg,Diario de Centro América,News & Politics,802.0,0,,
video::K50uijsHnAM,K50uijsHnAM,video,1,Informe desde Ciudad de Guatemala: crisis de seguridad tras ataques contra la Policía,UCUdOoVWuWmgo1wByzcsyKDQ,FRANCE 24 Español,News & Politics,135249.0,0,,
video::KIO6wIJXYY0,KIO6wIJXYY0,video,1,"Se tiene que cambiar el sistema electoral en Guatemala, asegura exfiscal",UC_lEiu6917IJz03TnntWUaQ,CNN en Español,News & Politics,16830.0,0,,
video::KWCyMd4dxkY,KWCyMd4dxkY,video,1,Recorrido de los 21K BAM de la Municipalidad de Guatemala,UCXa6LVjBzUtmcM3cwbd9e2w,Municipalidad de Guatemala,News & Politics,13077.0,0,,
video::KkNQhX_kg8A,KkNQhX_kg8A,video,1,🇬🇹HISTORIA de GUATEMALA en 17 minutos🇬🇹 - El Mapa de Sebas,UCVbOEcs6RMxXXX3WWNtl_Fw,El Mapa de Sebas,Education,749356.0,0,,
video::LRzZy8xBrjA,LRzZy8xBrjA,video,1,Conferencia de prensa ante el incremento de los combustibles.,UC-ZtFBHzgkYFh7whZkuR_Ag,Gobierno de la República de Guatemala,Entertainment,670.0,0,,
video::LeN6wpNIB-4,LeN6wpNIB-4,video,1,GUATEMALA RECIBE 135 NICARAGUENESES LIBERADOS POR ORTEGA,UCgItjn_ZWFWcv1MlpKIkqgQ,IDocumenta,People & Blogs,28.0,0,,
video::LqY_vAsa4PY,LqY_vAsa4PY,video,1,“Guatemala: Una historia escrita con corrupción”,UCBQ9OCZNvmC--OH_e-qGGiA,PFNSE MEDIA,News & Politics,2291.0,0,,
video::MMECHN8SFNw,MMECHN8SFNw,video,1,"Noticiero en Directo 1 pm, 27 de Agosto de 2026",UCdSVqHGHzyMTXSafUHY-e-w,Noticiero Guatevisión 13 Hrs.,News & Politics,4838.0,0,,
video::MRJ9mKnXR9M,MRJ9mKnXR9M,video,1,Labor de la PMT es honesta aseguran vecinos,UCXa6LVjBzUtmcM3cwbd9e2w,Municipalidad de Guatemala,People & Blogs,1075.0,0,,
video::MdIa2Dtj77I,MdIa2Dtj77I,video,1,"Consejos para tu viaje a Guatemala: hospedaje, telefonía, transporte y más!   ✈️ 🇬🇹",UCZyaNecz9ugVReNcNfXXurA,Aventuras de una programadora,People & Blogs,134775.0,0,,
video::Mh94uXZvCLo,Mh94uXZvCLo,video,1,DE LOS BOTS AL RECHAZO: CERIMEDO Y LA “GUERRILLA DE LAS REDES” | CAPÍTULO 3 DE 8,UCBDxkiJk5id4TIOa1FotGUA,La  Coma,News & Politics,21.0,0,,
video::Mme4XikKnlc,Mme4XikKnlc,video,1,Municipalidad anuncia 111 nuevos autobuses y 17 rutas para mejorar el transporte en la capital,UCEepOY2svuxbsJ-zsAPT9Fg,PrensaLibreOficial,News & Politics,3146.0,0,,
video::N1QkRu38BFE,N1QkRu38BFE,video,1,¡YA CAYÓ ALITO MORENO! ALERTA LO DESTITUYEN DIPUTADOS VOTAN PARA SACARLO DEL SENADO! CLAUDIA INFORMA,UC2EbdGoJZwR_WvkmB0i4rMg,Alexis Burelo,News & Politics,15747.0,0,,
video::NCvoO61aIfw,NCvoO61aIfw,video,1,Ya casi! Así avanza el Aerómetro que cambiará el transporte en Guatemala,UCkXkEfAaEGxUaIT6TBBkwMw,One Life,Entertainment,26744.0,0,,
video::NcIcixCdQH4,NcIcixCdQH4,video,1,PNC garantiza seguridad a turistas que visitan el colcán de Agua,UCHsYnV67K3J0yJ4QeciVCww,PNCdeGuatemala,Science & Technology,7681.0,0,,
video::Nc_Iy0MriYw,Nc_Iy0MriYw,video,1,🛑🛑Actualización PROVIAL🛑🛑,UCuKuUrmHoNaJJHE27Aac9PQ,PROVIAL-CIV,News & Politics,179.0,0,,
video::NnKpTEfhWjI,NnKpTEfhWjI,video,1,✅ ASÍ es una EXHIBICION DE BUSES EN GUATEMALA,UCDfEVbDrimcKw5lfbps915g,De todo Gt,Travel & Events,424874.0,0,,
video::O6gI0ooBM3E,O6gI0ooBM3E,video,1,¿Cómo es el tráfico en Guatemala? 56 días perdidos cada año y una emergencia nacional,UC8mJT9xUcwgEM1vaMaruysw,República TV,News & Politics,16786.0,0,,
video::OXf_VvvyIDw,OXf_VvvyIDw,video,1,Municipalidad de Guatemala 31/08/2026,UCW_PHqwqCCalvQGOEsVU0jw,Concejales de Oposición - Muni Guate,People & Blogs,28.0,0,,
video::OgOICSTSa7k,OgOICSTSa7k,video,1,¡DÉJAME VIVIR! GUATEMALA INTENSIFICA LA LUCHA CONTRA LA CACERÍA ILEGAL DE FAUNA SILVESTRE,UCgItjn_ZWFWcv1MlpKIkqgQ,IDocumenta,News & Politics,6.0,0,,
video::OkXlHx0hx-8,OkXlHx0hx-8,video,1,EE.UU. envía a mexicanos deportados a Guatemala antes de su regreso a México | Noticias Telemundo,UCRwA1NUcUnwsly35ikGhp0A,Noticias Telemundo,News & Politics,14200.0,25,,
video::On7jqOm1bpg,On7jqOm1bpg,video,1,🌟Seguimos avanzando🌱,UCAutgrPkiLhZxTB-Ujje1fw,CIV -Ministerio de Comunicaciones,News & Politics,10.0,0,,
video::Oy6sKBhduu4,Oy6sKBhduu4,video,1,"Realizan Reunión Ordinaria de #CODEDE, 25 de febrero 2025.",UC_ONTY8RI6b-VqB-dhQ5qBQ,Camarita Castro GT,People & Blogs,84.0,0,,
video::Oztw_Hta52I,Oztw_Hta52I,video,1,TRAFICO EN GUATEMALA,UC6ZUGqkstVjgNPvxtb90d8A,CHAPINISIMO,Entertainment,2326.0,0,,
video::PMaSDoG0H1U,PMaSDoG0H1U,video,1,¿Adiós al tráfico? Así es la nueva carretera Radial 6 para Guatemala,UCMJ_FUWKr7PyXfvY55BdGZg,La Red 1061,News & Politics,60.0,0,,
video::Pg1qw0KJI4E,Pg1qw0KJI4E,video,1,"Surgen detalles de la masacre en Boca del Monte: madre de un bombero e influencer, entre víctimas",UCEepOY2svuxbsJ-zsAPT9Fg,PrensaLibreOficial,News & Politics,20503.0,0,,
video::PjmxCj-a9Hg,PjmxCj-a9Hg,video,1,Conferencia de Prensa del Gobierno de Guatemala. #LaRondaGt,UC-ZtFBHzgkYFh7whZkuR_Ag,Gobierno de la República de Guatemala,Entertainment,3628.0,25,,
video::Q-MNTYsZgk4,Q-MNTYsZgk4,video,1,¿Qué ha pasado con la contaminación del aire?,UCE4rsXcgDb6e1-a9iTbWzfg,Quorum,News & Politics,45.0,0,,
video::Q7j1OUxkn9w,Q7j1OUxkn9w,video,1,Dañan puerta del área de parqueo del Congreso,UCmoP9Lvc92Bsl4Vu90kv9GQ,InfoGT Noticias,People & Blogs,4725.0,0,,
video::Q7nhEeibBK4,Q7nhEeibBK4,video,1,Desfile navideño 2024  -   @MunicipalidaddeGuatemala-1551,UCbKjY2f2sGaghyrIeqjZvmg,ALIS MOLINA CREA,Entertainment,255.0,0,,
video::QUG4etpjgos,QUG4etpjgos,video,1,Guatemala Habla sobre la seguridad en el país,UCaivrAhro2BpsJdrPe-IyRg,Diario de Centro América,News & Politics,35.0,0,,
video::Qc_oHqe4Cjc,Qc_oHqe4Cjc,video,1,QUÉ GUARDAS EN LA CINTURA?  🔫🥕🥓🐷🤔@lilyvlogs6899 @ElJuanete1987 @Soychap1n @SimplementeFlori,UCzwR2o8LFAgAMfO0KIcFh0A,CANALES ROBOS Y MENTIRAS 💰🧐,People & Blogs,2166.0,0,,
video::R-fRv_WoZOE,R-fRv_WoZOE,video,1,Conferencia de Prensa del Gobierno de Guatemala. #LaRondaGT,UC-ZtFBHzgkYFh7whZkuR_Ag,Gobierno de la República de Guatemala,Entertainment,1284.0,0,,
video::RIpKKQh26cg,RIpKKQh26cg,video,1,Ejército de Guatemala descubre túnel para fuga masiva en penal de Pavón,UCt5Dw7ePnn0AqPqRF8Xpjkw,TN23 Guatemala,News & Politics,29782.0,0,,
video::RjG-y7Y2-k4,RjG-y7Y2-k4,video,1,#EnVivoDCA | Conferencia de prensa del Gobierno de Guatemala,UCaivrAhro2BpsJdrPe-IyRg,Diario de Centro América,News & Politics,239.0,0,,
video::Rk-3ks9mh3o,Rk-3ks9mh3o,video,1,CIV ✔️ garantiza transparencia 🔍 y rendición de cuentas📝,UCAutgrPkiLhZxTB-Ujje1fw,CIV -Ministerio de Comunicaciones,News & Politics,21.0,0,,
video::ShYWqmOpjFk,ShYWqmOpjFk,video,1,Ministro de Comunicaciones reitera sobre avances en ruta Palín-Escuintla,UCrAoF9-9Vvb9_zK0t-m2Rhg,La Hora,News & Politics,242.0,0,,
video::SryjaiL2B4Q,SryjaiL2B4Q,video,1,#EnVivoDCA | Conferencia de prensa del Gobierno de Guatemala,UCaivrAhro2BpsJdrPe-IyRg,Diario de Centro América,News & Politics,352.0,0,,
video::THY2YBne3QE,THY2YBne3QE,video,1,"Los ALUCINANTES autobuses de Guatemala | ""Burras""",UCECJDeK0MNapZbpaOzxrUPA,Luisito Comunica,Comedy,8190449.0,0,,
video::TSID63-IC3Y,TSID63-IC3Y,video,1,Operativo Relámpago de -PROVIAL - DGT - DIACO -  en 41 Calle Zona 8 de la ciudad Capital.,UCuKuUrmHoNaJJHE27Aac9PQ,PROVIAL-CIV,People & Blogs,332.0,0,,
video::TT4qJ5FXHYE,TT4qJ5FXHYE,video,1,"I’x K’at: el primer equipo guatemalteco de pelota maya, conformado únicamente por mujeres.",UCE4rsXcgDb6e1-a9iTbWzfg,Quorum,News & Politics,1075.0,4,,
video::TTijnAoFnzY,TTijnAoFnzY,video,1,Conred reprograma simulacro nacional para el 24 de febrero,UCq0Cm-3SKthEySQc2JZBi1A,T13 Noticias Guatemala,News & Politics,200.0,0,,
video::TXlMv6bt25w,TXlMv6bt25w,video,1,"Más de 42 mil afectados por lluvias en Guatemala; Conred reporta 1,046 emergencias",UCEepOY2svuxbsJ-zsAPT9Fg,PrensaLibreOficial,News & Politics,2294.0,0,,
video::TnZGNY1RsJE,TnZGNY1RsJE,video,1,Festival navideño 2025 @MunicipalidaddeGuatemala-1551,UCuc8l25EFE17DV8dD64d2AQ,HeX4EveR,People & Blogs,148.0,0,,
video::UDFS8gl80h8,UDFS8gl80h8,video,1,#AprendeConCONRED qué es el Sistema CONRED y quienes lo conforman.,UC6SA1dVHvAkc6yNS_t5cbGw,Conred,Education,521.0,0,,
video::UTf26hS1UJ8,UTf26hS1UJ8,video,1,🚦💙 PROVIAL: Proteger y Servir,UCuKuUrmHoNaJJHE27Aac9PQ,PROVIAL-CIV,Education,38.0,0,,
video::UcvHq8j-J38,UcvHq8j-J38,video,1,"Ministerio de Comunicaciones, Infraestructura y Vivienda y los Consejos de Desarrollo",UCJJ071vIw7Bu8lJmXfiVrKw,Ministerio de Finanzas Públicas Guatemala,News & Politics,222.0,0,,
video::UhL9y3KUl8E,UhL9y3KUl8E,video,1,SHAI WA: la vecina queer de Casa Presidencial,UCE4rsXcgDb6e1-a9iTbWzfg,Quorum,News & Politics,1755.0,1,,
video::UzeOcBM9cuU,UzeOcBM9cuU,video,1,Conred Podcast Episodio 04: Amenaza sísmica y volcánica en Guatemala,UC6SA1dVHvAkc6yNS_t5cbGw,Conred,Education,127.0,0,,
video::VfBrLONPnFM,VfBrLONPnFM,video,1,ME quité el MIEDO de viajar en los buses de GUATEMALA 🔥,UCDfEVbDrimcKw5lfbps915g,De todo Gt,People & Blogs,329489.0,0,,
video::VgcpKa1h_2Q,VgcpKa1h_2Q,video,1,CONQUISTA LA CIUDAD / 21K BAM de la Municipalidad de Guatemala,UC_nkMVSKgO9PeEaZ3LbPodg,21KMuniGuate,Sports,3110.0,0,,
video::VuIl4tjeKGQ,VuIl4tjeKGQ,video,1,La ciudad sigue modernizándose para ti y tu familia.,UCXa6LVjBzUtmcM3cwbd9e2w,Municipalidad de Guatemala,News & Politics,39168.0,0,,
video::W415t12o3DA,W415t12o3DA,video,1,Mujer con crisis nerviosa tras intento de asalto,UCt5Dw7ePnn0AqPqRF8Xpjkw,TN23 Guatemala,News & Politics,4737.0,0,,
video::WIUZtitfLRw,WIUZtitfLRw,video,1,Caminar en una ciudad hecha para carros,UCE4rsXcgDb6e1-a9iTbWzfg,Quorum,News & Politics,422.0,6,,
video::WQcgx8rs0Qo,WQcgx8rs0Qo,video,1,"PMT SE BURL4 DE UN MOTORISTA D1SC4PACIT4D0, DISCULPESE POR FAVOR VILLA NUEVA, GUATEMALA.",UCH1AYkCs1GpNK_xUwFYTsaQ,Cronos Time GT,Education,1861.0,0,,
video::WXA2Apo79jA,WXA2Apo79jA,video,1,Resumen de atención a Emergencias CIV,UCAutgrPkiLhZxTB-Ujje1fw,CIV -Ministerio de Comunicaciones,News & Politics,29.0,0,,
video::WXgGL9rZUHo,WXgGL9rZUHo,video,1,#EnvivoDCA | Conferencia de prensa del Gobierno de Guatemala,UCaivrAhro2BpsJdrPe-IyRg,Diario de Centro América,News & Politics,190.0,0,,
video::XLkVzqqL34Q,XLkVzqqL34Q,video,1,Nueva Mega Autopista Xochi en Guatemala 🇬🇹 ¿Vale la pena? (Te ahorra hasta 3 horas),UCkXkEfAaEGxUaIT6TBBkwMw,One Life,Entertainment,44510.0,0,,
video::XVZM15KVXjM,XVZM15KVXjM,video,1,Conoce sobre la actualización de la Norma para la Reducción de Desastres número 2 (NRD2).,UC6SA1dVHvAkc6yNS_t5cbGw,Conred,Education,267.0,0,,
video::X_FAIef8qlE,X_FAIef8qlE,video,1,Cruzando la ciudad a puro Transmetro,UCE4rsXcgDb6e1-a9iTbWzfg,Quorum,News & Politics,1140.0,1,,
video::XktDG8dmcd0,XktDG8dmcd0,video,1,Torrenciales lluvias dejan decenas de muertos y miles de evacuados,UCT4Jg8h03dD0iN3Pb5L0PMA,DW Español,News & Politics,5171.0,0,,
video::YJohmVLc9QA,YJohmVLc9QA,video,1,How to Get Around Guatemala: Complete Transportation Guide (2026),UCCM52vmXEcGzRlYyjP47PPg,Chris & Grace,Travel & Events,3897.0,0,,
video::YLFXK2c60Xc,YLFXK2c60Xc,video,1,Por estas razones el 65% de las denuncias por violación en Guatemala nunca llega a un tribunal,UCE4rsXcgDb6e1-a9iTbWzfg,Quorum,News & Politics,200.0,0,,
video::YSsECnqTVik,YSsECnqTVik,video,1,Suscriben convenios para transferencia de fondos a CAIMUS y entidades especializadas,UC8u2nvyHewt-mjdWSj0HJmQ,Ministerio de Gobernación,News & Politics,15.0,0,,
video::ZHJoIah2Owo,ZHJoIah2Owo,video,1,Conoce como funciona el Sistema Conred  #laprevenciónestareadetodos,UC6SA1dVHvAkc6yNS_t5cbGw,Conred,Education,182.0,0,,
video::ZNwStkzWgso,ZNwStkzWgso,video,1,Elección judicial en Guatemala: Astrid Lemus y Luis Bermejo electos para corte de constitucionalidad,UC_lEiu6917IJz03TnntWUaQ,CNN en Español,News & Politics,24636.0,0,,
video::ZPBiWdHXg20,ZPBiWdHXg20,video,1,Piloto de tráiler accidentado en ruta al Atlántico era un menor y murió en el lugar,UCEepOY2svuxbsJ-zsAPT9Fg,PrensaLibreOficial,News & Politics,233632.0,0,,
video::ZS74P3DnykA,ZS74P3DnykA,video,1,"Policía Nacional Civil gradúa 3,978 nuevos agentes",UCHsYnV67K3J0yJ4QeciVCww,PNCdeGuatemala,News & Politics,115270.0,0,,
video::Z_pWnOi7oRw,Z_pWnOi7oRw,video,1,#EnVivoDCA | Conferencia de prensa del Gobierno de Guatemala,UCaivrAhro2BpsJdrPe-IyRg,Diario de Centro América,News & Politics,1329.0,0,,
video::ZhrDgVZkhg4,ZhrDgVZkhg4,video,1,FORMACION BRIGADA DE PROVIAL,UCnbd_gs8-e1CQ6izIYtnSig,PROVIAL GUATEMALA,People & Blogs,4419.0,0,,
video::_1VIxOLyaUQ,_1VIxOLyaUQ,video,1,Sonido de trafico y ciudad 💤 ruido de calle para dormir bebés y relajarse,UCKZ0c9xQAIokTOf4iPJd5jw,Ambient Sound Explorer,Entertainment,330057.0,0,,
video::_3kK0or6QI0,_3kK0or6QI0,video,1,PROVIAL guatemala,UCdd624oESXuVlcGtrzMWEBQ,heto009,News & Politics,2054.0,0,,
video::_Lcbi4NCHRA,_Lcbi4NCHRA,video,1,Tercer Informe General de la República,UCh4GjKBcqxOsL_Bt8gCCSLg,Gobierno de Guatemala,News & Politics,305269.0,0,,
video::_NSq2q0mzCY,_NSq2q0mzCY,video,1,42K y 21K MuniGuate 🏃🏻🏃🏻‍♀️,UCXa6LVjBzUtmcM3cwbd9e2w,Municipalidad de Guatemala,News & Politics,47.0,0,,
video::_cUZT7LMKE0,_cUZT7LMKE0,video,1,Conferencia de Prensa del Gobierno de Guatemala. #LaRondaGt,UC-ZtFBHzgkYFh7whZkuR_Ag,Gobierno de la República de Guatemala,Entertainment,2708.0,0,,
video::a2zgl-1KZwY,a2zgl-1KZwY,video,1,#CadenaNacional | Mensaje del Presidente Bernardo Arévalo a la nación,UC-ZtFBHzgkYFh7whZkuR_Ag,Gobierno de la República de Guatemala,Entertainment,2334.0,0,,
video::a3QGSpNx9Mg,a3QGSpNx9Mg,video,1,Guatemala ya no aguanta el tráfico… ¿Funcionará el Aerómetro?,UCHBzKtCUFwHuKFGD3bEHexQ,Entre Caminos,Travel & Events,8098.0,0,,
video::a6QFfhpY53g,a6QFfhpY53g,video,1,Provial Informa,UCuKuUrmHoNaJJHE27Aac9PQ,PROVIAL-CIV,People & Blogs,49.0,0,,
video::aRKgOSxgsF0,aRKgOSxgsF0,video,1,@GobiernodeGuatemala,UCX2epzWFbtqhO1Tn2au9NXQ,luis arturo ceberg ulban,People & Blogs,2.0,0,,
video::aSbvMYJhmCc,aSbvMYJhmCc,video,1,Policía Nacional Civil,UC8u2nvyHewt-mjdWSj0HJmQ,Ministerio de Gobernación,News & Politics,4346.0,0,,
video::a_kAe9IhBbo,a_kAe9IhBbo,video,1,Tráiler impacta pasarela en Aguilar Batres y provoca cierre parcial hacia la capital,UCEepOY2svuxbsJ-zsAPT9Fg,PrensaLibreOficial,News & Politics,255.0,0,,
video::ahicr7fQREY,ahicr7fQREY,video,1,Conred Podcast Episodio 9: Servidores Cívicos construyendo una cultura de prevención,UC6SA1dVHvAkc6yNS_t5cbGw,Conred,Education,65.0,0,,
video::almmnboHkwM,almmnboHkwM,video,1,Se mueve Guate 🚌,UCXa6LVjBzUtmcM3cwbd9e2w,Municipalidad de Guatemala,News & Politics,297.0,0,,
video::anFbrgqxdzY,anFbrgqxdzY,video,1,Horas Antes del Big One | Dentro de Ciudad de Guatemala Exactamente Antes del Terremoto (1976),UC6Y7Hk0Otm2xeX1WoHOQp6Q,Nostalgia Latina,People & Blogs,222656.0,0,,
video::aoz2j4TTl4E,aoz2j4TTl4E,video,1,Rutas Alternas a partir del lunes 03 de agosto por avances de #AeroMetroGT,UCXa6LVjBzUtmcM3cwbd9e2w,Municipalidad de Guatemala,News & Politics,8905.0,0,,
video::bBz8nX4pMxc,bBz8nX4pMxc,video,1,Conred e Insivumeh informan sobre sismos en Guatemala este 31 de julio,UCDaIW3kDab95q7iCSeVAnbQ,Guatevisión,Entertainment,1115.0,0,,
video::bMoENbSBSNs,bMoENbSBSNs,video,1,¿Por qué Guatemala es una República? El decreto del 21 de marzo de 1847 y Rafael Carrera,UCdHETJl6cR5dye5XxEyqycQ,El profe de Historia Gt,Education,1134.0,0,,
video::b_Hkrkl3adA,b_Hkrkl3adA,video,1,Bloqueos en Guatemala este 31 de agosto por alza en combustibles afectan rutas principales,UCEepOY2svuxbsJ-zsAPT9Fg,PrensaLibreOficial,News & Politics,5469.0,7,,
video::bg1KCMaIrRM,bg1KCMaIrRM,video,1,"¡Atención, vecinos!",UCXa6LVjBzUtmcM3cwbd9e2w,Municipalidad de Guatemala,News & Politics,1965.0,0,,
video::bzosgvntOXU,bzosgvntOXU,video,1,Municipalidad de Guatemala 05/09/2025,UCW_PHqwqCCalvQGOEsVU0jw,Concejales de Oposición - Muni Guate,People & Blogs,160.0,0,,
video::cl3Rpw9MstQ,cl3Rpw9MstQ,video,1,Municipalidad de Guatemala sigue trabajando,UCXa6LVjBzUtmcM3cwbd9e2w,Municipalidad de Guatemala,News & Politics,484.0,0,,
video::cpoiRUtF9uU,cpoiRUtF9uU,video,1,Congreso termina jornada sin acuerdos para aliviar precio de combustibles #ALAS7AM (02/09/2026),UC-GLagjBhWAZ3IOWFgzqIAw,Canal Antigua,News & Politics,117.0,0,,
video::csqia7f3OIE,csqia7f3OIE,video,1,SISTEMA CONRED Y METODOLOGÍA DE LOS 6 PASOS,UCzQX0cEQzCZ4ff9-P3gELug,Carlitos Gamboa,People & Blogs,509.0,0,,
video::d-V_Aw1t6nI,d-V_Aw1t6nI,video,1,Graduacion  de la 57 Promocion  de la Policia Nacional Civil  de Guatemala.,UCHsYnV67K3J0yJ4QeciVCww,PNCdeGuatemala,People & Blogs,1643.0,0,,
video::dJcNu9YYwh4,dJcNu9YYwh4,video,1,"Lluvias, ceniza y calor extremo: así estará el clima en Guatemala, según Insivumeh",UCEepOY2svuxbsJ-zsAPT9Fg,PrensaLibreOficial,News & Politics,1061.0,0,,
video::dLctzx8qCgA,dLctzx8qCgA,video,1,¿Cómo la CIA ALTERÓ el DESTINO de GUATEMALA para siempre?,UCYaMaLJVbMlLwpPACbxPUuQ,Alan Delmonte,Education,108616.0,0,,
video::dWhSTyhegeQ,dWhSTyhegeQ,video,1,Personal de Provial explica de empresas que verificarán implementación de limitadores de velocidad,UCrAoF9-9Vvb9_zK0t-m2Rhg,La Hora,News & Politics,341.0,0,,
video::dccwBXfxxiI,dccwBXfxxiI,video,1,¡Espacios iluminados y seguros!,UCXa6LVjBzUtmcM3cwbd9e2w,Municipalidad de Guatemala,News & Politics,38773.0,0,,
video::dsyLiSCrwcU,dsyLiSCrwcU,video,1,"3 KIEBRES ES DOLOROSO QUE EN CHIQUIMULA AÚN HAY COMUNIDADES SIN ENERGÍA ELÉCTRICA, GUATEMALA.",UCH1AYkCs1GpNK_xUwFYTsaQ,Cronos Time GT,Education,701.0,0,,
video::dvy9rQpqLWY,dvy9rQpqLWY,video,1,Conferencia de Prensa del Gobierno de Guatemala. #LaRondaGT,UC-ZtFBHzgkYFh7whZkuR_Ag,Gobierno de la República de Guatemala,Entertainment,959.0,0,,
video::dya9nbxqWXE,dya9nbxqWXE,video,1,ANDY EL MUÑEQUITO TRABAJADOR 🥴🏍🥴🤣@Soychap1n @lucilaylossinar @lilyvlogs6899,UCzwR2o8LFAgAMfO0KIcFh0A,CANALES ROBOS Y MENTIRAS 💰🧐,People & Blogs,4939.0,0,,
video::ebbgBtNrRz8,ebbgBtNrRz8,video,1,Las fuertes lluvias en Guatemala dejan al menos tres fallecidos en zonas rurales | Telemundo,UCRwA1NUcUnwsly35ikGhp0A,Noticias Telemundo,News & Politics,63249.0,0,,
video::ewdf3q1tuCA,ewdf3q1tuCA,video,1,INTERPOL Guatemala captura a mujer por prostituir a señoritas,UCVpSRoZgngfSL03Nlbjtq9A,Noti7,News & Politics,71048.0,0,,
video::fBljA_npiMs,fBljA_npiMs,video,1,Refuerzan acciones para prevenir y combatir la trata de personas,UC8u2nvyHewt-mjdWSj0HJmQ,Ministerio de Gobernación,News & Politics,36.0,0,,
video::fenMcON-DjY,fenMcON-DjY,video,1,Encendido del Fuego Patrio y Mensaje Vicepresidencial,UC-ZtFBHzgkYFh7whZkuR_Ag,Gobierno de la República de Guatemala,Entertainment,424.0,0,,
video::ffguGnMImL0,ffguGnMImL0,video,1,CIV inicia trabajos de bacheo y limpieza en las diferentes rutas del país,UCh4GjKBcqxOsL_Bt8gCCSLg,Gobierno de Guatemala,News & Politics,848.0,0,,
video::g0aCNpZaAZ8,g0aCNpZaAZ8,video,1,PMT de Guatemala es ejemplo para otros municipios,UCXa6LVjBzUtmcM3cwbd9e2w,Municipalidad de Guatemala,News & Politics,4103.0,0,,
video::gF42rhVhP8w,gF42rhVhP8w,video,1,Tenemos un gran problema con la seguridad de las construcciones en Guatemala,UCGSQ821fpPy-yXL9mUmKbBg,TanGente Podcast,Entertainment,9033.0,0,,
video::gbcggAMJczg,gbcggAMJczg,video,1,Dionel  Art s Vídeo danzando con la muerte,UCedKfsLot_SfwJrfW5OzpPg,Dionel.Art_music,People & Blogs,7.0,0,,
video::go4jAhCJS0w,go4jAhCJS0w,video,1,Así reaccionaría la guardia presidencial de la Saas en caso de una emergencia,UCEepOY2svuxbsJ-zsAPT9Fg,PrensaLibreOficial,News & Politics,7381.0,0,,
video::hGOvuWe8P3Q,hGOvuWe8P3Q,video,1,🔴ENTREGAN A NOROÑA ALITO NEGOCIA CON MONREAL PREPARAN MEGÁFONOS PORROS DEL PRIAN,UClivsn4u-h1uJkORB6PD9SQ,Vittor Blogs,News & Politics,6682.0,0,,
video::hy0mwEHr6V0,hy0mwEHr6V0,video,1,MI3 será utilizado dentro de las evaluaciones a aspirantes a PNC,UC8u2nvyHewt-mjdWSj0HJmQ,Ministerio de Gobernación,News & Politics,127595.0,0,,
video::iBX5DMQSf3s,iBX5DMQSf3s,video,1,Conmemoramos el 153 Aniversario de la Escuela Politécnica y Día del cadete.,UC-ZtFBHzgkYFh7whZkuR_Ag,Gobierno de la República de Guatemala,Entertainment,1264.0,0,,
video::iCbGedZRRE8,iCbGedZRRE8,video,1,Conferencia de Prensa del Gobierno de Guatemala. #LaRondaGT,UC-ZtFBHzgkYFh7whZkuR_Ag,Gobierno de la República de Guatemala,Entertainment,1058.0,0,,
video::iEmScdnYQdg,iEmScdnYQdg,video,1,La nueva ruta que evita El Trébol,UCmzHLdcizBNiyN5t2mEPp3A,Tráfico Sin Censura,People & Blogs,8502.0,0,,
video::iWYddxEszoM,iWYddxEszoM,video,1,#EnVivoDCA | Conferencia de prensa del Gobierno de Guatemala,UCaivrAhro2BpsJdrPe-IyRg,Diario de Centro América,News & Politics,264.0,0,,
video::iacCQ4VyWWc,iacCQ4VyWWc,video,1,"Los conservadores y los liberales, Historia de Guatemala",UC-rcR68a-aLwAnszxTG4--A,Panda 01,People & Blogs,25431.0,0,,
video::ifJFNGT4azU,ifJFNGT4azU,video,1,Podcast Guatemala Ahora Yo Se: Medidas De Seguridad Con el Lic. Ariel Yos y el Lic. Gabriel Quiñones,UC1B5-Dun1FHWae_rIJdfhow,Ahora Yose,People & Blogs,3631.0,0,,
video::is3Mk5oC19g,is3Mk5oC19g,video,1,Capturan a ladrón que había quedado grabado mientras robaba en una parroquia de Retalhuleu,UCt5Dw7ePnn0AqPqRF8Xpjkw,TN23 Guatemala,News & Politics,4616.0,7,,
video::j43HgwYFKfk,j43HgwYFKfk,video,1,La cooptación de Walter Mazariegos en la USAC,UCE4rsXcgDb6e1-a9iTbWzfg,Quorum,News & Politics,10156.0,50,,
video::j4akBH678fw,j4akBH678fw,video,1,El paso a desnivel Calzada Roosevelt lleva más conexión y mejor movilidad para la población.,UC-ZtFBHzgkYFh7whZkuR_Ag,Gobierno de la República de Guatemala,Entertainment,649.0,0,,
video::jQGvhMPMuAI,jQGvhMPMuAI,video,1,#DiálogoCentral | El clima de la semana: adiós a la canícula ¿llegan las lluvias? 🌦️,UC-GLagjBhWAZ3IOWFgzqIAw,Canal Antigua,News & Politics,214.0,0,,
video::jSw-nFh94qQ,jSw-nFh94qQ,video,1,Gobernación promueve espacios de sana convivencia,UC8u2nvyHewt-mjdWSj0HJmQ,Ministerio de Gobernación,News & Politics,59.0,0,,
video::kaZgtwqwLrI,kaZgtwqwLrI,video,1,@rumzacapait @GobiernodeGuatemala,UCgRLnesCOuua3-JgFlzdS2w,TRAYECTORIA Y EXITO CON ANABELLA CORDON,People & Blogs,74.0,0,,
video::kjwvEESqSHA,kjwvEESqSHA,video,1,¿VALE la PENA VIAJAR de GUATEMALA a  XELA en BUS?  Descúbrelo,UCDfEVbDrimcKw5lfbps915g,De todo Gt,People & Blogs,216172.0,0,,
video::l-mH80ygqFY,l-mH80ygqFY,video,1,Avances en proyectos municipales por el desarrollo y bienestar en la ciudad.,UCXa6LVjBzUtmcM3cwbd9e2w,Municipalidad de Guatemala,News & Politics,256.0,0,,
video::lAsODhYGcTE,lAsODhYGcTE,video,1,Gobierno busca a toda costa sacar a Consuelo Porras,UCzPhFkpD8lwvlX8nGpJqdUw,Noticias VR,People & Blogs,3.0,0,,
video::lNuxq8OKCpc,lNuxq8OKCpc,video,1,Lluvias convierten calles en ríos en Villa Nueva y San Miguel Petapa,UCEepOY2svuxbsJ-zsAPT9Fg,PrensaLibreOficial,News & Politics,7663.0,0,,
video::lYyGqHAL5nM,lYyGqHAL5nM,video,1,Comuna lanzó nueva imagen de la PM y PMT,UCXa6LVjBzUtmcM3cwbd9e2w,Municipalidad de Guatemala,People & Blogs,286.0,0,,
video::lj983NWyAQY,lj983NWyAQY,video,1,Plan 2032 Ciudad de Guatemala,UCXa6LVjBzUtmcM3cwbd9e2w,Municipalidad de Guatemala,News & Politics,304089.0,25,,
video::lkdwGwrJKeM,lkdwGwrJKeM,video,1,🇬🇹 ¿Es seguro VIAJAR a Guatemala? Consejos prácticos para que todo te salga bien,UCeMAsS36ZiA56ZNtS8VSuOg,Un Angel Viajando,Travel & Events,5298.0,0,,
video::mCoOL2p0il4,mCoOL2p0il4,video,1,Municipalidad de Guatemala   08/08/2025,UCW_PHqwqCCalvQGOEsVU0jw,Concejales de Oposición - Muni Guate,People & Blogs,118.0,0,,
video::mPtR2HskBTE,mPtR2HskBTE,video,1,Municipalidad de Guatemala   17/02/2025,UCW_PHqwqCCalvQGOEsVU0jw,Concejales de Oposición - Muni Guate,People & Blogs,729.0,0,,
video::mQH6bhmp_LY,mQH6bhmp_LY,video,1,Quorum: ¿Cómo investigamos la crisis del agua?,UCE4rsXcgDb6e1-a9iTbWzfg,Quorum,News & Politics,142.0,0,,
video::n31eyGuRKqo,n31eyGuRKqo,video,1,El tráfico en Guatemala nos está enfermando - TanGente Salud Mental,UCGSQ821fpPy-yXL9mUmKbBg,TanGente Podcast,People & Blogs,932.0,0,,
video::n4xHxJPNr78,n4xHxJPNr78,video,1,🚫LOS FAMOSOS BUSES ESMERALDA los mas RÁPIDOS DE GUATEMALA 😱,UCDfEVbDrimcKw5lfbps915g,De todo Gt,People & Blogs,3152619.0,0,,
video::n8iP75gIpmw,n8iP75gIpmw,video,1,Qué rico come tu diputado,UCE4rsXcgDb6e1-a9iTbWzfg,Quorum,News & Politics,11775.0,161,,
video::nKJhNH86HGE,nKJhNH86HGE,video,1,Se realiza taller de UNICEF sobre el plan de acción de la política pública contra la violencia sexua,UC8u2nvyHewt-mjdWSj0HJmQ,Ministerio de Gobernación,News & Politics,7.0,0,,
video::nPbC8-Ebat4,nPbC8-Ebat4,video,1,Pareja de sicarios capturada tras ataque armado contra piloto de autobús,UCHsYnV67K3J0yJ4QeciVCww,PNCdeGuatemala,Science & Technology,70537.0,0,,
video::ncOU7iZR5jY,ncOU7iZR5jY,video,1,Carlos Pineda y Andre Pozuelos | Seguridad II- Guatemala tiene solución | Ep. 3,UCInL6HZez6Qn8IHV8Achhxw,Carlos Pineda,People & Blogs,3279.0,0,,
video::ndAZjHqzzT8,ndAZjHqzzT8,video,1,Internet: escoger el menos malo,UCE4rsXcgDb6e1-a9iTbWzfg,Quorum,News & Politics,717.0,12,,
video::nhhXiHI4rrw,nhhXiHI4rrw,video,1,Policía Nacional Civil participa en desfile del día del Ejército. #ProtegerYServir,UCHsYnV67K3J0yJ4QeciVCww,PNCdeGuatemala,News & Politics,21534.0,0,,
video::nv6wMdQ997Q,nv6wMdQ997Q,video,1,PMT en todo,UCXa6LVjBzUtmcM3cwbd9e2w,Municipalidad de Guatemala,News & Politics,2107.0,0,,
video::pNInRBsPbHE,pNInRBsPbHE,video,1,Encuentro por el agua,UCE4rsXcgDb6e1-a9iTbWzfg,Quorum,News & Politics,185.0,0,,
video::qFsSnnRdJBg,qFsSnnRdJBg,video,1,Avanza construcción de la Estrategia Nacional de Datos Abiertos,UC8u2nvyHewt-mjdWSj0HJmQ,Ministerio de Gobernación,News & Politics,11.0,0,,
video::qrdEegnTnaY,qrdEegnTnaY,video,1,XVII Promoción de Brigadas PROVIAL,UCuKuUrmHoNaJJHE27Aac9PQ,PROVIAL-CIV,People & Blogs,416.0,0,,
video::rNpBtQXUMbE,rNpBtQXUMbE,video,1,PMT es ejemplo en Guatemala,UCXa6LVjBzUtmcM3cwbd9e2w,Municipalidad de Guatemala,News & Politics,3212.0,0,,
video::rQEb4el3Lok,rQEb4el3Lok,video,1,"Policía Nacional Civil en busca de mareros, imitadores y colaboradores de grupos delictivos",UCHsYnV67K3J0yJ4QeciVCww,PNCdeGuatemala,News & Politics,9637.0,0,,
video::rSQKmOX1Tfc,rSQKmOX1Tfc,video,1,TU VIDA VALE  PROVIAL  TIEMPO AZUL & PAOLA PÉRLOP,UCquHy3UnphbYGF62_j6W_yQ,Mosca Visión,Music,5262.0,0,,
video::rjFut_yJcr8,rjFut_yJcr8,video,1,Ministro de CIV conversó sobre los retos  actuales de la infraestructura vial en Guatemala,UC-GLagjBhWAZ3IOWFgzqIAw,Canal Antigua,News & Politics,800.0,0,,
video::s0eco-BofOs,s0eco-BofOs,video,1,¿Quiénes pagan más en Centroamérica?,UCE4rsXcgDb6e1-a9iTbWzfg,Quorum,News & Politics,220.0,1,,
video::sAPrXzrdstM,sAPrXzrdstM,video,1,Funciones del Ministerio de Gobernación,UC8u2nvyHewt-mjdWSj0HJmQ,Ministerio de Gobernación,News & Politics,8970.0,0,,
video::soZMwC0Cj18,soZMwC0Cj18,video,1,Lluvias causan inundaciones y deslizamiento en Alta Verapaz,UCEepOY2svuxbsJ-zsAPT9Fg,PrensaLibreOficial,News & Politics,1405.0,0,,
video::tEfZlrP4L5I,tEfZlrP4L5I,video,1,#EnVivoDCA | Conferencia de Prensa del Gobierno de Guatemala,UCaivrAhro2BpsJdrPe-IyRg,Diario de Centro América,News & Politics,265.0,0,,
video::tK__qZZ-H5w,tK__qZZ-H5w,video,1,Conferencia de Prensa del Gobierno de Guatemala. #LaRondaGT,UC-ZtFBHzgkYFh7whZkuR_Ag,Gobierno de la República de Guatemala,Entertainment,866.0,0,,
video::tXLhWHWGaao,tXLhWHWGaao,video,1,Breve historia política de Guatemala,UCo1g4EQqLwMO9RqEv1rCUpQ,Crónica Panamericana,People & Blogs,144134.0,0,,
video::tb6LaOWGAIo,tb6LaOWGAIo,video,1,"Guía Definitiva para viajar a Guatemala 2026 🇬🇹 Qué ver, itinerarios, precios y consejos",UC70eD0hNEwDNAfNlqfRWlGA,Welcome to el Mundo,Travel & Events,104869.0,0,,
video::tcAQGuuo_Uc,tcAQGuuo_Uc,video,1,El Ministerio de Gobernación Guatemala  brinda conferencia de prensa.,UC-ZtFBHzgkYFh7whZkuR_Ag,Gobierno de la República de Guatemala,Entertainment,2254.0,0,,
video::tg2QuZFdn4c,tg2QuZFdn4c,video,1,🔴 En Vivo |  Sesión Solemne de Consejo de Gobierno en Limón,UCLXHie0velori7_dqu8w_bQ,Presidencia de la República,News & Politics,15726.0,0,,
video::tmvTbeQNCTI,tmvTbeQNCTI,video,1,"Hoy SABRÁN Qué Grado ACADÉMICO Tenemos, Todos Son PROFESIONALES",UCTClcvXaWXGeZheUQFTQLRw,Gente de Guate,Entertainment,15482.0,0,,
video::tqcZFVSXARQ,tqcZFVSXARQ,video,1,¿Listo para decir tengo #MiPrimeraCasa? 🏠✨,UC-ZtFBHzgkYFh7whZkuR_Ag,Gobierno de la República de Guatemala,Entertainment,1373.0,0,,
video::vA6p51f14J4,vA6p51f14J4,video,1,Horarios especiales por celebraciones de fin de año,UCXa6LVjBzUtmcM3cwbd9e2w,Municipalidad de Guatemala,News & Politics,606.0,0,,
video::vCtk_0NzB3s,vCtk_0NzB3s,video,1,Clima en Guatemala esta semana: calor de hasta 39 °C y lluvias con tormentas,UCEepOY2svuxbsJ-zsAPT9Fg,PrensaLibreOficial,News & Politics,1534.0,0,,
video::vDVXM8ODuzM,vDVXM8ODuzM,video,1,#EnVivoDCA | Conferencia de Prensa del Gobierno de Guatemala,UCaivrAhro2BpsJdrPe-IyRg,Diario de Centro América,News & Politics,214.0,0,,
video::vNUiF-stTdo,vNUiF-stTdo,video,1,resumen de noticias,UCYaCfDw7q5l_S1UHjdfzODQ,INFOM TV,News & Politics,23.0,0,,
video::vp9MPfDG6AE,vp9MPfDG6AE,video,1,"Comunicado – COVIAL / Ministerio de Comunicaciones, Infraestructura y Vivienda",UCVpSRoZgngfSL03Nlbjtq9A,Noti7,News & Politics,260.0,0,,
video::vqcF9RFMOLQ,vqcF9RFMOLQ,video,1,"Ciudad de Guatemala, el mejor lugar para vivir",UCXa6LVjBzUtmcM3cwbd9e2w,Municipalidad de Guatemala,News & Politics,215.0,0,,
video::w57G_5jsqtU,w57G_5jsqtU,video,1,Tráfico intenso por regreso a clases del sector público extiende horas pico en el área metropolitana,UCEepOY2svuxbsJ-zsAPT9Fg,PrensaLibreOficial,News & Politics,625.0,0,,
video::wS6yC3yOAeA,wS6yC3yOAeA,video,1,Noticiero El Informativo. Nuestra semana de resultados.,UC-ZtFBHzgkYFh7whZkuR_Ag,Gobierno de la República de Guatemala,Entertainment,1383.0,0,,
video::wVncmfsugww,wVncmfsugww,video,1,"Spot Rendición de Cuentas, tercer cuatrimestre 2023 - 1",UCAutgrPkiLhZxTB-Ujje1fw,CIV -Ministerio de Comunicaciones,People & Blogs,15.0,0,,
video::wYZPaJdVuhE,wYZPaJdVuhE,video,1,#LaCharla ¿Quién dirigirá el sistema portuario y qué decisiones debe tomar primero?,UCDaIW3kDab95q7iCSeVAnbQ,Guatevisión,News & Politics,202.0,0,,
video::wm1f52Mvzag,wm1f52Mvzag,video,1,Gloria Álvarez: ¿Podría ser la próxima presidenta de Guatemala?,UCN5tcDI7z6vN9s3p3n_JtoQ,Jorge Ramos,News & Politics,31357.0,0,,
video::wpYwX-bGoz0,wpYwX-bGoz0,video,1,CIV prioriza proyectos con potencial para generar desarrollo en Guatemala,UCAutgrPkiLhZxTB-Ujje1fw,CIV -Ministerio de Comunicaciones,People & Blogs,468.0,0,,
video::x9TPnjUeuoo,x9TPnjUeuoo,video,1,VIDEO INSTITUCIONAL PROVIAL,UCAutgrPkiLhZxTB-Ujje1fw,CIV -Ministerio de Comunicaciones,People & Blogs,2250.0,0,,
video::xEcC_aMDhAk,xEcC_aMDhAk,video,1,MINGOB y COPADEH avanzan en la protección de personas defensoras de DDHH,UC8u2nvyHewt-mjdWSj0HJmQ,Ministerio de Gobernación,News & Politics,17.0,0,,
video::xQgP0n8hVSI,xQgP0n8hVSI,video,1,"Primero te usan, y cuando ya no les sirves te desechan.",UC8u2nvyHewt-mjdWSj0HJmQ,Ministerio de Gobernación,News & Politics,28.0,0,,
video::x_CB0ZRLQTA,x_CB0ZRLQTA,video,1,Ricardo Quiñónez paga con nuestros impuestos netcenter,UCaFyLdpZa60tkGfjOsznHSg,AlcaldexAccidente,People & Blogs,29419.0,0,,
video::y8XMbMxMF8E,y8XMbMxMF8E,video,1,"Gracias a la inteligencia, coordinación y firmeza, se dió un duro golpe al crimen organizado",UC8u2nvyHewt-mjdWSj0HJmQ,Ministerio de Gobernación,News & Politics,84.0,0,,
video::yCmBtmOm6nw,yCmBtmOm6nw,video,1,“¿DÓNDE ESTÁN?”: GOBIERNO IMPULSA MECANISMO PARA BUSCAR A DESAPARECIDOS DEL CONFLICTO ARMADO,UCgItjn_ZWFWcv1MlpKIkqgQ,IDocumenta,News & Politics,6.0,0,,
video::yLZS3JiEBg8,yLZS3JiEBg8,video,1,Arroz con pollo a la MONOPOLIO,UCE4rsXcgDb6e1-a9iTbWzfg,Quorum,News & Politics,1954.0,16,,
video::zfJlUXRSaCU,zfJlUXRSaCU,video,1,Brief Political History of Guatemala,UCo1g4EQqLwMO9RqEv1rCUpQ,Crónica Panamericana,People & Blogs,53547.0,0,,
video::zweosulrwA8,zweosulrwA8,video,1,Edén por Salud: empleo inclusivo para personas con discapacidad en Antigua | Super - Episodio 2,UCE4rsXcgDb6e1-a9iTbWzfg,Quorum,Nonprofits & Activism,52.0,1,,
video::zyA0BpEYcQU,zyA0BpEYcQU,video,1,Discusión entre conductor y jefe de la PMT,UC_Lj2naQPP8vmyDu-AEOo-w,Nuestro Mundo,People & Blogs,55349.0,0,,
author::UC-HeUTT6_g-VoiWds2a4H-w,UC-HeUTT6_g-VoiWds2a4H-w,author,0,@JorgeMunoz-gd9et,,,,,1,/@JorgeMunoz-gd9et,1.0
author::UC-Iul5tDYH_oiAMXQH-KaaQ,UC-Iul5tDYH_oiAMXQH-KaaQ,author,0,@AlbertoMancilla-p9h,,,,,1,/@AlbertoMancilla-p9h,1.0
author::UC-QOpE7GOxlXcHZ8b7HbQKA,UC-QOpE7GOxlXcHZ8b7HbQKA,author,0,@mariaalexander427,,,,,2,/@mariaalexander427,1.0
author::UC-fiZBS5Gp1eCJd9ucgWnCg,UC-fiZBS5Gp1eCJd9ucgWnCg,author,0,@Tommii.10,,,,,1,/@Tommii.10,1.0
author::UC-hfX8J5JPJ-dfuakzegMLA,UC-hfX8J5JPJ-dfuakzegMLA,author,0,@normaleticiaorozcojuarez2418,,,,,1,/@normaleticiaorozcojuarez2418,1.0
author::UC-jS_kA9w-OmpupXDx156Rg,UC-jS_kA9w-OmpupXDx156Rg,author,0,@simoncreyesc7579,,,,,1,/@simoncreyesc7579,1.0
author::UC-pNP6RMFuLg_-x7Ah_0kEA,UC-pNP6RMFuLg_-x7Ah_0kEA,author,0,@almacatalan2717,,,,,1,/@almacatalan2717,1.0
author::UC094EFEmMSdwVa8NQjjYBXg,UC094EFEmMSdwVa8NQjjYBXg,author,0,@CelestinoQuej-j7k,,,,,1,/@CelestinoQuej-j7k,1.0
author::UC0HvfEWozTHbwl_iEmJNvVA,UC0HvfEWozTHbwl_iEmJNvVA,author,0,@OttoPalencia-b7r,,,,,1,/@OttoPalencia-b7r,1.0
author::UC0RpuMwkDKJYqgKHtsJRuWQ,UC0RpuMwkDKJYqgKHtsJRuWQ,author,0,@sabinamarinaguerra3248,,,,,1,/@sabinamarinaguerra3248,1.0
author::UC0aEyakBPqcBkVJiErfSupQ,UC0aEyakBPqcBkVJiErfSupQ,author,0,@jhonymanuel9891,,,,,1,/@jhonymanuel9891,1.0
author::UC14qlobYKqD-DO0j6b75lcA,UC14qlobYKqD-DO0j6b75lcA,author,0,@megavision4488,,,,,1,/@megavision4488,1.0
author::UC1DpqK6vaPEkBOMNvypsKYg,UC1DpqK6vaPEkBOMNvypsKYg,author,0,@HectorCarranza-u4j4o,,,,,1,/@HectorCarranza-u4j4o,1.0
author::UC1NiEdJ7gk6FlDexIalWnGg,UC1NiEdJ7gk6FlDexIalWnGg,author,0,@BorisTebalán,,,,,1,/@BorisTebal%C3%A1n,1.0
author::UC1WlJfQmaIskYhP4gmWoamw,UC1WlJfQmaIskYhP4gmWoamw,author,0,@marthareiss5434,,,,,1,/@marthareiss5434,1.0
author::UC1Y7x3h0c95Z8kUhi-Tzaeg,UC1Y7x3h0c95Z8kUhi-Tzaeg,author,0,@rosadiaz9235,,,,,1,/@rosadiaz9235,1.0
author::UC1vr9aaMI2crB0NvwFHUeoQ,UC1vr9aaMI2crB0NvwFHUeoQ,author,0,@JoseSimilox-p6e,,,,,1,/@JoseSimilox-p6e,1.0
author::UC2Y_EHWQKevubk4vOEBBFxw,UC2Y_EHWQKevubk4vOEBBFxw,author,0,@alfonsomorales2653,,,,,1,/@alfonsomorales2653,1.0
author::UC2ngpd8UBQu4gcUYy0goAtg,UC2ngpd8UBQu4gcUYy0goAtg,author,0,@juliohernandez7438,,,,,1,/@juliohernandez7438,1.0
author::UC2weSE8rpqkGMOp6StYtVfg,UC2weSE8rpqkGMOp6StYtVfg,author,0,@katerynsantiago2907,,,,,1,/@katerynsantiago2907,1.0
author::UC32oozucwCF3q8d4m8fyOUg,UC32oozucwCF3q8d4m8fyOUg,author,0,@RauldejesusOlivagonzalez,,,,,1,/@RauldejesusOlivagonzalez,1.0
author::UC3E9mAgP7VoAE5mZoAexl5g,UC3E9mAgP7VoAE5mZoAexl5g,author,0,@EnnioAroche,,,,,1,/@EnnioAroche,1.0
author::UC3MYTqpQqlWBuCB7Th0e0PA,UC3MYTqpQqlWBuCB7Th0e0PA,author,0,@isaaclopez7220,,,,,1,/@isaaclopez7220,1.0
author::UC3NMzdMYryaw82kPTnsaljg,UC3NMzdMYryaw82kPTnsaljg,author,0,@marisosa7832,,,,,1,/@marisosa7832,1.0
author::UC3UVO7pTbeYvZ3ILEyRDskQ,UC3UVO7pTbeYvZ3ILEyRDskQ,author,0,@rosaelenaargueta79,,,,,1,/@rosaelenaargueta79,1.0
author::UC3XTwHxygNCgjndsg-UiCQA,UC3XTwHxygNCgjndsg-UiCQA,author,0,@marioajset4283,,,,,3,/@marioajset4283,1.0
author::UC3YpzAr7pcdKC7BVFEpYzog,UC3YpzAr7pcdKC7BVFEpYzog,author,0,@carmenfigueroa1232,,,,,1,/@carmenfigueroa1232,1.0
author::UC3iIU62XKUOWuqL8BqBzj9A,UC3iIU62XKUOWuqL8BqBzj9A,author,0,@antonioduarte2288,,,,,1,/@antonioduarte2288,1.0
author::UC3qn1yJA5PeW9rkGPatQxiw,UC3qn1yJA5PeW9rkGPatQxiw,author,0,@VICTOREST19,,,,,1,/@VICTOREST19,1.0
author::UC4Avya4kmR4Q0FrfFdBozSQ,UC4Avya4kmR4Q0FrfFdBozSQ,author,0,@davidlima1348,,,,,1,/@davidlima1348,1.0
author::UC4cXueR2bKGFJV0Fk76gwmA,UC4cXueR2bKGFJV0Fk76gwmA,author,0,@aluxdel4792,,,,,1,/@aluxdel4792,1.0
author::UC4kg7zuTfqQKLd2bkZrSYBA,UC4kg7zuTfqQKLd2bkZrSYBA,author,0,@zoilagarcia9019,,,,,1,/@zoilagarcia9019,1.0
author::UC4wq3DcbfaG6dtCqn8Oyu3w,UC4wq3DcbfaG6dtCqn8Oyu3w,author,0,@hugoasencio7764,,,,,1,/@hugoasencio7764,1.0
author::UC5H8ASmMC9WrURmzeB4ySog,UC5H8ASmMC9WrURmzeB4ySog,author,0,@ManuelEdran,,,,,5,/@ManuelEdran,1.0
author::UC5PrBbmUlQolwqmiru7yZhw,UC5PrBbmUlQolwqmiru7yZhw,author,0,@lazarochavez8269,,,,,1,/@lazarochavez8269,1.0
author::UC5PyGvSfFM--OVKmQ3COu6g,UC5PyGvSfFM--OVKmQ3COu6g,author,0,@FreddyGmez,,,,,1,/@FreddyGmez,1.0
author::UC5bG9nc_JV3FsNP2KseQiYw,UC5bG9nc_JV3FsNP2KseQiYw,author,0,@giovannirodas4836,,,,,1,/@giovannirodas4836,1.0
author::UC5fvhAfm89JH8eDFdvc0xYw,UC5fvhAfm89JH8eDFdvc0xYw,author,0,@isaidiaz2388,,,,,1,/@isaidiaz2388,1.0
author::UC5hvEnRUzI4Kfvwnyi4QxqQ,UC5hvEnRUzI4Kfvwnyi4QxqQ,author,0,@leonelsantizo5281,,,,,1,/@leonelsantizo5281,1.0
author::UC5wuDq3U3vRAhOQI3D7gNdw,UC5wuDq3U3vRAhOQI3D7gNdw,author,0,@allanreneramirezgonzalez534,,,,,1,/@allanreneramirezgonzalez534,1.0
author::UC63tFvbQ_hJhGDi2nbjssjw,UC63tFvbQ_hJhGDi2nbjssjw,author,0,@AbigailRodas-w2r,,,,,1,/@AbigailRodas-w2r,1.0
author::UC650pRT-OYzny3GwOH8Cgfw,UC650pRT-OYzny3GwOH8Cgfw,author,0,@edvinparedesherrera7632,,,,,1,/@edvinparedesherrera7632,1.0
author::UC6PvO1_k5lHKGdAPo5_C6TA,UC6PvO1_k5lHKGdAPo5_C6TA,author,0,@johnmejia992,,,,,1,/@johnmejia992,1.0
author::UC6Uj1FT5JjDSF8vudvDxPAA,UC6Uj1FT5JjDSF8vudvDxPAA,author,0,@alfredoortega9264,,,,,1,/@alfredoortega9264,1.0
author::UC6YSZqL0vEcI-niPKIMUGfw,UC6YSZqL0vEcI-niPKIMUGfw,author,0,@maxwellsales885,,,,,1,/@maxwellsales885,1.0
author::UC6xI_MOaxajIWpoP8BH6E_Q,UC6xI_MOaxajIWpoP8BH6E_Q,author,0,@jahirdiaz5862,,,,,1,/@jahirdiaz5862,1.0
author::UC72gBAtyb_VXQlYDcFrh6oQ,UC72gBAtyb_VXQlYDcFrh6oQ,author,0,@osmanmorales3012,,,,,3,/@osmanmorales3012,1.0
author::UC7IMsCxfZyWN7YQo8-JYa6Q,UC7IMsCxfZyWN7YQo8-JYa6Q,author,0,@Burgos68,,,,,2,/@Burgos68,1.0
author::UC7VUuJr9cGh845CmTvf7TlQ,UC7VUuJr9cGh845CmTvf7TlQ,author,0,@LuisCastillo-oz4df,,,,,1,/@LuisCastillo-oz4df,1.0
author::UC7dadZG7kkGYnsNu6td0FbA,UC7dadZG7kkGYnsNu6td0FbA,author,0,@lesolorzano,,,,,1,/@lesolorzano,1.0
author::UC816IGbFCZinfYS1LRDaaHg,UC816IGbFCZinfYS1LRDaaHg,author,0,@ingenieroar,,,,,1,/@ingenieroar,1.0
author::UC8F2V63KZ4ZEay6opX2hAQw,UC8F2V63KZ4ZEay6opX2hAQw,author,0,@carmenr6311,,,,,1,/@carmenr6311,1.0
author::UC8G5cJONY8L9voMyBW8Eoug,UC8G5cJONY8L9voMyBW8Eoug,author,0,@luisparedes-pw6qt,,,,,1,/@luisparedes-pw6qt,1.0
author::UC8r11yOugM2NuRfitQOxLLg,UC8r11yOugM2NuRfitQOxLLg,author,0,@cesaraugustomoralesmonroy6907,,,,,1,/@cesaraugustomoralesmonroy6907,1.0
author::UC8xlJWNHz1V_W6q3fbuQH8g,UC8xlJWNHz1V_W6q3fbuQH8g,author,0,@NormaLópez-v7e,,,,,1,/@NormaL%C3%B3pez-v7e,1.0
author::UC95PSMouTx2N5CbSq0hIyrQ,UC95PSMouTx2N5CbSq0hIyrQ,author,0,@lisss1908,,,,,1,/@lisss1908,1.0
author::UC9Wp6vL5oCU37qC3Aj94WZA,UC9Wp6vL5oCU37qC3Aj94WZA,author,0,@ManuelSanchez-b8q2z,,,,,1,/@ManuelSanchez-b8q2z,1.0
author::UC9vMq1YF-e7C-VO0SHkbUTA,UC9vMq1YF-e7C-VO0SHkbUTA,author,0,@ErvinLeonardoCarreraLatín,,,,,4,/@ErvinLeonardoCarreraLat%C3%ADn,1.0
author::UC9xr9QvIcDvoZNUX5f-jaZw,UC9xr9QvIcDvoZNUX5f-jaZw,author,0,@MariaaliciaColonmorales,,,,,1,/@MariaaliciaColonmorales,1.0
author::UCA93ym2TXs_Ibyxb4Vcn-6Q,UCA93ym2TXs_Ibyxb4Vcn-6Q,author,0,@oswaldosolis8728,,,,,1,/@oswaldosolis8728,1.0
author::UCAKuKvcbfnBD3kF5njNu-IA,UCAKuKvcbfnBD3kF5njNu-IA,author,0,@melvinlopez7096,,,,,1,/@melvinlopez7096,1.0
author::UCAV7QIjYhbDJaycQycM_0eQ,UCAV7QIjYhbDJaycQycM_0eQ,author,0,@mariavail8998,,,,,1,/@mariavail8998,1.0
author::UCAlzM_N6xBlMYmM8EBzX86Q,UCAlzM_N6xBlMYmM8EBzX86Q,author,0,@carlossoto3252,,,,,1,/@carlossoto3252,1.0
author::UCAmtbUiIrUIhikru0ZoTFig,UCAmtbUiIrUIhikru0ZoTFig,author,0,@Aura-vf6dm,,,,,1,/@Aura-vf6dm,1.0
author::UCAxvOOHQk7dYPOajzFEVtbA,UCAxvOOHQk7dYPOajzFEVtbA,author,0,@ruddydepaz322,,,,,2,/@ruddydepaz322,1.0
author::UCB5p8a5gklc80jJItP6xTHg,UCB5p8a5gklc80jJItP6xTHg,author,0,@ernestogamboa8737,,,,,1,/@ernestogamboa8737,1.0
author::UCBlm80VQ4YoV3bUJR_XhkaQ,UCBlm80VQ4YoV3bUJR_XhkaQ,author,0,@rosadiaz6945,,,,,2,/@rosadiaz6945,1.0
author::UCBtB5dIyx-C16UN8ClUD2UA,UCBtB5dIyx-C16UN8ClUD2UA,author,0,@alexmonzon4257,,,,,1,/@alexmonzon4257,1.0
author::UCCBYcToQ2dwkd6TJh0FSyDg,UCCBYcToQ2dwkd6TJh0FSyDg,author,0,@lidiarodriguez3493,,,,,1,/@lidiarodriguez3493,1.0
author::UCCUmP4PlbwgikVFpYwbtRTg,UCCUmP4PlbwgikVFpYwbtRTg,author,0,@alhvi,,,,,1,/@alhvi,1.0
author::UCCaYwkkbQGcvFoUmothVdQQ,UCCaYwkkbQGcvFoUmothVdQQ,author,0,@OsvaldoAguirre-l3i,,,,,1,/@OsvaldoAguirre-l3i,1.0
author::UCDIMztpVm7G27qBuiWuT6oQ,UCDIMztpVm7G27qBuiWuT6oQ,author,0,@lizardomorataya8274,,,,,1,/@lizardomorataya8274,1.0
author::UCDPWkUX3sNNaCx-m1dV4glA,UCDPWkUX3sNNaCx-m1dV4glA,author,0,@hectoroliva949,,,,,1,/@hectoroliva949,1.0
author::UCDQaQv0hr2SS_PO-CMEwVHg,UCDQaQv0hr2SS_PO-CMEwVHg,author,0,@federicosaquimux1933,,,,,1,/@federicosaquimux1933,1.0
author::UCDUffaruH6dyUnUGwsTKpgg,UCDUffaruH6dyUnUGwsTKpgg,author,0,@luisletona2842,,,,,1,/@luisletona2842,1.0
author::UCDftMWXQoJ6nONfY7GVOVjg,UCDftMWXQoJ6nONfY7GVOVjg,author,0,@luisgpacheco5858,,,,,1,/@luisgpacheco5858,1.0
author::UCDlr1VadSucIZgZ171pRBjQ,UCDlr1VadSucIZgZ171pRBjQ,author,0,@cuabatzjj5924,,,,,1,/@cuabatzjj5924,1.0
author::UCDrmf9y9nLgFY5wnA2hTuGA,UCDrmf9y9nLgFY5wnA2hTuGA,author,0,@laboratorio5528,,,,,1,/@laboratorio5528,1.0
author::UCEHXl4VvvVpq-_4xC5tsbhg,UCEHXl4VvvVpq-_4xC5tsbhg,author,0,@anibalg47,,,,,1,/@anibalg47,1.0
author::UCEgEQmRbtL5fwr9_DqAC--g,UCEgEQmRbtL5fwr9_DqAC--g,author,0,@ArielRodas-g5y,,,,,1,/@ArielRodas-g5y,1.0
author::UCErZPJpHmLCsXs8ZWkAUupQ,UCErZPJpHmLCsXs8ZWkAUupQ,author,0,@dorisl.garciaroche7763,,,,,1,/@dorisl.garciaroche7763,1.0
author::UCFFrEmn6lPYiWyElpfzTy5Q,UCFFrEmn6lPYiWyElpfzTy5Q,author,0,@denilsonlopez4083,,,,,1,/@denilsonlopez4083,1.0
author::UCFOxCyF926Y9eHhMeVoWLzw,UCFOxCyF926Y9eHhMeVoWLzw,author,0,@arielsarc09,,,,,1,/@arielsarc09,1.0
author::UCFUuDARXdmmIrLppEqf-rFg,UCFUuDARXdmmIrLppEqf-rFg,author,0,@allanmunoz7410,,,,,1,/@allanmunoz7410,1.0
author::UCFhxtoeARHPnXXPcDrOU3Xg,UCFhxtoeARHPnXXPcDrOU3Xg,author,0,@diegoalejandrolopezmendez205,,,,,1,/@diegoalejandrolopezmendez205,1.0
author::UCFjudnPLoaSL1BaRuLahyHg,UCFjudnPLoaSL1BaRuLahyHg,author,0,@HaroldoCastillo-rh9iw,,,,,3,/@HaroldoCastillo-rh9iw,1.0
author::UCFoIAE8k82D6AV-8gjjKaNg,UCFoIAE8k82D6AV-8gjjKaNg,author,0,@eddymunoz9789,,,,,1,/@eddymunoz9789,1.0
author::UCFxE8GbokBrBsPEKM1xrOjQ,UCFxE8GbokBrBsPEKM1xrOjQ,author,0,@JuanDavila-qd7qj,,,,,1,/@JuanDavila-qd7qj,1.0
author::UCFybmWapGvBKcQod7cPPH9w,UCFybmWapGvBKcQod7cPPH9w,author,0,@vitalianochavez8382,,,,,1,/@vitalianochavez8382,1.0
author::UCGGHbtfbbe0o68etrOf0qxw,UCGGHbtfbbe0o68etrOf0qxw,author,0,@karensussetteleonvargas9794,,,,,1,/@karensussetteleonvargas9794,1.0
author::UCGX_UbAQOXGZknv5iqklwTA,UCGX_UbAQOXGZknv5iqklwTA,author,0,@ronaldgarcia8522,,,,,1,/@ronaldgarcia8522,1.0
author::UCGZMgmM92E3njyXNe9-kjAQ,UCGZMgmM92E3njyXNe9-kjAQ,author,0,@pasionpornada,,,,,1,/@pasionpornada,1.0
author::UCGj2v6Gl5bN8NSrzJMXS-CA,UCGj2v6Gl5bN8NSrzJMXS-CA,author,0,@juliogutierrez492,,,,,1,/@juliogutierrez492,1.0
author::UCGm3gRBEHGRJYmtCryZLtDw,UCGm3gRBEHGRJYmtCryZLtDw,author,0,@JoséLopez-g6k,,,,,1,/@Jos%C3%A9Lopez-g6k,1.0
author::UCGqKxQS-z3NZzZF-2w338AA,UCGqKxQS-z3NZzZF-2w338AA,author,0,@samuelaguilar529,,,,,1,/@samuelaguilar529,1.0
author::UCGzXwyCzMzGmjmCbH3Hg01Q,UCGzXwyCzMzGmjmCbH3Hg01Q,author,0,@FidelZacarias-ph7dy,,,,,1,/@FidelZacarias-ph7dy,1.0
author::UCHGd14aYuZZShLD73dkk6mg,UCHGd14aYuZZShLD73dkk6mg,author,0,@noemiherrera3152,,,,,1,/@noemiherrera3152,1.0
author::UCHMQ_lDhibZ-XZ_3fo6oxwg,UCHMQ_lDhibZ-XZ_3fo6oxwg,author,0,@crislexrubi4387,,,,,1,/@crislexrubi4387,1.0
author::UCHTGCgY2l-DQJIvlA_cpa_Q,UCHTGCgY2l-DQJIvlA_cpa_Q,author,0,@virgiliogarcia3039,,,,,3,/@virgiliogarcia3039,2.0
author::UCHbwIx9pmQuf7i-4_xO2EpA,UCHbwIx9pmQuf7i-4_xO2EpA,author,0,@caminoseternos752,,,,,1,/@caminoseternos752,1.0
author::UCHhHUjaMAZ8SiXdCUCj9DkQ,UCHhHUjaMAZ8SiXdCUCj9DkQ,author,0,@fredymendez1786,,,,,2,/@fredymendez1786,1.0
author::UCHu8x4MVkayU6VgwVKd--MQ,UCHu8x4MVkayU6VgwVKd--MQ,author,0,@Hernandez-i1o,,,,,1,/@Hernandez-i1o,1.0
author::UCIUhbSCy3-SGRe5UtqM4fzQ,UCIUhbSCy3-SGRe5UtqM4fzQ,author,0,@jeanmorales1677,,,,,1,/@jeanmorales1677,1.0
author::UCIXLDYqR_syskKRJy_x9W9Q,UCIXLDYqR_syskKRJy_x9W9Q,author,0,@carlitosramirez4739,,,,,1,/@carlitosramirez4739,1.0
author::UCIgoiXdIKJyUGmUoH2Lxdzg,UCIgoiXdIKJyUGmUoH2Lxdzg,author,0,@susievidal4134,,,,,1,/@susievidal4134,1.0
author::UCIp19h9igblA2YKfSLPDAug,UCIp19h9igblA2YKfSLPDAug,author,0,@JoseReyes-rn6sh,,,,,1,/@JoseReyes-rn6sh,1.0
author::UCJp3OrVYcBorC94sKwdch_A,UCJp3OrVYcBorC94sKwdch_A,author,0,@ULJoshmg2011,,,,,1,/@ULJoshmg2011,1.0
author::UCJxJC56BSAX-ArD0NAb9qnQ,UCJxJC56BSAX-ArD0NAb9qnQ,author,0,@alfonsowilian9157,,,,,1,/@alfonsowilian9157,1.0
author::UCKDR0f2fu2UzWL8mBv5-BHw,UCKDR0f2fu2UzWL8mBv5-BHw,author,0,@mireyamorales6595,,,,,1,/@mireyamorales6595,1.0
author::UCKVzDUqbtdSMBcexaEtMmzQ,UCKVzDUqbtdSMBcexaEtMmzQ,author,0,@rotorairgroup8409,,,,,1,/@rotorairgroup8409,1.0
author::UCL13XhnRzbGokEkCkEOb0-g,UCL13XhnRzbGokEkCkEOb0-g,author,0,@raquelprado3643,,,,,2,/@raquelprado3643,1.0
author::UCL1MT278vSaQ83ZDkVWn1gw,UCL1MT278vSaQ83ZDkVWn1gw,author,0,@elmorodriguez6978,,,,,1,/@elmorodriguez6978,1.0
author::UCLFdHr9BEbXHkoJopbEPLZw,UCLFdHr9BEbXHkoJopbEPLZw,author,0,@kanterra4584,,,,,2,/@kanterra4584,1.0
author::UCLXYp1Cvc5DLtq5UQL5D9vw,UCLXYp1Cvc5DLtq5UQL5D9vw,author,0,@jorgecifuentes-m5g,,,,,1,/@jorgecifuentes-m5g,1.0
author::UCLggDc_a5HriXv7I1h02sOA,UCLggDc_a5HriXv7I1h02sOA,author,0,@guillermogonzalez5153,,,,,2,/@guillermogonzalez5153,1.0
author::UCLh1Kde4_vI1sTZBkTNP7RQ,UCLh1Kde4_vI1sTZBkTNP7RQ,author,0,@JoelReynoso-d4r,,,,,1,/@JoelReynoso-d4r,1.0
author::UCN2N_wYOw6fMwCeSzdXLPIw,UCN2N_wYOw6fMwCeSzdXLPIw,author,0,@danielantoniogonzalezflore4901,,,,,1,/@danielantoniogonzalezflore4901,1.0
author::UCN6qbfPSzFtjhqUDZ3Cv3CQ,UCN6qbfPSzFtjhqUDZ3Cv3CQ,author,0,@carlosmedranovelasquez6380,,,,,1,/@carlosmedranovelasquez6380,1.0
author::UCNBnKqWf4d-rS4HwJRQljmQ,UCNBnKqWf4d-rS4HwJRQljmQ,author,0,@LE_A22,,,,,2,/@LE_A22,1.0
author::UCNIeXbV_mEwpa412h1aqUWw,UCNIeXbV_mEwpa412h1aqUWw,author,0,@juandeleon9060,,,,,3,/@juandeleon9060,1.0
author::UCNiMNUJvaRJb0_QLClqwVnA,UCNiMNUJvaRJb0_QLClqwVnA,author,0,@Santiago.Nolasco,,,,,1,/@Santiago.Nolasco,1.0
author::UCNkcuy42zEwddwEcOd_HpnA,UCNkcuy42zEwddwEcOd_HpnA,author,0,@vanigomez492,,,,,1,/@vanigomez492,1.0
author::UCNpt5CQlTzNjlAKY6CJtClQ,UCNpt5CQlTzNjlAKY6CJtClQ,author,0,@eustaquiogomez9975,,,,,1,/@eustaquiogomez9975,1.0
author::UCO0zwwLWGyDgQmWPJ5Qrr1w,UCO0zwwLWGyDgQmWPJ5Qrr1w,author,0,@elsalvador3605,,,,,1,/@elsalvador3605,1.0
author::UCOARn3hnfkB7-_Rwa8Hoqcw,UCOARn3hnfkB7-_Rwa8Hoqcw,author,0,@nicelol5241,,,,,1,/@nicelol5241,1.0
author::UCOLGv5Pf6BF2wFcwUzgcvHg,UCOLGv5Pf6BF2wFcwUzgcvHg,author,0,@welfrealdana5559,,,,,2,/@welfrealdana5559,1.0
author::UCOLHH4ZpMxPYF-Q6e6wvn5A,UCOLHH4ZpMxPYF-Q6e6wvn5A,author,0,@luisroldan7374,,,,,1,/@luisroldan7374,1.0
author::UCOS8ViEkccrTZx2w2ccxotA,UCOS8ViEkccrTZx2w2ccxotA,author,0,@OscarHernandez-q8y,,,,,1,/@OscarHernandez-q8y,1.0
author::UCOY3XpD9qMCRSA8AA8c4CAw,UCOY3XpD9qMCRSA8AA8c4CAw,author,0,@franciscorodas9686,,,,,1,/@franciscorodas9686,1.0
author::UCOcUI5XkTYNMSFhZNMIPpGg,UCOcUI5XkTYNMSFhZNMIPpGg,author,0,@hendersonlopez3864,,,,,1,/@hendersonlopez3864,1.0
author::UCOh6DaZC_x9HASnlRylEMfw,UCOh6DaZC_x9HASnlRylEMfw,author,0,@AndresMedina-v1s,,,,,1,/@AndresMedina-v1s,1.0
author::UCPLW0HE3siElqCgXfgWxMqg,UCPLW0HE3siElqCgXfgWxMqg,author,0,@elizabethmonterroso7719,,,,,1,/@elizabethmonterroso7719,1.0
author::UCPNXmbOBVeC4HS-xemvcPtQ,UCPNXmbOBVeC4HS-xemvcPtQ,author,0,@BelkisRodriguezRamirez,,,,,1,/@BelkisRodriguezRamirez,1.0
author::UCPZueDLrCS4BmTBRMA4q0fA,UCPZueDLrCS4BmTBRMA4q0fA,author,0,@kevinochoa3695,,,,,1,/@kevinochoa3695,1.0
author::UCQIdKuZ-OzuFqy0KjGrgesg,UCQIdKuZ-OzuFqy0KjGrgesg,author,0,@lyacausa,,,,,1,/@lyacausa,1.0
author::UCQM2tCKRRytVDRxNUfCDqQQ,UCQM2tCKRRytVDRxNUfCDqQQ,author,0,@elioelias7267,,,,,1,/@elioelias7267,1.0
author::UCQMMuADgqWUOcJpLwHOzC-g,UCQMMuADgqWUOcJpLwHOzC-g,author,0,@Ripped-Yoda,,,,,1,/@Ripped-Yoda,1.0
author::UCQ_-LPP8JAbfkc-b1Q6NvWw,UCQ_-LPP8JAbfkc-b1Q6NvWw,author,0,@MegaKristenstewart,,,,,2,/@MegaKristenstewart,1.0
author::UCQgYjVngJRfPHDLGB5X6ZjA,UCQgYjVngJRfPHDLGB5X6ZjA,author,0,@oscarnavas9996,,,,,1,/@oscarnavas9996,1.0
author::UCQqetiwzzmRNTM5OWuXarGQ,UCQqetiwzzmRNTM5OWuXarGQ,author,0,@isaiaslopezvelasquez1539,,,,,1,/@isaiaslopezvelasquez1539,1.0
author::UCQqlPPUGqAfWjd-FSh_qn7Q,UCQqlPPUGqAfWjd-FSh_qn7Q,author,0,@estuardoargueta137,,,,,1,/@estuardoargueta137,1.0
author::UCQtICyzWmhC5woCtbNgaSmg,UCQtICyzWmhC5woCtbNgaSmg,author,0,@nestormendez6216,,,,,2,/@nestormendez6216,1.0
author::UCQtSFINs1h6GHkpg9o5kMvg,UCQtSFINs1h6GHkpg9o5kMvg,author,0,@MacarioMartinezruiz,,,,,1,/@MacarioMartinezruiz,1.0
author::UCQyOePccUP-fIJYzchAgZYw,UCQyOePccUP-fIJYzchAgZYw,author,0,@aguilar4254,,,,,1,/@aguilar4254,1.0
author::UCRAquv8el-tQ30bN7MlmySQ,UCRAquv8el-tQ30bN7MlmySQ,author,0,@iamjimalesssa,,,,,1,/@iamjimalesssa,1.0
author::UCRETAiYdh2dL5ZxB0_N1zDA,UCRETAiYdh2dL5ZxB0_N1zDA,author,0,@Joseroland21,,,,,1,/@Joseroland21,1.0
author::UCRcSR3Lvn9DZAmJpVPANfZQ,UCRcSR3Lvn9DZAmJpVPANfZQ,author,0,@WalksandSuch,,,,,1,/@WalksandSuch,1.0
author::UCRelkU8JiZBytTzebJxaa-w,UCRelkU8JiZBytTzebJxaa-w,author,0,@danyraymundo2942,,,,,1,/@danyraymundo2942,1.0
author::UCRfkkatKrNtAARnXMMYBGlA,UCRfkkatKrNtAARnXMMYBGlA,author,0,@BernerSoza-mg3vx,,,,,1,/@BernerSoza-mg3vx,1.0
author::UCRlCV9zSn7avAWh-9_XFWqQ,UCRlCV9zSn7avAWh-9_XFWqQ,author,0,@ronyarana8849,,,,,1,/@ronyarana8849,1.0
author::UCRvPToDkkumha7WJAfCDk1A,UCRvPToDkkumha7WJAfCDk1A,author,0,@ligiaguerra3057,,,,,1,/@ligiaguerra3057,1.0
author::UCRznz9-N3Qc1w-qNdLSIY2Q,UCRznz9-N3Qc1w-qNdLSIY2Q,author,0,@jimmygomez724,,,,,1,/@jimmygomez724,1.0
author::UCSTAUWVc1_82DHYeqOsqEFA,UCSTAUWVc1_82DHYeqOsqEFA,author,0,@TheAlexX_C,,,,,1,/@TheAlexX_C,1.0
author::UCSou6a2OuYGSvPjm5psquyA,UCSou6a2OuYGSvPjm5psquyA,author,0,@FranciscoRivera-sf7ne,,,,,1,/@FranciscoRivera-sf7ne,1.0
author::UCTD6q1nyIe3Y7HhqjaMj72w,UCTD6q1nyIe3Y7HhqjaMj72w,author,0,@JuanChang-r6k,,,,,1,/@JuanChang-r6k,1.0
author::UCTP3O0rMnc8z8v8jaDQwL0w,UCTP3O0rMnc8z8v8jaDQwL0w,author,0,@RobertoZelaya-x1v,,,,,1,/@RobertoZelaya-x1v,1.0
author::UCTTILH6QCIxbTnEWxwRqs1g,UCTTILH6QCIxbTnEWxwRqs1g,author,0,@3762Jorge,,,,,1,/@3762Jorge,1.0
author::UCThW2XNsAaBKme5PUt7n-Zg,UCThW2XNsAaBKme5PUt7n-Zg,author,0,@thelmamoran8565,,,,,1,/@thelmamoran8565,1.0
author::UCTwSut16JyAg3mX6LVUNGqA,UCTwSut16JyAg3mX6LVUNGqA,author,0,@SuperVictor2005,,,,,1,/@SuperVictor2005,1.0
author::UCTylKrsqkrBKIqubMu_5N0Q,UCTylKrsqkrBKIqubMu_5N0Q,author,0,@edwingeovanymarroquinmarro6684,,,,,1,/@edwingeovanymarroquinmarro6684,1.0
author::UCUIIIPTVDVHAXqhC_5V6lPA,UCUIIIPTVDVHAXqhC_5V6lPA,author,0,@gorrarota,,,,,1,/@gorrarota,1.0
author::UCUoYsrx1oZnCZ0usbBJn4fA,UCUoYsrx1oZnCZ0usbBJn4fA,author,0,@AnaDiaz-re9sq,,,,,1,/@AnaDiaz-re9sq,1.0
author::UCV0iizTBoOfdAFX_thfI9BA,UCV0iizTBoOfdAFX_thfI9BA,author,0,@BenjaminLarios-jd8nk,,,,,1,/@BenjaminLarios-jd8nk,1.0
author::UCV0lM03g5fg5pbPj97-sAtA,UCV0lM03g5fg5pbPj97-sAtA,author,0,@genarodelgado3929,,,,,1,/@genarodelgado3929,1.0
author::UCV3fr-YOixFKCZBbJP1-X4w,UCV3fr-YOixFKCZBbJP1-X4w,author,0,@albertoshernandez5251,,,,,5,/@albertoshernandez5251,1.0
author::UCVC2QugcI1G4RvlCiUqd1aQ,UCVC2QugcI1G4RvlCiUqd1aQ,author,0,@rwdm76,,,,,2,/@rwdm76,1.0
author::UCVQf0tzL7xRzFJsABVVULpg,UCVQf0tzL7xRzFJsABVVULpg,author,0,@DennisseLopetegi,,,,,1,/@DennisseLopetegi,1.0
author::UCVdjCrh4tQoX3haNAZv-n5A,UCVdjCrh4tQoX3haNAZv-n5A,author,0,@aurahernandez5646,,,,,1,/@aurahernandez5646,1.0
author::UCVhif9eV0f8plICen2DnpKA,UCVhif9eV0f8plICen2DnpKA,author,0,@blogarteplus,,,,,1,/@blogarteplus,1.0
author::UCW-JC6lebVmf2P1dmY_L94g,UCW-JC6lebVmf2P1dmY_L94g,author,0,@dinoraoroxon5771,,,,,1,/@dinoraoroxon5771,1.0
author::UCW80DaMjQlEUibC98Cot-Dg,UCW80DaMjQlEUibC98Cot-Dg,author,0,@rogeraldana4289,,,,,1,/@rogeraldana4289,1.0
author::UCWIZUtKJ636y-4TYrNvok0g,UCWIZUtKJ636y-4TYrNvok0g,author,0,@cesarandreas7824,,,,,1,/@cesarandreas7824,1.0
author::UCWWkebAekppaL5b5CNlppuw,UCWWkebAekppaL5b5CNlppuw,author,0,@ninettmartinez425,,,,,1,/@ninettmartinez425,1.0
author::UCWaRixDdpgllTBf4V0jPnKQ,UCWaRixDdpgllTBf4V0jPnKQ,author,0,@hectormaaz5523,,,,,2,/@hectormaaz5523,1.0
author::UCWoAVGVqCn4xtINCMOTM4jg,UCWoAVGVqCn4xtINCMOTM4jg,author,0,@OmarMartinez-vv8re,,,,,1,/@OmarMartinez-vv8re,1.0
author::UCWvntqPQx99k_Z_skWKqNSA,UCWvntqPQx99k_Z_skWKqNSA,author,0,@AntonioChiyal-x5s,,,,,1,/@AntonioChiyal-x5s,1.0
author::UCXN2s7DwTJm33xO-pNkAdaA,UCXN2s7DwTJm33xO-pNkAdaA,author,0,@edithsan7688,,,,,1,/@edithsan7688,1.0
author::UCXO1BBohNWXkK9SBDAG2ySg,UCXO1BBohNWXkK9SBDAG2ySg,author,0,@JBFlute92,,,,,1,/@JBFlute92,1.0
author::UCXSkL3ejZ8qWYyF_M7s_QKA,UCXSkL3ejZ8qWYyF_M7s_QKA,author,0,@JacintaTzoy,,,,,1,/@JacintaTzoy,1.0
author::UCXVLc8CmAO813ubM-fLvCDw,UCXVLc8CmAO813ubM-fLvCDw,author,0,@herminiasaquimux7565,,,,,1,/@herminiasaquimux7565,1.0
author::UCXXh7yg5KUFIWylTiKVEFKQ,UCXXh7yg5KUFIWylTiKVEFKQ,author,0,@MrDuenderojo,,,,,2,/@MrDuenderojo,1.0
author::UCXgr7vXlRrsaskPdo097kGA,UCXgr7vXlRrsaskPdo097kGA,author,0,@Rogergh-nw4oj,,,,,1,/@Rogergh-nw4oj,1.0
author::UCXl30Y_upRqbti52fmjK4YA,UCXl30Y_upRqbti52fmjK4YA,author,0,@capitanfrans,,,,,1,/@capitanfrans,1.0
author::UCXmrpc6Li0spcKxtS0Q_ptg,UCXmrpc6Li0spcKxtS0Q_ptg,author,0,@melvinperez6710,,,,,1,/@melvinperez6710,1.0
author::UCXr8_5WtGeipe4haOoQDgyQ,UCXr8_5WtGeipe4haOoQDgyQ,author,0,@amyherrera7352,,,,,1,/@amyherrera7352,1.0
author::UCY7Hq7F9Lnucf-Yr6JkHZNw,UCY7Hq7F9Lnucf-Yr6JkHZNw,author,0,@maynorcalel1442,,,,,1,/@maynorcalel1442,1.0
author::UCYN4wSQ1Sx4_LurxLlW7MPg,UCYN4wSQ1Sx4_LurxLlW7MPg,author,0,@belarminavillatoro6474,,,,,1,/@belarminavillatoro6474,1.0
author::UCYwpX26TrCxq8TvbKGRYLXA,UCYwpX26TrCxq8TvbKGRYLXA,author,0,@beneficioelcaminovillacana8540,,,,,1,/@beneficioelcaminovillacana8540,1.0
author::UCZ51R_9Q9C0c8I3pAWhtmjQ,UCZ51R_9Q9C0c8I3pAWhtmjQ,author,0,@belvettzapeta1251,,,,,1,/@belvettzapeta1251,1.0
author::UCZFQwqh90apuL8eFhvRBkUg,UCZFQwqh90apuL8eFhvRBkUg,author,0,@luisricardo9671,,,,,1,/@luisricardo9671,1.0
author::UCZIQnb1fkwe39Iw2TAu-bGA,UCZIQnb1fkwe39Iw2TAu-bGA,author,0,@jorgegomez2237,,,,,1,/@jorgegomez2237,1.0
author::UCZLG9qH0tUjNhEGFIUt0CYw,UCZLG9qH0tUjNhEGFIUt0CYw,author,0,@SoniaMarroquin-y6e,,,,,1,/@SoniaMarroquin-y6e,1.0
author::UCZOmq6MwFDVoCaEl99BRRaw,UCZOmq6MwFDVoCaEl99BRRaw,author,0,@daniloarevalo3170,,,,,1,/@daniloarevalo3170,1.0
author::UCZeIIQrGAedW8tCbKWmGY-A,UCZeIIQrGAedW8tCbKWmGY-A,author,0,@mariocordon8873,,,,,1,/@mariocordon8873,1.0
author::UCZjm6U576nX8WOiLhmMR3bw,UCZjm6U576nX8WOiLhmMR3bw,author,0,@MariaNavarroYT,,,,,1,/@MariaNavarroYT,1.0
author::UC_3xuTXvMIWU5MYP9HkJ3vQ,UC_3xuTXvMIWU5MYP9HkJ3vQ,author,0,@Historia-wm4os,,,,,1,/@Historia-wm4os,1.0
author::UC_6KbBY1bsYXz9fwFS0eQRg,UC_6KbBY1bsYXz9fwFS0eQRg,author,0,@imrcp5694,,,,,1,/@imrcp5694,1.0
author::UC_LYoGs5C3mbZKZuKuqYCvw,UC_LYoGs5C3mbZKZuKuqYCvw,author,0,@javiercifuentesarchila6041,,,,,1,/@javiercifuentesarchila6041,1.0
author::UC_NRVt2UP88ZNTwzrZ66JSg,UC_NRVt2UP88ZNTwzrZ66JSg,author,0,@aditalissethevasquezrojas8039,,,,,1,/@aditalissethevasquezrojas8039,1.0
author::UC_ljZ1hZXR9pzexFz87P5ZA,UC_ljZ1hZXR9pzexFz87P5ZA,author,0,@ChRiStOpHeR7969,,,,,1,/@ChRiStOpHeR7969,1.0
author::UCa36MjQLoPAmgJo-R3G8WQA,UCa36MjQLoPAmgJo-R3G8WQA,author,0,@elsasalguero6914,,,,,1,/@elsasalguero6914,1.0
author::UCaKAjTW9MVub_clgr4DRYjQ,UCaKAjTW9MVub_clgr4DRYjQ,author,0,@josecastillo4390,,,,,1,/@josecastillo4390,1.0
author::UCaT4saRcyqCLE657Rq2hhZQ,UCaT4saRcyqCLE657Rq2hhZQ,author,0,@elmilenial4064,,,,,1,/@elmilenial4064,1.0
author::UCaT6M2zp7X6r6Whd8Vv3kHQ,UCaT6M2zp7X6r6Whd8Vv3kHQ,author,0,@alexarcos8349,,,,,1,/@alexarcos8349,1.0
author::UCat2qkYvqmtDNEmo2PVuhXw,UCat2qkYvqmtDNEmo2PVuhXw,author,0,@DoraSalas-j5o,,,,,1,/@DoraSalas-j5o,1.0
author::UCbNanjFI51cwGqMAb2rOrBw,UCbNanjFI51cwGqMAb2rOrBw,author,0,@RosaMontesdeOca777,,,,,1,/@RosaMontesdeOca777,1.0
author::UCbYoNG5J3Au5BqtbXogfEFw,UCbYoNG5J3Au5BqtbXogfEFw,author,0,@Luis-gn3fj,,,,,1,/@Luis-gn3fj,1.0
author::UCbrtvygfRT6QXqWDNrOf-cA,UCbrtvygfRT6QXqWDNrOf-cA,author,0,@Alejandro00710,,,,,2,/@Alejandro00710,2.0
author::UCcFIBN-rtC3d3hXeuN5TfWw,UCcFIBN-rtC3d3hXeuN5TfWw,author,0,@DenisRMC,,,,,1,/@DenisRMC,1.0
author::UCc_F88PzGWtA1OPNUEASulA,UCc_F88PzGWtA1OPNUEASulA,author,0,@rockyscarlet,,,,,1,/@rockyscarlet,1.0
author::UCcfdg8crmMJwEuLUsAhV7yg,UCcfdg8crmMJwEuLUsAhV7yg,author,0,@RolandoRaguay,,,,,1,/@RolandoRaguay,1.0
author::UCdFlugHJJa4l3YqWuNRmvXw,UCdFlugHJJa4l3YqWuNRmvXw,author,0,@MarcosCarillo-b1r,,,,,2,/@MarcosCarillo-b1r,2.0
author::UCdQAuWwyC99MB7Y02Umj26Q,UCdQAuWwyC99MB7Y02Umj26Q,author,0,@miguelbran1268,,,,,1,/@miguelbran1268,1.0
author::UCe8JZoYkX5oKUZyivHYdXhw,UCe8JZoYkX5oKUZyivHYdXhw,author,0,@FernandoGarcia-jg1fj,,,,,1,/@FernandoGarcia-jg1fj,1.0
author::UCeDNEtI8_a42bZ47wJiJMwQ,UCeDNEtI8_a42bZ47wJiJMwQ,author,0,@EdgarcalderonCalderong,,,,,1,/@EdgarcalderonCalderong,1.0
author::UCeQk-WfEA-cJRq4EKeE7TOw,UCeQk-WfEA-cJRq4EKeE7TOw,author,0,@franciscojuarez9223,,,,,1,/@franciscojuarez9223,1.0
author::UCefAH1MbvADWUjE9WVcB9EQ,UCefAH1MbvADWUjE9WVcB9EQ,author,0,@jabriz8152,,,,,1,/@jabriz8152,1.0
author::UCf5lnNZF7Qrtli9v4N_23WQ,UCf5lnNZF7Qrtli9v4N_23WQ,author,0,@CarlosCortez-v5r,,,,,1,/@CarlosCortez-v5r,1.0
author::UCfM3nrxtTQMY5jFx1v1J4Gg,UCfM3nrxtTQMY5jFx1v1J4Gg,author,0,@edgarroldan5539,,,,,1,/@edgarroldan5539,1.0
author::UCfRqgt2O-vjzUDMZY_tnxQw,UCfRqgt2O-vjzUDMZY_tnxQw,author,0,@Williams-Garcia67E,,,,,1,/@Williams-Garcia67E,1.0
author::UCfXykdbSU97rj987LDUGfvg,UCfXykdbSU97rj987LDUGfvg,author,0,@MariaSantos-c8y3h,,,,,1,/@MariaSantos-c8y3h,1.0
author::UCfjhejO7LZy4doXURa7LZCQ,UCfjhejO7LZy4doXURa7LZCQ,author,0,@HonwayLee-z5g,,,,,1,/@HonwayLee-z5g,1.0
author::UCfo_yUPzy1f1POwwZxhZ06Q,UCfo_yUPzy1f1POwwZxhZ06Q,author,0,@lara11roberto,,,,,1,/@lara11roberto,1.0
author::UCg3eIfd7BrsLEqS0BLkftHA,UCg3eIfd7BrsLEqS0BLkftHA,author,0,@ErmePérez-q4s,,,,,3,/@ErmeP%C3%A9rez-q4s,1.0
author::UCgGqw4aqMdMVSGkKiMgrJRQ,UCgGqw4aqMdMVSGkKiMgrJRQ,author,0,@pattyfigueroa5609,,,,,1,/@pattyfigueroa5609,1.0
author::UCgJNFj5dnxXpcMvmuhZDPxA,UCgJNFj5dnxXpcMvmuhZDPxA,author,0,@NataliaRodriguez-rx5mr,,,,,1,/@NataliaRodriguez-rx5mr,1.0
author::UCgLrWFdYitoP-b7-PxtUr-w,UCgLrWFdYitoP-b7-PxtUr-w,author,0,@zetag,,,,,1,/@zetag,1.0
author::UCgLurCo-e019HGODcjXHWCw,UCgLurCo-e019HGODcjXHWCw,author,0,@perritojuega1,,,,,1,/@perritojuega1,1.0
author::UCgQJgI9vu1FI2dnC9mrFthw,UCgQJgI9vu1FI2dnC9mrFthw,author,0,@srms70,,,,,1,/@srms70,1.0
author::UCgQw_Sbq3ugruDUKsq1e0-A,UCgQw_Sbq3ugruDUKsq1e0-A,author,0,@marlenareano-h4t,,,,,1,/@marlenareano-h4t,1.0
author::UCgvw7xIdGFupzpt1Y_BFkEA,UCgvw7xIdGFupzpt1Y_BFkEA,author,0,@fredygarcia9151,,,,,1,/@fredygarcia9151,1.0
author::UCh5ESQvtzyHDhCA7XyekCFA,UCh5ESQvtzyHDhCA7XyekCFA,author,0,@andyB5280,,,,,3,/@andyB5280,1.0
author::UChT7pzGytNd92Nmvi-zuWog,UChT7pzGytNd92Nmvi-zuWog,author,0,@sparkvalkov,,,,,1,/@sparkvalkov,1.0
author::UChZknRmJkeGeQk0-mQuhDOg,UChZknRmJkeGeQk0-mQuhDOg,author,0,@OdilioRodríguez-c5w,,,,,1,/@OdilioRodr%C3%ADguez-c5w,1.0
author::UCheEJ5GZuIvV0fj-nXyVwXw,UCheEJ5GZuIvV0fj-nXyVwXw,author,0,@rosaoliva9389,,,,,1,/@rosaoliva9389,1.0
author::UChep9kVb5gQmpodEEl10Xlg,UChep9kVb5gQmpodEEl10Xlg,author,0,@carlosaguilar-kz7ml,,,,,1,/@carlosaguilar-kz7ml,1.0
author::UChgkn5Jt5tWKYMoEOuCjz3Q,UChgkn5Jt5tWKYMoEOuCjz3Q,author,0,@pablochitay46,,,,,1,/@pablochitay46,1.0
author::UChs3tU2BcKOT0CezykvAsGw,UChs3tU2BcKOT0CezykvAsGw,author,0,@byronpontaza,,,,,3,/@byronpontaza,1.0
author::UChyps3dqY-VY1_wLeq-2lhw,UChyps3dqY-VY1_wLeq-2lhw,author,0,@maydamorales4395,,,,,1,/@maydamorales4395,1.0
author::UCi-vPdnpQreC7BkFs40mJGA,UCi-vPdnpQreC7BkFs40mJGA,author,0,@bryansicasales4280,,,,,1,/@bryansicasales4280,1.0
author::UCi1b_TRQfgO1Z9O2gNGGWNA,UCi1b_TRQfgO1Z9O2gNGGWNA,author,0,@davidisraelesquitsaquil,,,,,2,/@davidisraelesquitsaquil,1.0
author::UCi2KiZq63sRq8Mfbcp-MelQ,UCi2KiZq63sRq8Mfbcp-MelQ,author,0,@eugeneramirez4405,,,,,6,/@eugeneramirez4405,1.0
author::UCiC-Jn7wdgyQV4_Urk0DkWQ,UCiC-Jn7wdgyQV4_Urk0DkWQ,author,0,@pedroros6358,,,,,1,/@pedroros6358,1.0
author::UCiGRBf2RNF0WRKhRVT7zFoA,UCiGRBf2RNF0WRKhRVT7zFoA,author,0,@edwinavila4876,,,,,1,/@edwinavila4876,1.0
author::UCiMythXHsw7eQEMykCdmMUA,UCiMythXHsw7eQEMykCdmMUA,author,0,@JavierBecerra-h6x,,,,,1,/@JavierBecerra-h6x,1.0
author::UCiOZX__1gahg1ypIj0_XG_w,UCiOZX__1gahg1ypIj0_XG_w,author,0,@mariogonzalezorellana8956,,,,,1,/@mariogonzalezorellana8956,1.0
author::UCipetjeiWj4CZB6EbyYziZg,UCipetjeiWj4CZB6EbyYziZg,author,0,@OseasSamayoa-ol5rz,,,,,1,/@OseasSamayoa-ol5rz,1.0
author::UCj-LL25XJnjxepPKCc3NGog,UCj-LL25XJnjxepPKCc3NGog,author,0,@anaaguirre8985,,,,,1,/@anaaguirre8985,1.0
author::UCjJf-AJKRFFWtiN-CSwkDmA,UCjJf-AJKRFFWtiN-CSwkDmA,author,0,@2jose82,,,,,1,/@2jose82,1.0
author::UCjSKM9j0Q7HLDr1hD6D-TUw,UCjSKM9j0Q7HLDr1hD6D-TUw,author,0,@josehidalgo4875,,,,,1,/@josehidalgo4875,1.0
author::UCjZgFEowMBrsjodqfovzdKw,UCjZgFEowMBrsjodqfovzdKw,author,0,@franciscoflores3120,,,,,2,/@franciscoflores3120,2.0
author::UCjmPuazZJzscrwvk0QR9RVw,UCjmPuazZJzscrwvk0QR9RVw,author,0,@mynorrodas8591,,,,,1,/@mynorrodas8591,1.0
author::UCk4O-J1BhoqPmig1KLGJePA,UCk4O-J1BhoqPmig1KLGJePA,author,0,@lazarobarillas3575,,,,,1,/@lazarobarillas3575,1.0
author::UCkVtmkK07b2zaVVNssX4lOg,UCkVtmkK07b2zaVVNssX4lOg,author,0,@HectorElias-u2l,,,,,1,/@HectorElias-u2l,1.0
author::UCkbsS_3D-pvg1iHOld9uvIg,UCkbsS_3D-pvg1iHOld9uvIg,author,0,@gonzalo6075,,,,,1,/@gonzalo6075,1.0
author::UCkd9W714-947dEE6ZOEBATA,UCkd9W714-947dEE6ZOEBATA,author,0,@ARGELIATELON,,,,,2,/@ARGELIATELON,1.0
author::UCkxdJ_yGN2gghOMo2ybQtXQ,UCkxdJ_yGN2gghOMo2ybQtXQ,author,0,@11223344An,,,,,1,/@11223344An,1.0
author::UCl0ekS9Tt0jJGtOEM18S63w,UCl0ekS9Tt0jJGtOEM18S63w,author,0,@monkchapin,,,,,1,/@monkchapin,1.0
author::UCld2stqxaVSk0QdGncM224A,UCld2stqxaVSk0QdGncM224A,author,0,@sarahernandez3873,,,,,1,/@sarahernandez3873,1.0
author::UClhMWQ7XKWywYvbRnuf8QsA,UClhMWQ7XKWywYvbRnuf8QsA,author,0,@EcPerez-zz9oh,,,,,1,/@EcPerez-zz9oh,1.0
author::UCljDbleJul41G1TzOjOZAVA,UCljDbleJul41G1TzOjOZAVA,author,0,@hectorcarranza3777,,,,,1,/@hectorcarranza3777,1.0
author::UClqA491Xa5fQcXcJJa-vTWw,UClqA491Xa5fQcXcJJa-vTWw,author,0,@AndresLemus-k2d,,,,,1,/@AndresLemus-k2d,1.0
author::UClsrFGJKWPxxw7MiaEdKLXw,UClsrFGJKWPxxw7MiaEdKLXw,author,0,@ericapaz5406,,,,,1,/@ericapaz5406,1.0
author::UCmjppp6ujz3SAnULvP3sZMw,UCmjppp6ujz3SAnULvP3sZMw,author,0,@marcomendez7509,,,,,1,/@marcomendez7509,1.0
author::UCmvOgzmmXbjUthHy-WJ52hQ,UCmvOgzmmXbjUthHy-WJ52hQ,author,0,@mariorodas593,,,,,1,/@mariorodas593,1.0
author::UCnU8wO1OurAmGstDw6VGjgQ,UCnU8wO1OurAmGstDw6VGjgQ,author,0,@cmorera21,,,,,1,/@cmorera21,1.0
author::UCoGdCoJg2Lh0OX_jv6cG16g,UCoGdCoJg2Lh0OX_jv6cG16g,author,0,@Israel-u5i7i,,,,,2,/@Israel-u5i7i,1.0
author::UColMq7LmaoY3MT6aIDGrGvA,UColMq7LmaoY3MT6aIDGrGvA,author,0,@quijotachapina1,,,,,1,/@quijotachapina1,1.0
author::UCozFYHN0e_-vlQbX3wQGOug,UCozFYHN0e_-vlQbX3wQGOug,author,0,@jesusguzman2321,,,,,1,/@jesusguzman2321,1.0
author::UCp29O_C7cchZV8IxV7Crdag,UCp29O_C7cchZV8IxV7Crdag,author,0,@robertoescobar5507,,,,,2,/@robertoescobar5507,1.0
author::UCp4iw5_5SmV9VGTFSNVGOmQ,UCp4iw5_5SmV9VGTFSNVGOmQ,author,0,@CARLOSSTREMS51,,,,,1,/@CARLOSSTREMS51,1.0
author::UCpIdtvoFHVLGASGB5ySqIEA,UCpIdtvoFHVLGASGB5ySqIEA,author,0,@VidalVillatoro-p4w,,,,,1,/@VidalVillatoro-p4w,1.0
author::UCp_dAUfv8i3LW3zWc24dLaQ,UCp_dAUfv8i3LW3zWc24dLaQ,author,0,@MarioCortez-o6v,,,,,1,/@MarioCortez-o6v,1.0
author::UCpe5jW3MIqkgTJ-PgkzvM6Q,UCpe5jW3MIqkgTJ-PgkzvM6Q,author,0,@carloslam5333,,,,,1,/@carloslam5333,1.0
author::UCpl8rF8uv_8uui-QRvuJaRA,UCpl8rF8uv_8uui-QRvuJaRA,author,0,@SergioGarcia-z9c,,,,,1,/@SergioGarcia-z9c,1.0
author::UCplrIQtaPj6au60_f2-mOYw,UCplrIQtaPj6au60_f2-mOYw,author,0,@romeolopezherrarte799,,,,,1,/@romeolopezherrarte799,1.0
author::UCpsKOkt5iWTbenzeuq7dsmQ,UCpsKOkt5iWTbenzeuq7dsmQ,author,0,@inge_vergueta,,,,,3,/@inge_vergueta,3.0
author::UCq3mDTTRZnUybct5M9OSXbg,UCq3mDTTRZnUybct5M9OSXbg,author,0,@MacoMorales-i2i2d,,,,,1,/@MacoMorales-i2i2d,1.0
author::UCqCrvuoJpC-aVb0f4logQRQ,UCqCrvuoJpC-aVb0f4logQRQ,author,0,@Lyrics_GT,,,,,1,/@Lyrics_GT,1.0
author::UCqilIa8r7iek5sGYg_q6ofA,UCqilIa8r7iek5sGYg_q6ofA,author,0,@rolandojuchuna484,,,,,1,/@rolandojuchuna484,1.0
author::UCql1n3Ey6ULMSOACjMe-fxQ,UCql1n3Ey6ULMSOACjMe-fxQ,author,0,@RolandoGonzalez-o7g,,,,,1,/@RolandoGonzalez-o7g,1.0
author::UCr1emrogPKkKTs_WTtx71xg,UCr1emrogPKkKTs_WTtx71xg,author,0,@domingopeneleu6457,,,,,1,/@domingopeneleu6457,1.0
author::UCrJn_rbo_ENAdeqneS-RmRw,UCrJn_rbo_ENAdeqneS-RmRw,author,0,@josecarrera9623,,,,,2,/@josecarrera9623,1.0
author::UCrqXyRsg-_hTosURZ-uvoKg,UCrqXyRsg-_hTosURZ-uvoKg,author,0,@flornolberto2425,,,,,1,/@flornolberto2425,1.0
author::UCsGoJEvb-cFPZ2rWoJcXzEQ,UCsGoJEvb-cFPZ2rWoJcXzEQ,author,0,@sergiohinestroza9709,,,,,1,/@sergiohinestroza9709,1.0
author::UCsJJAvrVGupdmhOqgtDp8dg,UCsJJAvrVGupdmhOqgtDp8dg,author,0,@nestorlorenzana1168,,,,,1,/@nestorlorenzana1168,1.0
author::UCsSXdJct-nsS8DsABoEsaYA,UCsSXdJct-nsS8DsABoEsaYA,author,0,@IvánPérez-j4j,,,,,1,/@Iv%C3%A1nP%C3%A9rez-j4j,1.0
author::UCsUCN0Yq_UyTvKjOJLmNrnQ,UCsUCN0Yq_UyTvKjOJLmNrnQ,author,0,@moisesvaldez4043,,,,,2,/@moisesvaldez4043,2.0
author::UCs_5qeqdku9tGAq22y3OcuQ,UCs_5qeqdku9tGAq22y3OcuQ,author,0,@alexandrevasquez4135,,,,,1,/@alexandrevasquez4135,1.0
author::UCsjs5Hp_r86x1xbK6FAeqaA,UCsjs5Hp_r86x1xbK6FAeqaA,author,0,@alvaroesquivel563,,,,,1,/@alvaroesquivel563,1.0
author::UCtCtts20bW6F9CSohau51Iw,UCtCtts20bW6F9CSohau51Iw,author,0,@carlosgranados9875,,,,,2,/@carlosgranados9875,1.0
author::UCtMBF_1O2jY2INlb_luuB_A,UCtMBF_1O2jY2INlb_luuB_A,author,0,@mynorgudiel8646,,,,,1,/@mynorgudiel8646,1.0
author::UCtNfIBnc5S5DbbQj_yxgJTw,UCtNfIBnc5S5DbbQj_yxgJTw,author,0,@JosueRamirez-ey3ih,,,,,1,/@JosueRamirez-ey3ih,1.0
author::UCtNyHmRZtvGF2hSvI2dUBWw,UCtNyHmRZtvGF2hSvI2dUBWw,author,0,@aureliomaldonado4793,,,,,2,/@aureliomaldonado4793,1.0
author::UCtUR3_CAiE7fCoZHM6cMfyQ,UCtUR3_CAiE7fCoZHM6cMfyQ,author,0,@mdelcid01,,,,,1,/@mdelcid01,1.0
author::UCtiHFjFu7d5v2XxHnKFUYig,UCtiHFjFu7d5v2XxHnKFUYig,author,0,@Paul-gf7ec,,,,,1,/@Paul-gf7ec,1.0
author::UCtowGNY2lnlg6O2CkwDgkLg,UCtowGNY2lnlg6O2CkwDgkLg,author,0,@taniagabrielacelis8434,,,,,1,/@taniagabrielacelis8434,1.0
author::UCtsxPYw8VUsH_FfnKg-0lmw,UCtsxPYw8VUsH_FfnKg-0lmw,author,0,@AlejandroPérez-b6r,,,,,1,/@AlejandroP%C3%A9rez-b6r,1.0
author::UCu8_3-Wg-YzNyvHYQDEscfw,UCu8_3-Wg-YzNyvHYQDEscfw,author,0,@RolandoCastroPérez-d7y,,,,,1,/@RolandoCastroP%C3%A9rez-d7y,1.0
author::UCuP4UK33HKtJE_S39ksmaTw,UCuP4UK33HKtJE_S39ksmaTw,author,0,@herbertaguilar1387,,,,,1,/@herbertaguilar1387,1.0
author::UCuXmOjxC-htcprLgeVXz6Tg,UCuXmOjxC-htcprLgeVXz6Tg,author,0,@jorgeaguilar-bq3uj,,,,,1,/@jorgeaguilar-bq3uj,1.0
author::UCueV9cTyTDwgQSec1x2dYgA,UCueV9cTyTDwgQSec1x2dYgA,author,0,@fredydomingo7062,,,,,1,/@fredydomingo7062,1.0
author::UCujPF2nBgsTD62nWE3lcpIg,UCujPF2nBgsTD62nWE3lcpIg,author,0,@victorarturoruanobautista7588,,,,,1,/@victorarturoruanobautista7588,1.0
author::UCusjriFsDHEc2AOjqk-p5ig,UCusjriFsDHEc2AOjqk-p5ig,author,0,@pablobarrios7931,,,,,1,/@pablobarrios7931,1.0
author::UCut6b9S98nv84cVX89PmKzA,UCut6b9S98nv84cVX89PmKzA,author,0,@yeniferaguirre4498,,,,,2,/@yeniferaguirre4498,1.0
author::UCvApqeCbLod-wejtT4CcVuA,UCvApqeCbLod-wejtT4CcVuA,author,0,@davidgaher9550,,,,,1,/@davidgaher9550,1.0
author::UCvDwJBBY1mHK70aTEYl6rsA,UCvDwJBBY1mHK70aTEYl6rsA,author,0,@cristianescobedo8296,,,,,1,/@cristianescobedo8296,1.0
author::UCvcu1kR8xMYy_I1Ty-2mV2Q,UCvcu1kR8xMYy_I1Ty-2mV2Q,author,0,@hashojea7348,,,,,4,/@hashojea7348,3.0
author::UCvl1tzQeBeGy6efPTRJXSCw,UCvl1tzQeBeGy6efPTRJXSCw,author,0,@RaulPerez-cw2vi,,,,,1,/@RaulPerez-cw2vi,1.0
author::UCwCfs-2zbD5k0lG-UVg_JBw,UCwCfs-2zbD5k0lG-UVg_JBw,author,0,@JessicaHuaz-96,,,,,1,/@JessicaHuaz-96,1.0
author::UCwEe1RKlEv1UpNWmWYfSh4w,UCwEe1RKlEv1UpNWmWYfSh4w,author,0,@marioramirez299,,,,,1,/@marioramirez299,1.0
author::UCwO2SXr0ggzwg6QWWrr01nQ,UCwO2SXr0ggzwg6QWWrr01nQ,author,0,@ricardofigueroa5720,,,,,1,/@ricardofigueroa5720,1.0
author::UCwUAv3_LpWVtTIi7lkmTL7A,UCwUAv3_LpWVtTIi7lkmTL7A,author,0,@kingr4706,,,,,1,/@kingr4706,1.0
author::UCwW2OFy95P7ZBkOPxWkpvYg,UCwW2OFy95P7ZBkOPxWkpvYg,author,0,@TeresaLucero-b5o,,,,,2,/@TeresaLucero-b5o,1.0
author::UCwgCc9Jd_gG-uLE_SY-FfPg,UCwgCc9Jd_gG-uLE_SY-FfPg,author,0,@armindapenados2841,,,,,1,/@armindapenados2841,1.0
author::UCwha8rxULYMVtNwZWeSkE1A,UCwha8rxULYMVtNwZWeSkE1A,author,0,@mariasamo8637,,,,,1,/@mariasamo8637,1.0
author::UCwjUvRseNtJoItylIyIez7Q,UCwjUvRseNtJoItylIyIez7Q,author,0,@Silviazea,,,,,1,/@Silviazea,1.0
author::UCwxoKK59nGCeBqB2sXfDBIw,UCwxoKK59nGCeBqB2sXfDBIw,author,0,@vic-bonivideos,,,,,1,/@vic-bonivideos,1.0
author::UCxKR3RA8T-kxMgq_2WWhRcQ,UCxKR3RA8T-kxMgq_2WWhRcQ,author,0,@elenaluarca9377,,,,,1,/@elenaluarca9377,1.0
author::UCxcoDvP-g2_KTZDmVZtvb3w,UCxcoDvP-g2_KTZDmVZtvb3w,author,0,@angelmartinez9523,,,,,1,/@angelmartinez9523,1.0
author::UCxff05WuyvwELNITi7bj7UA,UCxff05WuyvwELNITi7bj7UA,author,0,@markoherrera,,,,,1,/@markoherrera,1.0
author::UCxhtlxPV8AYWaNNyU6S9H8Q,UCxhtlxPV8AYWaNNyU6S9H8Q,author,0,@WilR-s8r,,,,,1,/@WilR-s8r,1.0
author::UCyJhqmMbsvjpoarBBStA2kg,UCyJhqmMbsvjpoarBBStA2kg,author,0,@Murmullodelbarrio,,,,,6,/@Murmullodelbarrio,1.0
author::UCySYJU5kUh7X8gVt9la2ISA,UCySYJU5kUh7X8gVt9la2ISA,author,0,@dantesarti4351,,,,,1,/@dantesarti4351,1.0
author::UCyW68EGZey4ao_Vf2cR5Ztg,UCyW68EGZey4ao_Vf2cR5Ztg,author,0,@ZabalaXabier,,,,,1,/@ZabalaXabier,1.0
author::UCylqlpsh8ENNM1LqgQ1KbxA,UCylqlpsh8ENNM1LqgQ1KbxA,author,0,@Jel.Awesh.M,,,,,3,/@Jel.Awesh.M,2.0
author::UCyor0Mmm0ivLX2jIdyGp84Q,UCyor0Mmm0ivLX2jIdyGp84Q,author,0,@MiguelJordan-n3g,,,,,1,/@MiguelJordan-n3g,1.0
author::UCyzf29IYjNw67gGIfsjgtxA,UCyzf29IYjNw67gGIfsjgtxA,author,0,@carlosoliva9249,,,,,1,/@carlosoliva9249,1.0
author::UCz3gu01bmjNv0DpRq-K3XYg,UCz3gu01bmjNv0DpRq-K3XYg,author,0,@eusebiovasquez4385,,,,,2,/@eusebiovasquez4385,1.0
author::UCzSfZlOVxBSs5ObD25ywxDQ,UCzSfZlOVxBSs5ObD25ywxDQ,author,0,@GilmarMaldonado-q9m,,,,,1,/@GilmarMaldonado-q9m,1.0
author::UCzZ6dDCEsLMXbc5pCFXIprw,UCzZ6dDCEsLMXbc5pCFXIprw,author,0,@josegil3813,,,,,2,/@josegil3813,2.0
author::UCzoL2l5H5eVlorWGH8AZfAg,UCzoL2l5H5eVlorWGH8AZfAg,author,0,@jor77cas,,,,,1,/@jor77cas,1.0
